999
LibreDWG 0.13.3.7848
  0
SECTION
  2
HEADER
  9
$ACADVER
  1
AC1021
  9
$ACADMAINTVER
 70
     1
  9
$DWGCODEPAGE
  3
ANSI_1252
  9
$LASTSAVEDBY
  1
Doctor computers
  9
$INSBASE
 10
0.0
 20
0.0
 30
0.0
  9
$EXTMIN
 10
-523839.7373207973
 20
-54045.80245065986
 30
-5.21E-14
  9
$EXTMAX
 10
-522651.854340115
 20
-53320.98053007576
 30
0.0
  9
$LIMMIN
 10
0.0
 20
0.0
  9
$LIMMAX
 10
12.0
 20
9.0
  9
$ORTHOMODE
 70
     0
  9
$REGENMODE
 70
     1
  9
$FILLMODE
 70
     1
  9
$QTEXTMODE
 70
     0
  9
$MIRRTEXT
 70
     0
  9
$LTSCALE
 40
1.0
  9
$ATTMODE
 70
     1
  9
$TEXTSIZE
 40
0.2
  9
$TRACEWID
 40
0.05
  9
$TEXTSTYLE
  7
Standard
  9
$CLAYER
  8
dimension
  9
$CELTYPE
  6
ByLayer
  9
$CECOLOR
 62
     0
  9
$CELTSCALE
 40
1.0
  9
$DISPSILH
 70
     0
  9
$DIMSCALE
 40
1.0
  9
$DIMASZ
 40
3.0
  9
$DIMEXO
 40
4.0
  9
$DIMDLI
 40
4.0
  9
$DIMRND
 40
0.0
  9
$DIMDLE
 40
4.0
  9
$DIMEXE
 40
4.0
  9
$DIMTP
 40
0.0
  9
$DIMTM
 40
0.0
  9
$DIMTXT
 40
6.0
  9
$DIMCEN
 40
4.0
  9
$DIMTSZ
 40
0.0
  9
$DIMTOL
 70
     0
  9
$DIMLIM
 70
     0
  9
$DIMTIH
 70
     0
  9
$DIMTOH
 70
     0
  9
$DIMSE1
 70
     0
  9
$DIMSE2
 70
     0
  9
$DIMTAD
 70
     0
  9
$DIMZIN
 70
     0
  9
$DIMBLK
  1
_ArchTick
  9
$DIMASO
 70
     1
  9
$DIMSHO
 70
     1
  9
$DIMPOST
  1

  9
$DIMAPOST
  1

  9
$DIMALT
 70
     0
  9
$DIMALTD
 70
     2
  9
$DIMALTF
 40
25.4
  9
$DIMLFAC
 40
1.0
  9
$DIMTOFL
 70
     0
  9
$DIMTVP
 40
0.0
  9
$DIMTIX
 70
     0
  9
$DIMSOXD
 70
     0
  9
$DIMSAH
 70
     0
  9
$DIMBLK1
  1

  9
$DIMBLK2
  1

  9
$DIMSTYLE
  2
1-2
  9
$DIMCLRD
 70
   256
  9
$DIMCLRE
 70
   256
  9
$DIMCLRT
 70
   256
  9
$DIMTFAC
 40
1.0
  9
$DIMGAP
 40
4.0
  9
$DIMJUST
 70
     0
  9
$DIMSD1
 70
     0
  9
$DIMSD2
 70
     0
  9
$DIMTOLJ
 70
     1
  9
$DIMTZIN
 70
     0
  9
$DIMALTZ
 70
     0
  9
$DIMALTTZ
 70
     0
  9
$DIMUPT
 70
     0
  9
$DIMDEC
 70
     1
  9
$DIMTDEC
 70
     1
  9
$DIMALTU
 70
     2
  9
$DIMALTTD
 70
     2
  9
$DIMTXSTY
  7
DIM
  9
$DIMAUNIT
 70
     0
  9
$DIMADEC
 70
     0
  9
$DIMALTRND
 40
0.0
  9
$DIMAZIN
 70
     0
  9
$DIMDSEP
 70
    46
  9
$DIMATFIT
 70
     3
  9
$DIMFRAC
 70
     0
  9
$DIMLDRBLK
  1
_ArchTick
  9
$DIMLUNIT
 70
     4
  9
$DIMLWD
 70
    -2
  9
$DIMLWE
 70
    -2
  9
$DIMTMOVE
 70
     1
  9
$DIMFXL
 40
12.0
  9
$DIMFXLON
 70
     1
  9
$DIMJOGANG
 40
0.7853981633974483
  9
$DIMTFILL
 70
     0
  9
$DIMTFILLCLR
 70
     0
  9
$DIMARCSYM
 70
     1
  9
$DIMLTYPE
  6
ByLayer
  9
$DIMLTEX1
  6
ByLayer
  9
$DIMLTEX2
  6
ByLayer
  9
$LUNITS
 70
     4
  9
$LUPREC
 70
     4
  9
$AXISMODE
 70
     0
  9
$AXISUNIT
 10
0.0
 20
0.0
  9
$SKETCHINC
 40
0.1
  9
$FILLETRAD
 40
0.0
  9
$AUNITS
 70
     0
  9
$AUPREC
 70
     0
  9
$MENU
  1
.
  9
$ELEVATION
 40
0.0
  9
$PELEVATION
 40
0.0
  9
$THICKNESS
 40
0.0
  9
$LIMCHECK
 70
     0
  9
$CHAMFERA
 40
60.0
  9
$CHAMFERB
 40
60.0
  9
$CHAMFERC
 40
0.0
  9
$CHAMFERD
 40
0.0
  9
$SKPOLY
 70
     0
  9
$TDCREATE
 40
2454546.378272480
  9
$TDUCREATE
 40
2454546.198272480
  9
$TDUPDATE
 40
2461155.789460960
  9
$TDUUPDATE
 40
2461155.609460960
  9
$TDINDWG
 40
20.142188740
  9
$TDUSRTIMER
 40
20.142188640
  9
$USRTIMER
 70
     1
  9
$ANGBASE
 50
0.0
  9
$ANGDIR
 70
     0
  9
$PDMODE
 70
     3
  9
$PDSIZE
 40
6.0
  9
$PLINEWID
 40
1.0
  9
$SPLFRAME
 70
     0
  9
$SPLINETYPE
 70
     6
  9
$SPLINESEGS
 70
     8
  9
$HANDSEED
  5
72D
  9
$SURFTAB1
 70
     6
  9
$SURFTAB2
 70
     6
  9
$SURFTYPE
 70
     6
  9
$SURFU
 70
     6
  9
$SURFV
 70
     6
  9
$UCSBASE
  2

  9
$UCSNAME
  2

  9
$UCSORG
 10
0.0
 20
0.0
 30
0.0
  9
$UCSXDIR
 10
1.0
 20
0.0
 30
0.0
  9
$UCSYDIR
 10
0.0
 20
1.0
 30
0.0
  9
$UCSORTHOREF
  2

  9
$UCSORTHOVIEW
 70
     0
  9
$UCSORGTOP
 10
0.0
 20
0.0
 30
0.0
  9
$UCSORGBOTTOM
 10
0.0
 20
0.0
 30
0.0
  9
$UCSORGLEFT
 10
0.0
 20
0.0
 30
0.0
  9
$UCSORGRIGHT
 10
0.0
 20
0.0
 30
0.0
  9
$UCSORGFRONT
 10
0.0
 20
0.0
 30
0.0
  9
$UCSORGBACK
 10
0.0
 20
0.0
 30
0.0
  9
$PUCSBASE
  2

  9
$PUCSNAME
  2

  9
$PUCSORG
 10
0.0
 20
0.0
 30
0.0
  9
$PUCSXDIR
 10
1.0
 20
0.0
 30
0.0
  9
$PUCSYDIR
 10
0.0
 20
1.0
 30
0.0
  9
$PUCSORTHOREF
  2

  9
$PUCSORTHOVIEW
 70
     0
  9
$PUCSORGTOP
 10
0.0
 20
0.0
 30
0.0
  9
$PUCSORGBOTTOM
 10
0.0
 20
0.0
 30
0.0
  9
$PUCSORGLEFT
 10
0.0
 20
0.0
 30
0.0
  9
$PUCSORGRIGHT
 10
0.0
 20
0.0
 30
0.0
  9
$PUCSORGFRONT
 10
0.0
 20
0.0
 30
0.0
  9
$PUCSORGBACK
 10
0.0
 20
0.0
 30
0.0
  9
$USERI1
 70
     0
  9
$USERI2
 70
     0
  9
$USERI3
 70
     0
  9
$USERI4
 70
     0
  9
$USERI5
 70
     0
  9
$USERR1
 40
0.0
  9
$USERR2
 40
0.0
  9
$USERR3
 40
0.0
  9
$USERR4
 40
0.0
  9
$USERR5
 40
0.0
  9
$WORLDVIEW
 70
     1
  9
$SHADEDGE
 70
     3
  9
$SHADEDIF
 70
    70
  9
$TILEMODE
 70
     1
  9
$MAXACTVP
 70
    64
  9
$PINSBASE
 10
0.0
 20
0.0
 30
0.0
  9
$PLIMCHECK
 70
     0
  9
$PEXTMIN
 10
1.049999952316284
 20
0.7999999523162842
 30
0.0
  9
$PEXTMAX
 10
9.449999570846556
 20
7.199999570846557
 30
0.0
  9
$PLIMMIN
 10
-0.2500002402958907
 20
-0.2499999962453767
  9
$PLIMMAX
 10
10.74999951940822
 20
8.249999763458732
  9
$UNITMODE
 70
     0
  9
$VISRETAIN
 70
     1
  9
$PLINEGEN
 70
     0
  9
$PSLTSCALE
 70
     1
  9
$TREEDEPTH
 70
  3020
  9
$CMLSTYLE
  2
Standard
  9
$CMLJUST
 70
     0
  9
$CMLSCALE
 40
1.0
  9
$PROXYGRAPHICS
 70
     1
  9
$MEASUREMENT
 70
     0
  9
$CELWEIGHT
370
    -1
  9
$ENDCAPS
280
     0
  9
$JOINSTYLE
280
     0
  9
$LWDISPLAY
290
     0
  9
$INSUNITS
 70
     1
  9
$HYPERLINKBASE
  1

  9
$STYLESHEET
  1
acad.ctb
  9
$XEDIT
290
     1
  9
$CEPSNTYPE
380
     0
  9
$PSTYLEMODE
290
     1
  9
$FINGERPRINTGUID
  2
{49523892-60F3-41A4-AD0C-4162525C21DF}
  9
$VERSIONGUID
  2
{7B95CE3A-35B0-4BC8-B2F3-3171143D4CC5}
  9
$EXTNAMES
290
     1
  9
$PSVPSCALE
 40
0.0
  9
$OLESTARTUP
290
     0
  9
$SORTENTS
280
   127
  9
$INDEXCTL
280
     0
  9
$HIDETEXT
280
     1
  9
$XCLIPFRAME
290
     0
  9
$HALOGAP
280
     0
  9
$OBSCOLOR
 70
   257
  9
$OBSLTYPE
280
     0
  9
$INTERSECTIONDISPLAY
280
     0
  9
$INTERSECTIONCOLOR
 70
   257
  9
$DIMASSOC
280
     2
  9
$PROJECTNAME
  1

  9
$CAMERADISPLAY
290
     0
  9
$LENSLENGTH
 40
50.0
  9
$CAMERAHEIGHT
 40
0.0
  9
$STEPSPERSEC
 40
2.0
  9
$STEPSIZE
 40
6.0
  9
$3DDWFPREC
 40
2.0
  9
$PSOLWIDTH
 40
0.25
  9
$PSOLHEIGHT
 40
4.0
  9
$LOFTANG1
 40
1.570796326794897
  9
$LOFTANG2
 40
1.570796326794897
  9
$LOFTMAG1
 40
0.0
  9
$LOFTMAG2
 40
0.0
  9
$LOFTPARAM
 70
     7
  9
$LOFTNORMALS
280
     1
  9
$LATITUDE
 40
37.795
  9
$LONGITUDE
 40
-122.394
  9
$NORTHDIRECTION
 40
0.0
  9
$TIMEZONE
 70
 -8000
  9
$LIGHTGLYPHDISPLAY
280
     1
  9
$TILEMODELIGHTSYNCH
280
     1
  9
$CMATERIAL
347
4C
  9
$SOLIDHIST
280
     1
  9
$SHOWHIST
280
     1
  9
$DWFFRAME
280
     2
  9
$DGNFRAME
280
     0
  9
$REALWORLDSCALE
290
     1
  9
$INTERFERECOLOR
 62
   256
  9
$CSHADOW
280
     0
  9
$SHADOWPLANELOCATION
 40
0.0
  0
ENDSEC
  0
SECTION
  2
CLASSES
  0
CLASS
  1
ACDBDICTIONARYWDFLT
  2
AcDbDictionaryWithDefault
  3
ObjectDBX Classes
 90
        0
 91
        1
280
     0
281
     0
  0
CLASS
  1
DICTIONARYVAR
  2
AcDbDictionaryVar
  3
ObjectDBX Classes
 90
        0
 91
        1
280
     0
281
     0
  0
CLASS
  1
DIMASSOC
  2
AcDbDimAssoc
  3
"AcDbDimAssoc|Product Desc:     AcDim ARX App For Dimension|Company:          Autodesk, Inc.|WEB Address:      www.autodesk.com"
 90
        0
 91
        9
280
     0
281
     0
  0
CLASS
  1
SORTENTSTABLE
  2
AcDbSortentsTable
  3
ObjectDBX Classes
 90
        0
 91
        3
280
     0
281
     0
  0
CLASS
  1
TABLESTYLE
  2
AcDbTableStyle
  3
ObjectDBX Classes
 90
     4095
 91
        1
280
     0
281
     0
  0
CLASS
  1
MATERIAL
  2
AcDbMaterial
  3
ObjectDBX Classes
 90
     1024
 91
        3
280
     0
281
     0
  0
CLASS
  1
VISUALSTYLE
  2
AcDbVisualStyle
  3
ObjectDBX Classes
 90
     4095
 91
       16
280
     0
281
     0
  0
CLASS
  1
SCALE
  2
AcDbScale
  3
ObjectDBX Classes
 90
     1153
 91
        0
280
     1
281
     0
  0
CLASS
  1
MLEADERSTYLE
  2
AcDbMLeaderStyle
  3
ACDB_MLEADERSTYLE_CLASS
 90
     4095
 91
        0
280
     1
281
     0
  0
CLASS
  1
CELLSTYLEMAP
  2
AcDbCellStyleMap
  3
ObjectDBX Classes
 90
     1152
 91
        2
280
     1
281
     0
  0
CLASS
  1
ACAD_EVALUATION_GRAPH
  2
AcDbEvalGraph
  3
ObjectDBX Classes
 90
     1153
 91
        0
280
     0
281
     0
  0
CLASS
  1
ACAECUSTOBJ
  2
AcAeEditorObj
  3
AcAeEditorObj
 90
     1024
 91
        0
280
     1
281
     0
  0
CLASS
  1
ACDB_DYNAMICBLOCKPURGEPREVENTER_VERSION
  2
AcDbDynamicBlockPurgePreventer
  3
ObjectDBX Classes
 90
     1153
 91
        0
280
     0
281
     0
  0
CLASS
  1
IMAGEDEF
  2
AcDbRasterImageDef
  3
ISM
 90
        0
 91
        0
280
     0
281
     0
  0
CLASS
  1
RASTERVARIABLES
  2
AcDbRasterVariables
  3
ISM
 90
        0
 91
        0
280
     0
281
     0
  0
CLASS
  1
IMAGEDEF_REACTOR
  2
AcDbRasterImageDefReactor
  3
ISM
 90
        1
 91
        0
280
     0
281
     0
  0
CLASS
  1
IMAGE
  2
AcDbRasterImage
  3
ISM
 90
     2175
 91
        0
280
     0
281
     1
  0
CLASS
  1
BLOCKPOLARPARAMETER
  2
AcDbBlockPolarParameter
  3
ObjectDBX Classes
 90
     1153
 91
        0
280
     0
281
     0
  0
CLASS
  1
BLOCKPOLARGRIP
  2
AcDbBlockPolarGrip
  3
ObjectDBX Classes
 90
     1153
 91
        0
280
     0
281
     0
  0
CLASS
  1
BLOCKGRIPLOCATIONCOMPONENT
  2
AcDbBlockGripExpr
  3
ObjectDBX Classes
 90
     1153
 91
        0
280
     0
281
     0
  0
CLASS
  1
BLOCKPOLARSTRETCHACTION
  2
AcDbBlockPolarStretchAction
  3
ObjectDBX Classes
 90
     1153
 91
        0
280
     0
281
     0
  0
CLASS
  1
BLOCKROTATIONPARAMETER
  2
AcDbBlockRotationParameter
  3
ObjectDBX Classes
 90
     1153
 91
        0
280
     0
281
     0
  0
CLASS
  1
BLOCKROTATIONGRIP
  2
AcDbBlockRotationGrip
  3
ObjectDBX Classes
 90
     1153
 91
        0
280
     0
281
     0
  0
CLASS
  1
BLOCKFLIPPARAMETER
  2
AcDbBlockFlipParameter
  3
ObjectDBX Classes
 90
     1153
 91
        0
280
     0
281
     0
  0
CLASS
  1
BLOCKFLIPGRIP
  2
AcDbBlockFlipGrip
  3
ObjectDBX Classes
 90
     1153
 91
        0
280
     0
281
     0
  0
CLASS
  1
BLOCKROTATEACTION
  2
AcDbBlockRotateAction
  3
ObjectDBX Classes
 90
     1153
 91
        0
280
     0
281
     0
  0
CLASS
  1
BLOCKFLIPACTION
  2
AcDbBlockFlipAction
  3
ObjectDBX Classes
 90
     1153
 91
        0
280
     0
281
     0
  0
CLASS
  1
ACDB_BLOCKREPRESENTATION_DATA
  2
AcDbBlockRepresentationData
  3
ObjectDBX Classes
 90
     1153
 91
        0
280
     0
281
     0
  0
CLASS
  1
ARC_DIMENSION
  2
AcDbArcDimension
  3
ObjectDBX Classes
 90
     1025
 91
        0
280
     0
281
     1
  0
CLASS
  1
EXACXREFPANELOBJECT
  2
ExAcXREFPanelObject
  3
EXAC_ESW
 90
     1025
 91
        0
280
     1
281
     0
  0
CLASS
  1
NPOCOLLECTION
  2
AcDbImpNonPersistentObjectsCollection
  3
ObjectDBX Classes
 90
     1153
 91
        0
280
     0
281
     0
  0
CLASS
  1
BLOCKVISIBILITYPARAMETER
  2
AcDbBlockVisibilityParameter
  3
ObjectDBX Classes
 90
     1153
 91
        0
280
     0
281
     0
  0
CLASS
  1
BLOCKVISIBILITYGRIP
  2
AcDbBlockVisibilityGrip
  3
ObjectDBX Classes
 90
     1153
 91
        0
280
     0
281
     0
  0
CLASS
  1
DBCOLOR
  2
AcDbColor
  3
ObjectDBX Classes
 90
        0
 91
        0
280
     0
281
     0
  0
CLASS
  1
SOLID_BACKGROUND
  2
AcDbSolidBackground
  3
SCENEOE
 90
     4095
 91
        0
280
     0
281
     0
  0
ENDSEC
  0
SECTION
  2
TABLES
  0
TABLE
  2
VPORT
  5
27
102
{ACAD_XDICTIONARY
360
2B
102
}
330
0
100
AcDbSymbolTable
 70
     1
  0
VPORT
  5
28
330
27
100
AcDbSymbolTableRecord
100
AcDbViewportTableRecord
  2
*Active
 70
     0
 10
0.0
 20
0.0
 11
1.0
 21
1.0
 12
-523265.1720986285
 22
-53685.85283078132
 13
0.0
 23
0.0
 14
0.5
 24
0.5
 15
0.5
 25
0.5
 16
0.0
 26
0.0
 36
1.0
 17
0.0
 27
0.0
 37
0.0
 40
793.467952244202
 41
2.402061855670103
 42
50.0
 43
0.0
 44
0.0
 50
0.0
 51
0.0
 71
     0
 72
  1000
 73
     1
 74
     3
 75
     0
 76
     0
 77
     0
 78
     0
281
     0
 65
     1
110
0.0
120
0.0
130
0.0
111
1.0
121
0.0
131
0.0
112
0.0
122
1.0
132
0.0
 79
     0
146
0.0
348
29
 60
     3
 61
     5
292
     1
282
     1
141
0.0
142
0.0
 63
   250
421
3258135347
  0
ENDTAB
  0
TABLE
  2
LTYPE
  5
22
330
0
100
AcDbSymbolTable
 70
     3
  0
LTYPE
  5
23
330
22
100
AcDbSymbolTableRecord
100
AcDbLinetypeTableRecord
  2
ByBlock
 70
     0
  3

 72
    65
 73
     0
 40
0.0
  0
LTYPE
  5
24
330
22
100
AcDbSymbolTableRecord
100
AcDbLinetypeTableRecord
  2
ByLayer
 70
     0
  3

 72
    65
 73
     0
 40
0.0
  0
LTYPE
  5
E
330
22
100
AcDbSymbolTableRecord
100
AcDbLinetypeTableRecord
  2
Continuous
 70
     0
  3
Solid line
 72
    65
 73
     0
 40
0.0
  0
LTYPE
  5
266
330
22
100
AcDbSymbolTableRecord
100
AcDbLinetypeTableRecord
  2
CENTER
 70
     0
  3
Center ____ _ ____ _ ____ _ ____ _ ____ _ ____
 72
    65
 73
     4
 40
2.0
 49
1.25
 74
     0
 49
-0.25
 74
     0
 49
0.25
 74
     0
 49
-0.25
 74
     0
  0
LTYPE
  5
B6
330
22
100
AcDbSymbolTableRecord
100
AcDbLinetypeTableRecord
  2
HIDDEN
 70
     0
  3
Hidden __ __ __ __ __ __ __ __ __ __ __ __ __ _
 72
    65
 73
     2
 40
0.375
 49
0.25
 74
     0
 49
-0.125
 74
     0
  0
ENDTAB
  0
TABLE
  2
LAYER
  5
19
102
{ACAD_XDICTIONARY
360
1A
102
}
330
0
100
AcDbSymbolTable
 70
    15
  0
LAYER
  5
6
102
{ACAD_XDICTIONARY
360
7
102
}
330
19
100
AcDbSymbolTableRecord
100
AcDbLayerTableRecord
  2
0
 70
     0
 62
     7
  6
Continuous
390
9
347
C
  0
LAYER
  5
50
102
{ACAD_XDICTIONARY
360
51
102
}
330
19
100
AcDbSymbolTableRecord
100
AcDbLayerTableRecord
  2
wall
 70
     0
 62
     4
  6
Continuous
370
    40
390
9
347
C
  0
LAYER
  5
FB
102
{ACAD_XDICTIONARY
360
FC
102
}
330
19
100
AcDbSymbolTableRecord
100
AcDbLayerTableRecord
  2
text
 70
     0
 62
     3
  6
Continuous
370
    -3
390
9
347
C
  0
LAYER
  5
110
330
19
100
AcDbSymbolTableRecord
100
AcDbLayerTableRecord
  2
Defpoints
 70
     0
 62
     7
  6
Continuous
290
     0
370
    -3
390
9
347
C
  0
LAYER
  5
26B
102
{ACAD_XDICTIONARY
360
26C
102
}
330
19
100
AcDbSymbolTableRecord
100
AcDbLayerTableRecord
  2
HATCH
 70
     0
 62
   251
  6
Continuous
370
     5
390
9
347
C
  0
LAYER
  5
D1
102
{ACAD_XDICTIONARY
360
D2
102
}
330
19
100
AcDbSymbolTableRecord
100
AcDbLayerTableRecord
  2
DOOR
 70
     0
 62
    45
  6
Continuous
370
     5
390
9
347
C
  0
LAYER
  5
B5
330
19
100
AcDbSymbolTableRecord
100
AcDbLayerTableRecord
  2
HATCH..
 70
     0
 62
   252
  6
Continuous
370
     5
390
9
347
C
  0
LAYER
  5
3EF
330
19
100
AcDbSymbolTableRecord
100
AcDbLayerTableRecord
  2
DIM
 70
     0
 62
     1
  6
Continuous
370
    -3
390
9
347
C
  0
LAYER
  5
98
330
19
100
AcDbSymbolTableRecord
100
AcDbLayerTableRecord
  2
WIN
 70
     0
 62
     2
  6
Continuous
370
    -3
390
9
347
C
  0
LAYER
  5
5A
102
{ACAD_XDICTIONARY
360
5B
102
}
330
19
100
AcDbSymbolTableRecord
100
AcDbLayerTableRecord
  2
A-WALL
 70
     0
 62
     4
  6
Continuous
370
    -3
390
9
347
C
1001
RAK
1000
{1/8 NOTES
1070
     0
1070
     7
1000
CONTINUOUS
1070
     1
1000
1/8 NOTES}
1000
{1/16 PLANS
1070
     0
1070
     7
1000
CONTINUOUS
1070
     1
1000
1/16 PLANS}
1000
{WORK
1070
     0
1070
     7
1000
CONTINUOUS
1000
WORK}
1000
{PLAN
1070
     0
1070
     7
1000
CONTINUOUS
1000
PLAN}
1000
{ROOF_0601
1070
     0
1070
     4
1000
CONTINUOUS
1000
ROOF_0601}
1000
{060101
1070
     0
1070
     4
1000
CONTINUOUS
1000
060101}
  0
LAYER
  5
61
102
{ACAD_XDICTIONARY
360
62
102
}
330
19
100
AcDbSymbolTableRecord
100
AcDbLayerTableRecord
  2
DET
 70
     0
 62
     1
  6
Continuous
370
    -3
390
9
347
C
  0
LAYER
  5
431
102
{ACAD_XDICTIONARY
360
432
102
}
330
19
100
AcDbSymbolTableRecord
100
AcDbLayerTableRecord
  2
TEXTS
 70
     0
 62
     2
  6
Continuous
370
    -3
390
9
347
C
  0
LAYER
  5
4E4
330
19
100
AcDbSymbolTableRecord
100
AcDbLayerTableRecord
  2
dimension
 70
     0
 62
     5
  6
Continuous
370
    40
390
9
347
C
1001
AcAecLayerStandard
1000

1000

  0
LAYER
  5
4E6
330
19
100
AcDbSymbolTableRecord
100
AcDbLayerTableRecord
  2
boundary wall
 70
     0
 62
     1
  6
Continuous
370
    40
390
9
347
C
1001
AcAecLayerStandard
1000

1000

  0
LAYER
  5
4EC
330
19
100
AcDbSymbolTableRecord
100
AcDbLayerTableRecord
  2
stair
 70
     0
 62
    10
  6
Continuous
370
    -3
390
9
347
C
1001
AcAecLayerStandard
1000

1000

  0
ENDTAB
  0
TABLE
  2
STYLE
  5
1F
330
0
100
AcDbSymbolTable
 70
     8
  0
STYLE
  5
20
330
1F
100
AcDbSymbolTableRecord
100
AcDbTextStyleTableRecord
  2
Standard
 70
     0
 40
0.0
 41
1.0
 50
0.0
 71
     0
 42
0.2
  3
arial.ttf
  4

1001
ACAD
1000
Arial
1071
       34
  0
STYLE
  5
3EA
330
1F
100
AcDbSymbolTableRecord
100
AcDbTextStyleTableRecord
  2
ARIAL
 70
     0
 40
0.0
 41
0.75
 50
0.0
 71
     0
 42
7.0
  3
arial.ttf
  4

1001
ACAD
1000
Arial
1071
       34
  0
STYLE
  5
42
330
1F
100
AcDbSymbolTableRecord
100
AcDbTextStyleTableRecord
  2
ROMANS
 70
     0
 40
0.0
 41
1.0
 50
0.0
 71
     0
 42
6.0
  3
romans
  4

  0
STYLE
  5
258
330
1F
100
AcDbSymbolTableRecord
100
AcDbTextStyleTableRecord
  2
style4
 70
     0
 40
0.0
 41
1.0
 50
0.0
 71
     0
 42
6.0
  3
swiss.ttf
  4

1001
ACAD
1000
Swis721 BT
1071
       34
  0
STYLE
  5
FE
330
1F
100
AcDbSymbolTableRecord
100
AcDbTextStyleTableRecord
  2
style1
 70
     0
 40
0.0
 41
1.0
 50
0.0
 71
     0
 42
8.0
  3
verdana.ttf
  4

1001
ACAD
1000
Verdana
1071
       34
  0
STYLE
  5
44
330
1F
100
AcDbSymbolTableRecord
100
AcDbTextStyleTableRecord
  2
DIM
 70
     0
 40
0.0
 41
0.85
 50
0.0
 71
     0
 42
0.2
  3
romans.shx
  4

  0
STYLE
  5
46
330
1F
100
AcDbSymbolTableRecord
100
AcDbTextStyleTableRecord
  2
DIM-1
 70
     0
 40
0.0
 41
1.0
 50
0.0
 71
     0
 42
12.0
  3
trebuc.ttf
  4

1001
ACAD
1000
Trebuchet MS
1071
       34
  0
STYLE
  5
3A
330
1F
100
AcDbSymbolTableRecord
100
AcDbTextStyleTableRecord
  2
times
 70
     0
 40
0.0
 41
1.0
 50
0.0
 71
     0
 42
8.0
  3
times.ttf
  4

1001
ACAD
1000
Times New Roman
1071
       18
  0
ENDTAB
  0
TABLE
  2
VIEW
  5
25
330
0
100
AcDbSymbolTable
 70
     0
  0
ENDTAB
  0
TABLE
  2
UCS
  5
26
330
0
100
AcDbSymbolTable
 70
     0
  0
ENDTAB
  0
TABLE
  2
APPID
  5
2C
330
0
100
AcDbSymbolTable
 70
    12
  0
APPID
  5
1E
330
2C
100
AcDbSymbolTableRecord
100
AcDbRegAppTableRecord
  2
ACAD
 70
     0
  0
APPID
  5
12
330
2C
100
AcDbSymbolTableRecord
100
AcDbRegAppTableRecord
  2
ACAD_PSEXT
 70
     0
  0
APPID
  5
37
330
2C
100
AcDbSymbolTableRecord
100
AcDbRegAppTableRecord
  2
ACAD_DSTYLE_DIMJOGGED_JOGANGLE_SYMBOL
 70
     0
  0
APPID
  5
5E
330
2C
100
AcDbSymbolTableRecord
100
AcDbRegAppTableRecord
  2
AcDbBlockRepETag
 70
     0
  0
APPID
  5
35
330
2C
100
AcDbSymbolTableRecord
100
AcDbRegAppTableRecord
  2
ACAD_DSTYLE_DIMJAG
 70
     0
  0
APPID
  5
36
330
2C
100
AcDbSymbolTableRecord
100
AcDbRegAppTableRecord
  2
ACAD_DSTYLE_DIMTALN
 70
     0
  0
APPID
  5
5D
330
2C
100
AcDbSymbolTableRecord
100
AcDbRegAppTableRecord
  2
RAK
 70
     0
  0
APPID
  5
47
330
2C
100
AcDbSymbolTableRecord
100
AcDbRegAppTableRecord
  2
ACAD_DSTYLE_DIMBREAK
 70
     0
  0
APPID
  5
DB
330
2C
100
AcDbSymbolTableRecord
100
AcDbRegAppTableRecord
  2
AEC_XDATA_BOUND_SPACE
 70
     0
  0
APPID
  5
449
330
2C
100
AcDbSymbolTableRecord
100
AcDbRegAppTableRecord
  2
ACAD_DSTYLE_DIMEXT_LENGTH
 70
     0
  0
APPID
  5
4E5
330
2C
100
AcDbSymbolTableRecord
100
AcDbRegAppTableRecord
  2
AcAecLayerStandard
 70
     0
  0
APPID
  5
4EB
330
2C
100
AcDbSymbolTableRecord
100
AcDbRegAppTableRecord
  2
AcLayerTools
 70
     0
  0
ENDTAB
  0
TABLE
  2
DIMSTYLE
  5
2D
330
0
100
AcDbSymbolTable
 70
     6
100
AcDbDimStyleTable
 71
     6
340
2E
340
38
340
39
340
41
340
43
340
45
  0
DIMSTYLE
105
38
330
2D
100
AcDbSymbolTableRecord
100
AcDbDimStyleTableRecord
  2
Standard
 70
     0
 41
4.0
 42
4.0
 43
4.0
 44
4.0
 49
1.0
 50
45.0
 73
     0
 74
     0
140
6.0
141
2.0
143
25.4
144
1.0
146
1.0
147
0.09
171
     2
176
-1023410175
177
-1023410175
178
-1023410173
271
     4
272
     4
273
     2
274
     2
277
     4
278
    46
279
     1
283
     1
289
     3
340
20
371
    -2
372
    -2
341
2F
342
2F
343
0
344
0
345
0
346
0
347
0
  0
DIMSTYLE
105
2E
102
{ACAD_REACTORS
330
352
330
130
330
122
330
114
330
105
330
13E
330
2F2
330
245
330
317
330
237
330
14C
330
2E2
330
300
330
2A7
330
2D4
330
2C4
330
1F8
330
20D
330
3B1
330
3C1
330
1D6
330
663
330
41E
330
410
330
402
330
33B
330
32B
102
}
330
2D
100
AcDbSymbolTableRecord
100
AcDbDimStyleTableRecord
  2
1-2
 70
     0
 41
3.0
 42
4.0
 43
4.0
 44
4.0
 46
4.0
 49
4.0
 50
45.0
 73
     0
 74
     0
140
6.0
141
4.0
143
25.4
144
1.0
146
1.0
147
4.0
171
     2
176
-1023410175
177
-1023410175
178
-1023410173
271
     1
272
     1
273
     2
274
     2
277
     4
278
    46
279
     1
283
     1
289
     3
340
20
371
    -2
372
    -2
341
2F
342
2F
343
0
344
0
345
0
346
0
347
0
1001
ACAD_DSTYLE_DIMJAG
1070
   388
1040
1.5
1001
ACAD_DSTYLE_DIMTALN
1070
   392
1070
     0
1001
ACAD_DSTYLE_DIMJOGGED_JOGANGLE_SYMBOL
1070
   384
1040
0.7853981633974483
  0
DIMSTYLE
105
43
330
2D
100
AcDbSymbolTableRecord
100
AcDbDimStyleTableRecord
  2
SCALE_1_8-S
 70
     0
 40
90.0
 41
0.03125
 49
1.0
 50
45.0
 73
     0
 74
     0
 77
     1
140
0.0625
141
-0.46875
143
25.4
144
1.0
146
0.6
147
0.03125
171
     2
172
     1
173
     1
174
     1
176
-1056964608
177
-1056964608
178
-1023410175
271
     3
272
     3
273
     4
274
     2
277
     4
278
    46
279
     2
283
     1
340
44
371
    -2
372
    -2
341
3B
342
0
343
3B
344
3B
345
0
346
0
347
0
  0
DIMSTYLE
105
45
330
2D
100
AcDbSymbolTableRecord
100
AcDbDimStyleTableRecord
  2
3
 70
     0
 40
0.3
 41
15.0
 42
6.0
 43
2.0
 44
12.0
 46
3.0
 49
12.0
 50
45.0
 73
     0
 74
     0
 77
     1
140
15.0
141
3.0
143
0.0394
144
1.0
146
0.75
147
3.0
171
     4
176
-1023410167
177
-1023410167
178
-1023410169
271
     3
272
     3
273
     8
274
     4
277
     4
278
    46
279
     1
283
     1
289
     3
340
46
371
    -1
372
    -1
341
0
342
0
343
0
344
0
345
0
346
0
347
0
1001
ACAD_DSTYLE_DIMBREAK
1070
   391
1040
0.125
1001
ACAD_DSTYLE_DIMJAG
1070
   388
1040
1.5
1001
ACAD_DSTYLE_DIMTALN
1070
   392
1070
     0
  0
DIMSTYLE
105
41
330
2D
100
AcDbSymbolTableRecord
100
AcDbDimStyleTableRecord
  2
ms-4
 70
     0
 40
64.0
 41
0.03125
 42
0.03125
 43
0.03125
 44
0.03125
 46
0.03125
 49
1.0
 50
45.0
 73
     0
 74
     0
140
0.0625
141
0.09
143
25.4
144
1.0
146
1.0
147
0.02
171
     2
176
-1056964608
177
-1056964608
178
-1023410173
271
     1
272
     1
273
     2
274
     2
277
     4
278
    46
279
     2
283
     1
289
     3
340
42
371
    -2
372
    -2
341
0
342
2F
343
0
344
0
345
0
346
0
347
0
  0
DIMSTYLE
105
39
330
2D
100
AcDbSymbolTableRecord
100
AcDbDimStyleTableRecord
  2
NAUMAN
 70
     0
 41
3.0
 42
3.0
 49
12.0
 50
45.0
 73
     0
 74
     0
140
8.0
143
25.4
144
1.0
146
1.0
147
2.0
171
     2
173
     1
174
     1
176
-1073741824
177
-1073741824
178
-1023410174
271
     1
272
     1
273
     2
274
     2
277
     4
278
    46
283
     1
340
3A
371
    -2
372
    -2
341
3B
342
0
343
3B
344
3B
345
0
346
0
347
0
1001
ACAD_DSTYLE_DIMJOGGED_JOGANGLE_SYMBOL
1070
   384
1040
0.7853981633974483
1001
ACAD_DSTYLE_DIMJAG
1070
   388
1040
1.5
1001
ACAD_DSTYLE_DIMTALN
1070
   392
1070
     0
  0
ENDTAB
  0
TABLE
  2
BLOCK_RECORD
  5
1
330
0
100
AcDbSymbolTable
 70
    59
  0
BLOCK_RECORD
  5
2
102
{ACAD_XDICTIONARY
360
3
102
}
330
1
100
AcDbSymbolTableRecord
100
AcDbBlockTableRecord
  2
*Model_Space
340
10
  0
BLOCK_RECORD
  5
13
330
1
100
AcDbSymbolTableRecord
100
AcDbBlockTableRecord
  2
*Paper_Space
340
16
  0
BLOCK_RECORD
  5
2F
102
{ACAD_XDICTIONARY
360
30
102
}
330
1
100
AcDbSymbolTableRecord
100
AcDbBlockTableRecord
  2
_ArchTick
340
0
102
{BLKREFS
331
0
331
0
331
0
331
0
331
0
331
0
331
0
331
0
331
0
331
0
331
0
331
0
331
0
331
0
331
0
331
0
331
0
331
0
331
0
331
0
331
0
331
0
331
0
331
0
331
0
331
0
331
0
331
0
331
0
331
0
331
0
331
0
331
0
331
0
331
0
331
0
331
334
331
335
331
344
331
345
331
0
331
0
331
0
331
0
331
0
331
0
331
409
331
40A
331
417
331
418
331
0
331
0
331
0
331
0
331
549
331
54A
331
5B3
331
5B4
331
5C7
331
5C8
331
5E6
331
5E7
331
5F3
331
5F4
331
600
331
601
331
60D
331
60E
331
61A
331
61B
331
628
331
629
331
634
331
635
331
641
331
642
331
64E
331
64F
331
65B
331
65C
331
676
331
677
331
69E
331
69F
331
6A8
331
6A9
331
6B2
331
6B3
331
6BC
331
6BD
331
6C6
331
6C7
331
6D0
331
6D1
331
6DA
331
6DB
331
6E4
331
6E5
331
6F2
331
6F3
331
6FD
331
6FE
331
70A
331
70B
331
718
331
719
331
725
331
726
102
}
  0
BLOCK_RECORD
  5
3B
102
{ACAD_XDICTIONARY
360
3C
102
}
330
1
100
AcDbSymbolTableRecord
100
AcDbBlockTableRecord
  2
_OBLIQUE
340
0
  0
BLOCK_RECORD
  5
D4
330
1
100
AcDbSymbolTableRecord
100
AcDbBlockTableRecord
  2
D1
340
0
102
{BLKREFS
331
D0
331
DC
331
DD
331
DE
331
1A1
331
1AA
331
382
331
401
331
42C
102
}
  0
BLOCK_RECORD
  5
3EC
330
1
100
AcDbSymbolTableRecord
100
AcDbBlockTableRecord
  2
ST
340
0
310
2800000020000000200000000100080000000000000400000000000000000000000000000000000000000000000080000080000000808000800000008000800080800000C0C0C000C0DCC000F0CAA6000020400000206000002080000020A0000020C0000020E00000400000004020000040400000406000004080000040A0
310
000040C0000040E00000600000006020000060400000606000006080000060A0000060C0000060E00000800000008020000080400000806000008080000080A0000080C0000080E00000A0000000A0200000A0400000A0600000A0800000A0A00000A0C00000A0E00000C0000000C0200000C0400000C0600000C0800000C0
310
A00000C0C00000C0E00000E0000000E0200000E0400000E0600000E0800000E0A00000E0C00000E0E00040000000400020004000400040006000400080004000A0004000C0004000E00040200000402020004020400040206000402080004020A0004020C0004020E000404000004040200040404000404060004040800040
310
40A0004040C0004040E00040600000406020004060400040606000406080004060A0004060C0004060E00040800000408020004080400040806000408080004080A0004080C0004080E00040A0000040A0200040A0400040A0600040A0800040A0A00040A0C00040A0E00040C0000040C0200040C0400040C0600040C08000
310
40C0A00040C0C00040C0E00040E0000040E0200040E0400040E0600040E0800040E0A00040E0C00040E0E00080000000800020008000400080006000800080008000A0008000C0008000E00080200000802020008020400080206000802080008020A0008020C0008020E00080400000804020008040400080406000804080
310
008040A0008040C0008040E00080600000806020008060400080606000806080008060A0008060C0008060E00080800000808020008080400080806000808080008080A0008080C0008080E00080A0000080A0200080A0400080A0600080A0800080A0A00080A0C00080A0E00080C0000080C0200080C0400080C0600080C0
310
800080C0A00080C0C00080C0E00080E0000080E0200080E0400080E0600080E0800080E0A00080E0C00080E0E000C0000000C0002000C0004000C0006000C0008000C000A000C000C000C000E000C0200000C0202000C0204000C0206000C0208000C020A000C020C000C020E000C0400000C0402000C0404000C0406000C0
310
408000C040A000C040C000C040E000C0600000C0602000C0604000C0606000C0608000C060A000C060C000C060E000C0800000C0802000C0804000C0806000C0808000C080A000C080C000C080E000C0A00000C0A02000C0A04000C0A06000C0A08000C0A0A000C0A0C000C0A0E000C0C00000C0C02000C0C04000C0C06000
310
C0C08000C0C0A000F0FBFF00A4A0A000808080000000FF0000FF000000FFFF00FF000000FF00FF00FFFF0000FFFFFF0000000000000000000000000000000000000000000000000000000000000000000000000000000000000000000000000000000000000000000000000000000000000000000000000000000000000000
310
00000000000000000000000000000000000000000000000000000000000000FAFAFA000000000000000000000000000000000000000000000000000000FAFA000000FAFA0000000000000000000000000000000000000000000000FAFA00000000000000FAFAFA000000000000000000000000000000000000FAFA00000000
310
0000000000000000FAFA00000000000000000000000000000000FA0000000000000000000000000000FA000000000000000000000000000000FA00000000000000000000000000000000FA0000000000000000000000000000FA00000000000000000000000000000000FA0000000000000000000000000000FA0000000000
310
0000000000000000000000FA0000000000000000000000000000FA00000000000000000000000000000000FA00000000000000000000000000FA000000000000000000000000000000000000FA00000000000000FAFAFAFAFAFAFAFAFAFAFAFAFAFAFAFAFAFAFAFAFAFAFAFAFAFAFAFAFAFA000000FA000000FA0000000000
310
00000000000000000000000000FA000000FA0000000000FA0000FAFA00000000000000000000000000000000FAFA0000FA00000000000000FA00FAFA00000000000000000000000000000000FAFA00FA000000000000000000FA00FA00000000000000000000000000000000FAFAFA0000000000000000000000FAFA000000
310
00000000000000000000000000FAFA00000000000000000000000000FAFA0000000000000000000000000000FAFA000000000000000000000000000000FAFA000000000000000000000000FAFA00000000000000000000000000000000FAFAFAFA0000000000000000FAFAFA000000000000000000000000000000000000FA
310
FAFAFAFA000000FAFAFAFAFA0000000000000000000000000000000000000000FAFA00FAFAFAFAFAFA00FA00000000000000000000000000000000000000000000FAFA000000000000FA000000000000000000000000000000000000000000000000FA0000000000FA00000000000000000000000000000000000000000000
310
00000000FA000000FA00000000000000000000000000000000000000000000000000000000FA00FA000000000000000000000000000000000000000000000000000000000000FA0000000000000000000000000000000000000000000000000000000000000000000000000000000000000000000000000000000000000000
310
0000000000000000000000000000000000000000000000000000000000000000000000000000000000000000000000000000000000000000
  0
BLOCK_RECORD
  5
E4
330
1
100
AcDbSymbolTableRecord
100
AcDbBlockTableRecord
  2
MD
340
0
310
2800000020000000200000000100080000000000000400000000000000000000000000000000000000000000000080000080000000808000800000008000800080800000C0C0C000C0DCC000F0CAA6000020400000206000002080000020A0000020C0000020E00000400000004020000040400000406000004080000040A0
310
000040C0000040E00000600000006020000060400000606000006080000060A0000060C0000060E00000800000008020000080400000806000008080000080A0000080C0000080E00000A0000000A0200000A0400000A0600000A0800000A0A00000A0C00000A0E00000C0000000C0200000C0400000C0600000C0800000C0
310
A00000C0C00000C0E00000E0000000E0200000E0400000E0600000E0800000E0A00000E0C00000E0E00040000000400020004000400040006000400080004000A0004000C0004000E00040200000402020004020400040206000402080004020A0004020C0004020E000404000004040200040404000404060004040800040
310
40A0004040C0004040E00040600000406020004060400040606000406080004060A0004060C0004060E00040800000408020004080400040806000408080004080A0004080C0004080E00040A0000040A0200040A0400040A0600040A0800040A0A00040A0C00040A0E00040C0000040C0200040C0400040C0600040C08000
310
40C0A00040C0C00040C0E00040E0000040E0200040E0400040E0600040E0800040E0A00040E0C00040E0E00080000000800020008000400080006000800080008000A0008000C0008000E00080200000802020008020400080206000802080008020A0008020C0008020E00080400000804020008040400080406000804080
310
008040A0008040C0008040E00080600000806020008060400080606000806080008060A0008060C0008060E00080800000808020008080400080806000808080008080A0008080C0008080E00080A0000080A0200080A0400080A0600080A0800080A0A00080A0C00080A0E00080C0000080C0200080C0400080C0600080C0
310
800080C0A00080C0C00080C0E00080E0000080E0200080E0400080E0600080E0800080E0A00080E0C00080E0E000C0000000C0002000C0004000C0006000C0008000C000A000C000C000C000E000C0200000C0202000C0204000C0206000C0208000C020A000C020C000C020E000C0400000C0402000C0404000C0406000C0
310
408000C040A000C040C000C040E000C0600000C0602000C0604000C0606000C0608000C060A000C060C000C060E000C0800000C0802000C0804000C0806000C0808000C080A000C080C000C080E000C0A00000C0A02000C0A04000C0A06000C0A08000C0A0A000C0A0C000C0A0E000C0C00000C0C02000C0C04000C0C06000
310
C0C08000C0C0A000F0FBFF00A4A0A000808080000000FF0000FF000000FFFF00FF000000FF00FF00FFFF0000FFFFFF0000000000000000000000000000000000000000000000000000000000000000000000000000000000000000000000000000000000000000000000000000000000000000000000000000000000000000
310
00000000000000000000000000000000000000000000000000000000000000000000000000000000000000000000000000000000000000000000000000000000000000000000000000000000000000000000000000000000000000000000000000000000000000000000000000000000000000000000000000000000000000
310
000000000000000000000000000000000000000000000000000000000000000000000000000000000000000000000000000000FFFFFF000000000000000000000000000000000000000000000000FFFFFF0000FFFFFF000000000000000000000000000000000000000000000000FFFFFF0000FFFFFF000000000000000000
310
000000FF0000000000000000000000FFFFFF000000FFFF000000000000000000000000FF0000000000000000000000FFFF00000000FFFF0000000000000000000000FF00FF00000000000000000000FFFF00000000FFFF0000000000000000000000FF00FF00000000000000000000FFFF00000000FFFF0000000000000000
310
0000FF0000FF00000000000000000000FFFF00000000FFFF00000000000000000000FF000000FF000000000000000000FFFF00000000FFFF000000000000000000FF00000000FF000000000000000000FFFF00000000FFFF000000000000000000FF00000000FF000000000000000000FFFF00000000FFFF00000000000000
310
00FF000000000000FF0000000000000000FFFF00000000FFFF00000000000000FFFF000000000000FFFF00000000000000FFFF00000000FFFF0000000000FFFF00000000000000000000FFFF0000000000FFFF00000000FFFF0000FFFFFF0000000000000000000000000000FFFFFF0000FFFF00000000FFFFFFFF00000000
310
00000000000000000000000000000000FFFFFFFF00000000FFFF000000000000000000000000000000000000000000000000FFFF000000000000000000000000000000000000000000000000000000000000000000000000000000000000000000000000000000000000000000000000000000000000000000000000000000
310
00000000000000000000000000000000000000000000000000000000000000000000000000000000000000000000000000000000000000000000000000000000000000000000000000000000000000000000000000000000000000000000000000000000000000000000000000000000000000000000000000000000000000
310
0000000000000000000000000000000000000000000000000000000000000000000000000000000000000000000000000000000000000000
102
{BLKREFS
331
E3
102
}
  0
BLOCK_RECORD
  5
403
330
1
100
AcDbSymbolTableRecord
100
AcDbBlockTableRecord
  2
*D20
340
0
  0
BLOCK_RECORD
  5
411
330
1
100
AcDbSymbolTableRecord
100
AcDbBlockTableRecord
  2
*D21
340
0
  0
BLOCK_RECORD
  5
32E
330
1
100
AcDbSymbolTableRecord
100
AcDbBlockTableRecord
  2
*D27
340
0
  0
BLOCK_RECORD
  5
33E
330
1
100
AcDbSymbolTableRecord
100
AcDbBlockTableRecord
  2
*D28
340
0
  0
BLOCK_RECORD
  5
479
330
1
100
AcDbSymbolTableRecord
100
AcDbBlockTableRecord
  2
*D31
340
0
  0
BLOCK_RECORD
  5
486
330
1
100
AcDbSymbolTableRecord
100
AcDbBlockTableRecord
  2
*D32
340
0
  0
BLOCK_RECORD
  5
493
330
1
100
AcDbSymbolTableRecord
100
AcDbBlockTableRecord
  2
*D33
340
0
  0
BLOCK_RECORD
  5
4A0
330
1
100
AcDbSymbolTableRecord
100
AcDbBlockTableRecord
  2
*D34
340
0
  0
BLOCK_RECORD
  5
4AD
330
1
100
AcDbSymbolTableRecord
100
AcDbBlockTableRecord
  2
*D35
340
0
  0
BLOCK_RECORD
  5
4BA
330
1
100
AcDbSymbolTableRecord
100
AcDbBlockTableRecord
  2
*D36
340
0
  0
BLOCK_RECORD
  5
4C7
330
1
100
AcDbSymbolTableRecord
100
AcDbBlockTableRecord
  2
*D37
340
0
  0
BLOCK_RECORD
  5
4D4
330
1
100
AcDbSymbolTableRecord
100
AcDbBlockTableRecord
  2
*D38
340
0
  0
BLOCK_RECORD
  5
4F1
330
1
100
AcDbSymbolTableRecord
100
AcDbBlockTableRecord
  2
*D39
340
0
  0
BLOCK_RECORD
  5
516
330
1
100
AcDbSymbolTableRecord
100
AcDbBlockTableRecord
  2
*D40
340
0
  0
BLOCK_RECORD
  5
581
330
1
100
AcDbSymbolTableRecord
100
AcDbBlockTableRecord
  2
*D42
340
0
  0
BLOCK_RECORD
  5
5A2
330
1
100
AcDbSymbolTableRecord
100
AcDbBlockTableRecord
  2
*D43
340
0
  0
BLOCK_RECORD
  5
5E1
330
1
100
AcDbSymbolTableRecord
100
AcDbBlockTableRecord
  2
*D44
340
0
  0
BLOCK_RECORD
  5
5EE
330
1
100
AcDbSymbolTableRecord
100
AcDbBlockTableRecord
  2
*D45
340
0
  0
BLOCK_RECORD
  5
5FB
330
1
100
AcDbSymbolTableRecord
100
AcDbBlockTableRecord
  2
*D46
340
0
  0
BLOCK_RECORD
  5
608
330
1
100
AcDbSymbolTableRecord
100
AcDbBlockTableRecord
  2
*D47
340
0
  0
BLOCK_RECORD
  5
615
330
1
100
AcDbSymbolTableRecord
100
AcDbBlockTableRecord
  2
*D48
340
0
  0
BLOCK_RECORD
  5
622
330
1
100
AcDbSymbolTableRecord
100
AcDbBlockTableRecord
  2
*D49
340
0
  0
BLOCK_RECORD
  5
62F
330
1
100
AcDbSymbolTableRecord
100
AcDbBlockTableRecord
  2
*D50
340
0
  0
BLOCK_RECORD
  5
63C
330
1
100
AcDbSymbolTableRecord
100
AcDbBlockTableRecord
  2
*D51
340
0
  0
BLOCK_RECORD
  5
649
330
1
100
AcDbSymbolTableRecord
100
AcDbBlockTableRecord
  2
*D52
340
0
  0
BLOCK_RECORD
  5
656
330
1
100
AcDbSymbolTableRecord
100
AcDbBlockTableRecord
  2
*D53
340
0
  0
BLOCK_RECORD
  5
664
330
1
100
AcDbSymbolTableRecord
100
AcDbBlockTableRecord
  2
*D54
340
0
  0
BLOCK_RECORD
  5
6F8
330
1
100
AcDbSymbolTableRecord
100
AcDbBlockTableRecord
  2
*D55
340
0
  0
BLOCK_RECORD
  5
705
330
1
100
AcDbSymbolTableRecord
100
AcDbBlockTableRecord
  2
*D56
340
0
  0
BLOCK_RECORD
  5
713
330
1
100
AcDbSymbolTableRecord
100
AcDbBlockTableRecord
  2
*D57
340
0
  0
BLOCK_RECORD
  5
720
330
1
100
AcDbSymbolTableRecord
100
AcDbBlockTableRecord
  2
*D58
340
0
  0
ENDTAB
  0
ENDSEC
  0
SECTION
  2
BLOCKS
  0
BLOCK
  5
5
330
2
100
AcDbEntity
  8
0
100
AcDbBlockBegin
  2
*Model_Space
 70
     0
 10
0.0
 20
0.0
 30
0.0
  3
*Model_Space
  1

  0
ENDBLK
  5
F
330
2
100
AcDbEntity
  8
0
100
AcDbBlockEnd
  0
BLOCK
  5
14
330
13
100
AcDbEntity
 67
     1
  8
0
100
AcDbBlockBegin
  2
*Paper_Space
 70
     0
 10
0.0
 20
0.0
 30
0.0
  3
*Paper_Space
  1

  0
ENDBLK
  5
15
330
13
100
AcDbEntity
 67
     1
  8
0
100
AcDbBlockEnd
  0
BLOCK
  5
32
330
2F
100
AcDbEntity
  8
0
100
AcDbBlockBegin
  2
_ArchTick
 70
     0
 10
0.0
 20
0.0
 30
0.0
  3
_ArchTick
  1

  0
LWPOLYLINE
  5
33
330
2F
100
AcDbEntity
  8
0
  6
ByBlock
 62
     0
100
AcDbPolyline
 90
        2
 70
     0
 43
0.15
 43
0.15
 10
-0.5
 20
-0.5
 10
0.5
 20
0.5
  0
ENDBLK
  5
34
330
2F
100
AcDbEntity
  8
0
100
AcDbBlockEnd
  0
BLOCK
  5
3E
330
3B
100
AcDbEntity
  8
0
100
AcDbBlockBegin
  2
_OBLIQUE
 70
     0
 10
0.0
 20
0.0
 30
0.0
  3
_OBLIQUE
  1

  0
LINE
  5
3F
330
3B
100
AcDbEntity
  8
0
  6
ByBlock
 62
     0
100
AcDbLine
 10
-0.5
 20
-0.5
 30
0.0
 11
0.5
 21
0.5
 31
0.0
  0
ENDBLK
  5
40
330
3B
100
AcDbEntity
  8
0
100
AcDbBlockEnd
  0
BLOCK
  5
D5
330
D4
100
AcDbEntity
  8
0
100
AcDbBlockBegin
  2
D1
 70
     0
 10
0.0
 20
0.0
 30
0.0
  3
D1
  1

  0
ARC
  5
D6
330
D4
100
AcDbEntity
  8
0
100
AcDbCircle
 10
1.5
 20
1.875
 30
0.0
 40
39.0
100
AcDbArc
 50
7.01958357432378E-15
 51
88.15018985807711
  0
LWPOLYLINE
  5
D7
330
D4
100
AcDbEntity
  8
0
100
AcDbPolyline
 90
        6
 70
     1
 43
0.0
 10
1.49999999999909
 20
0.3750000000004547
 10
2.25
 20
0.375
 10
2.25
 20
-1.875
 10
0.0
 20
-1.875
 10
0.0
 20
1.875
 10
1.5
 20
1.875
  0
LWPOLYLINE
  5
D8
330
D4
100
AcDbEntity
  8
0
100
AcDbPolyline
 90
        6
 70
     1
 43
0.0
 10
41.99999999999999
 20
1.875
 10
41.99999999999999
 20
-1.875
 10
39.74999999999999
 20
-1.875
 10
39.74999999999999
 20
0.375
 10
40.49999999999908
 20
0.375
 10
40.49999999999908
 20
1.875
  0
LWPOLYLINE
  5
D9
330
D4
100
AcDbEntity
  8
0
100
AcDbPolyline
 90
        4
 70
     1
 43
0.0
 10
1.5
 20
40.8546761521402
 10
1.5
 20
1.8546761521402
 10
3.0
 20
1.8546761521402
 10
3.0
 20
40.8546761521402
  0
ENDBLK
  5
DA
330
D4
100
AcDbEntity
  8
0
100
AcDbBlockEnd
  0
BLOCK
  5
E5
330
E4
100
AcDbEntity
  8
0
100
AcDbBlockBegin
  2
MD
 70
     0
 10
0.0
 20
0.0
 30
0.0
  3
MD
  1

  0
LINE
  5
E6
330
E4
100
AcDbEntity
  8
0
100
AcDbLine
 10
46.80000000000001
 20
1.5
 30
0.0
 11
46.80000000000001
 21
24.30000000000001
 31
0.0
  0
LINE
  5
E7
330
E4
100
AcDbEntity
  8
0
100
AcDbLine
 10
45.60000000000002
 20
1.5
 30
0.0
 11
45.60000000000002
 21
24.26839915321233
 31
0.0
  0
LINE
  5
E8
330
E4
100
AcDbEntity
  8
0
100
AcDbLine
 10
2.399999999999977
 20
1.5
 30
0.0
 11
2.399999999999977
 21
24.26839915321233
 31
0.0
  0
LINE
  5
E9
330
E4
100
AcDbEntity
  8
0
100
AcDbLine
 10
1.199999999999989
 20
1.5
 30
0.0
 11
1.199999999999989
 21
24.30000000000001
 31
0.0
  0
ARC
  5
EA
330
E4
100
AcDbEntity
  8
0
100
AcDbCircle
 10
1.199999999999989
 20
1.5
 30
0.0
 40
22.8
100
AcDbArc
 50
0.0
 51
90.0
  0
ARC
  5
EB
330
E4
100
AcDbEntity
  8
0
100
AcDbCircle
 10
46.80000000000001
 20
1.5
 30
0.0
 40
22.8
100
AcDbArc
 50
90.0
 51
180.0
  0
LINE
  5
EC
330
E4
100
AcDbEntity
  8
0
100
AcDbLine
 10
1.199999999999989
 20
1.5
 30
0.0
 11
2.399999999999977
 21
1.5
 31
0.0
  0
LWPOLYLINE
  5
ED
330
E4
100
AcDbEntity
  8
0
100
AcDbPolyline
 90
        4
 70
     1
 43
0.0
 10
1.199999999999989
 20
-0.9000000000000341
 10
2.399999999999977
 20
-0.9000000000000341
 10
2.399999999999977
 20
0.3000000000000114
 10
1.199999999999989
 20
0.3000000000000114
  0
LWPOLYLINE
  5
EE
330
E4
100
AcDbEntity
  8
0
100
AcDbPolyline
 90
        4
 70
     1
 43
0.0
 10
0.0
 20
-1.5
 10
1.199999999999989
 20
-1.5
 10
1.199999999999989
 20
1.5
 10
0.0
 20
1.5
  0
LINE
  5
EF
330
E4
100
AcDbEntity
  8
0
100
AcDbLine
 10
46.80000000000001
 20
1.5
 30
0.0
 11
45.60000000000002
 21
1.5
 31
0.0
  0
LWPOLYLINE
  5
F0
330
E4
100
AcDbEntity
  8
0
100
AcDbPolyline
 90
        4
 70
     1
 43
0.0
 10
46.80000000000001
 20
-0.9000000000000341
 10
45.59999999999997
 20
-0.9000000000000341
 10
45.59999999999997
 20
0.3000000000000114
 10
46.80000000000001
 20
0.3000000000000114
  0
LWPOLYLINE
  5
F1
330
E4
100
AcDbEntity
  8
0
100
AcDbPolyline
 90
        4
 70
     1
 43
0.0
 10
48.0
 20
-1.5
 10
46.80000000000001
 20
-1.5
 10
46.80000000000001
 20
1.5
 10
48.0
 20
1.5
  0
ENDBLK
  5
F2
330
E4
100
AcDbEntity
  8
0
100
AcDbBlockEnd
  0
BLOCK
  5
32F
330
32E
100
AcDbEntity
  8
0
100
AcDbBlockBegin
  2
*D27
 70
     1
 10
0.0
 20
0.0
 30
0.0
  3
*D27
  1

  0
LINE
  5
330
330
32E
100
AcDbEntity
  8
wall
370
    -2
 62
     1
100
AcDbLine
 10
-523729.4849490091
 20
-53627.55538900057
 30
0.0
 11
-523729.4849490091
 21
-53634.75122701115
 31
0.0
  0
LINE
  5
331
330
32E
100
AcDbEntity
  8
wall
370
    -2
 62
     1
100
AcDbLine
 10
-523657.4849490091
 20
-53627.55538900057
 30
0.0
 11
-523657.4849490091
 21
-53634.75122701115
 31
0.0
  0
LINE
  5
332
330
32E
100
AcDbEntity
  8
wall
370
    -2
 62
     1
100
AcDbLine
 10
-523733.4849490091
 20
-53630.75122701115
 30
0.0
 11
-523700.2618930746
 21
-53630.75122701115
 31
0.0
  0
LINE
  5
333
330
32E
100
AcDbEntity
  8
wall
370
    -2
 62
     1
100
AcDbLine
 10
-523653.4849490091
 20
-53630.75122701115
 30
0.0
 11
-523686.7080049437
 21
-53630.75122701115
 31
0.0
  0
INSERT
  5
334
330
32E
100
AcDbEntity
  8
wall
370
    -2
 62
     1
100
AcDbBlockReference
  2
_ArchTick
 10
-523729.4849490091
 20
-53630.75122701115
 30
0.0
 41
3.0
 42
3.0
 43
3.0
 50
180.0
  0
INSERT
  5
335
330
32E
100
AcDbEntity
  8
wall
370
    -2
 62
     1
100
AcDbBlockReference
  2
_ArchTick
 10
-523657.4849490091
 20
-53630.75122701115
 30
0.0
 41
3.0
 42
3.0
 43
3.0
  0
MTEXT
  5
336
330
32E
100
AcDbEntity
  8
wall
 62
     3
100
AcDbMText
 10
-523693.4849490091
 20
-53630.75122701115
 30
0.0
210
0.0
220
0.0
230
1.0
 11
1.0
 21
0.0
 31
0.0
 40
6.0
 41
0.0
 46
0.0
 71
     5
 72
     1
  1
\A1;6'
  7
Standard
 73
     1
 44
1.0
  0
POINT
  5
337
330
32E
100
AcDbEntity
  8
Defpoints
 62
     0
100
AcDbPoint
 10
-523729.4849490091
 20
-53623.55538900057
 30
0.0
 50
0.0
  0
POINT
  5
338
330
32E
100
AcDbEntity
  8
Defpoints
 62
     0
100
AcDbPoint
 10
-523657.4849490091
 20
-53623.55538900057
 30
0.0
 50
0.0
  0
POINT
  5
339
330
32E
100
AcDbEntity
  8
Defpoints
 62
     0
100
AcDbPoint
 10
-523657.4849490091
 20
-53630.75122701115
 30
0.0
 50
0.0
  0
ENDBLK
  5
33A
330
32E
100
AcDbEntity
  8
0
100
AcDbBlockEnd
  0
BLOCK
  5
33F
330
33E
100
AcDbEntity
  8
0
100
AcDbBlockBegin
  2
*D28
 70
     1
 10
0.0
 20
0.0
 30
0.0
  3
*D28
  1

  0
LINE
  5
340
330
33E
100
AcDbEntity
  8
wall
370
    -2
 62
     1
100
AcDbLine
 10
-523725.4849490091
 20
-53623.55538900057
 30
0.0
 11
-523711.5985328631
 21
-53623.55538900057
 31
0.0
  0
LINE
  5
341
330
33E
100
AcDbEntity
  8
wall
370
    -2
 62
     1
100
AcDbLine
 10
-523725.4849490091
 20
-53737.55538900054
 30
0.0
 11
-523711.5985328631
 21
-53737.55538900054
 31
0.0
  0
LINE
  5
342
330
33E
100
AcDbEntity
  8
wall
370
    -2
 62
     1
100
AcDbLine
 10
-523715.5985328631
 20
-53619.55538900057
 30
0.0
 11
-523715.5985328631
 21
-53668.58062774544
 31
0.0
  0
LINE
  5
343
330
33E
100
AcDbEntity
  8
wall
370
    -2
 62
     1
100
AcDbLine
 10
-523715.5985328631
 20
-53741.55538900054
 30
0.0
 11
-523715.5985328631
 21
-53692.53015025567
 31
0.0
  0
INSERT
  5
344
330
33E
100
AcDbEntity
  8
wall
370
    -2
 62
     1
100
AcDbBlockReference
  2
_ArchTick
 10
-523715.5985328631
 20
-53623.55538900057
 30
0.0
 41
3.0
 42
3.0
 43
3.0
 50
90.0
  0
INSERT
  5
345
330
33E
100
AcDbEntity
  8
wall
370
    -2
 62
     1
100
AcDbBlockReference
  2
_ArchTick
 10
-523715.5985328631
 20
-53737.55538900054
 30
0.0
 41
3.0
 42
3.0
 43
3.0
 50
270.0
  0
MTEXT
  5
346
330
33E
100
AcDbEntity
  8
wall
 62
     3
100
AcDbMText
 10
-523715.5985328631
 20
-53680.55538900064
 30
0.0
210
0.0
220
0.0
230
1.0
 11
6.123233995736766E-17
 21
1.0
 31
0.0
 40
6.0
 41
0.0
 46
0.0
 71
     5
 72
     1
  1
\A1;9'-6"
  7
Standard
 73
     1
 44
1.0
  0
POINT
  5
347
330
33E
100
AcDbEntity
  8
Defpoints
 62
     0
100
AcDbPoint
 10
-523729.4849490091
 20
-53623.55538900057
 30
0.0
 50
0.0
  0
POINT
  5
348
330
33E
100
AcDbEntity
  8
Defpoints
 62
     0
100
AcDbPoint
 10
-523729.4849490091
 20
-53737.55538900054
 30
0.0
 50
0.0
  0
POINT
  5
349
330
33E
100
AcDbEntity
  8
Defpoints
 62
     0
100
AcDbPoint
 10
-523715.5985328631
 20
-53737.55538900054
 30
0.0
 50
0.0
  0
ENDBLK
  5
34A
330
33E
100
AcDbEntity
  8
0
100
AcDbBlockEnd
  0
BLOCK
  5
3ED
330
3EC
100
AcDbEntity
  8
0
100
AcDbBlockBegin
  2
ST
 70
     0
 10
0.0
 20
0.0
 30
0.0
  3
ST
  1

  0
LWPOLYLINE
  5
3EE
102
{ACAD_REACTORS
330
3F2
102
}
330
3EC
100
AcDbEntity
  8
DIM
 62
     3
100
AcDbPolyline
 90
        4
 70
     0
 43
0.0
 10
1627.885703594439
 20
1229.645901520279
 10
1627.885703594439
 20
1229.645901520279
 10
1614.627451447192
 20
1242.904153667527
 10
1601.369199299944
 20
1229.645901520279
  0
CIRCLE
  5
3F0
102
{ACAD_REACTORS
330
3F2
102
}
330
3EC
100
AcDbEntity
  8
DIM
 62
     3
100
AcDbCircle
 10
1614.627451447192
 20
1229.645901520279
 30
0.0
 40
9.374999999999975
  0
LINE
  5
3F1
102
{ACAD_REACTORS
330
3F2
102
}
330
3EC
100
AcDbEntity
  8
DIM
 62
     3
100
AcDbLine
 10
1627.885703594439
 20
1229.645901520279
 30
0.0
 11
1601.369199299944
 21
1229.645901520279
 31
0.0
  0
HATCH
  5
3F2
330
3EC
100
AcDbEntity
  8
DIM
 62
     3
100
AcDbHatch
 10
0.0
 20
0.0
 30
0.0
210
0.0
220
0.0
230
1.0
  2
SOLID
 70
     1
 71
     1
 91
        3
 92
        7
 72
     1
 73
     1
 93
        3
 10
1621.256577520815
 20
1236.275027593903
 42
0.0
 10
1614.627451447192
 20
1242.904153667527
 42
0.0
 10
1607.998325373568
 20
1236.275027593903
 42
-0.4142135623730951
 97
        2
330
3EE
330
3F0
 92
        7
 72
     1
 73
     1
 93
        3
 10
1601.369199299944
 20
1229.645901520279
 42
0.0
 10
1605.252451447192
 20
1229.645901520279
 42
-0.1989123673796583
 10
1607.998325373568
 20
1236.275027593903
 42
0.0
 97
        3
330
3EE
330
3F1
330
3F0
 92
        7
 72
     1
 73
     1
 93
        3
 10
1621.256577520815
 20
1236.275027593903
 42
-0.1989123673796583
 10
1624.002451447192
 20
1229.645901520279
 42
0.0
 10
1627.885703594439
 20
1229.645901520279
 42
0.0
 97
        3
330
3F0
330
3F1
330
3EE
 75
     0
 76
     1
 47
0.05236183716751617
 98
        3
 10
1614.727444495896
 20
1240.384887167731
 10
1604.112608301775
 20
1231.679729330689
 10
1625.276759602442
 20
1230.828848879257
  0
ENDBLK
  5
3F3
330
3EC
100
AcDbEntity
  8
0
100
AcDbBlockEnd
  0
BLOCK
  5
404
330
403
100
AcDbEntity
  8
0
100
AcDbBlockBegin
  2
*D20
 70
     1
 10
0.0
 20
0.0
 30
0.0
  3
*D20
  1

  0
LINE
  5
405
330
403
100
AcDbEntity
  8
wall
370
    -2
 62
     1
100
AcDbLine
 10
-523438.4849490091
 20
-53679.55538900054
 30
0.0
 11
-523438.4849490091
 21
-53684.90181897167
 31
0.0
  0
LINE
  5
406
330
403
100
AcDbEntity
  8
wall
370
    -2
 62
     1
100
AcDbLine
 10
-523480.4849490091
 20
-53679.55538900054
 30
0.0
 11
-523480.4849490091
 21
-53684.90181897167
 31
0.0
  0
LINE
  5
407
330
403
100
AcDbEntity
  8
wall
370
    -2
 62
     1
100
AcDbLine
 10
-523434.4849490091
 20
-53680.90181897167
 30
0.0
 11
-523447.5122341387
 21
-53680.90181897167
 31
0.0
  0
LINE
  5
408
330
403
100
AcDbEntity
  8
wall
370
    -2
 62
     1
100
AcDbLine
 10
-523484.4849490091
 20
-53680.90181897167
 30
0.0
 11
-523471.4576638796
 21
-53680.90181897167
 31
0.0
  0
INSERT
  5
409
330
403
100
AcDbEntity
  8
wall
370
    -2
 62
     1
100
AcDbBlockReference
  2
_ArchTick
 10
-523438.4849490091
 20
-53680.90181897167
 30
0.0
 41
3.0
 42
3.0
 43
3.0
  0
INSERT
  5
40A
330
403
100
AcDbEntity
  8
wall
370
    -2
 62
     1
100
AcDbBlockReference
  2
_ArchTick
 10
-523480.4849490091
 20
-53680.90181897167
 30
0.0
 41
3.0
 42
3.0
 43
3.0
 50
180.0
  0
MTEXT
  5
40B
330
403
100
AcDbEntity
  8
wall
 62
     3
100
AcDbMText
 10
-523459.4849490091
 20
-53680.90181897167
 30
0.0
210
0.0
220
0.0
230
1.0
 11
1.0
 21
0.0
 31
0.0
 40
6.0
 41
0.0
 46
0.0
 71
     5
 72
     1
  1
\A1;3'-6"
  7
Standard
 73
     1
 44
1.0
  0
POINT
  5
40C
330
403
100
AcDbEntity
  8
Defpoints
 62
     0
100
AcDbPoint
 10
-523438.4849490091
 20
-53675.55538900054
 30
0.0
 50
0.0
  0
POINT
  5
40D
330
403
100
AcDbEntity
  8
Defpoints
 62
     0
100
AcDbPoint
 10
-523480.4849490091
 20
-53675.55538900054
 30
0.0
 50
0.0
  0
POINT
  5
40E
330
403
100
AcDbEntity
  8
Defpoints
 62
     0
100
AcDbPoint
 10
-523480.4849490091
 20
-53680.90181897167
 30
0.0
 50
0.0
  0
ENDBLK
  5
40F
330
403
100
AcDbEntity
  8
0
100
AcDbBlockEnd
  0
BLOCK
  5
412
330
411
100
AcDbEntity
  8
0
100
AcDbBlockBegin
  2
*D21
 70
     1
 10
0.0
 20
0.0
 30
0.0
  3
*D21
  1

  0
LINE
  5
413
330
411
100
AcDbEntity
  8
wall
370
    -2
 62
     1
100
AcDbLine
 10
-523067.4921481535
 20
-53679.55538900054
 30
0.0
 11
-523067.4921481535
 21
-53685.04319762992
 31
0.0
  0
LINE
  5
414
330
411
100
AcDbEntity
  8
wall
370
    -2
 62
     1
100
AcDbLine
 10
-523109.4921481537
 20
-53679.55538900054
 30
0.0
 11
-523109.4921481537
 21
-53685.04319762992
 31
0.0
  0
LINE
  5
415
330
411
100
AcDbEntity
  8
wall
370
    -2
 62
     1
100
AcDbLine
 10
-523063.4921481535
 20
-53681.04319762992
 30
0.0
 11
-523076.5194332832
 21
-53681.04319762992
 31
0.0
  0
LINE
  5
416
330
411
100
AcDbEntity
  8
wall
370
    -2
 62
     1
100
AcDbLine
 10
-523113.4921481537
 20
-53681.04319762992
 30
0.0
 11
-523100.464863024
 21
-53681.04319762992
 31
0.0
  0
INSERT
  5
417
330
411
100
AcDbEntity
  8
wall
370
    -2
 62
     1
100
AcDbBlockReference
  2
_ArchTick
 10
-523067.4921481535
 20
-53681.04319762992
 30
0.0
 41
3.0
 42
3.0
 43
3.0
  0
INSERT
  5
418
330
411
100
AcDbEntity
  8
wall
370
    -2
 62
     1
100
AcDbBlockReference
  2
_ArchTick
 10
-523109.4921481537
 20
-53681.04319762992
 30
0.0
 41
3.0
 42
3.0
 43
3.0
 50
180.0
  0
MTEXT
  5
419
330
411
100
AcDbEntity
  8
wall
 62
     3
100
AcDbMText
 10
-523088.4921481536
 20
-53681.04319762992
 30
0.0
210
0.0
220
0.0
230
1.0
 11
1.0
 21
0.0
 31
0.0
 40
6.0
 41
0.0
 46
0.0
 71
     5
 72
     1
  1
\A1;3'-6"
  7
Standard
 73
     1
 44
1.0
  0
POINT
  5
41A
330
411
100
AcDbEntity
  8
Defpoints
 62
     0
100
AcDbPoint
 10
-523067.4921481535
 20
-53675.55538900054
 30
0.0
 50
0.0
  0
POINT
  5
41B
330
411
100
AcDbEntity
  8
Defpoints
 62
     0
100
AcDbPoint
 10
-523109.4921481537
 20
-53675.55538900054
 30
0.0
 50
0.0
  0
POINT
  5
41C
330
411
100
AcDbEntity
  8
Defpoints
 62
     0
100
AcDbPoint
 10
-523109.4921481537
 20
-53681.04319762992
 30
0.0
 50
0.0
  0
ENDBLK
  5
41D
330
411
100
AcDbEntity
  8
0
100
AcDbBlockEnd
  0
BLOCK
  5
484
330
479
100
AcDbEntity
  8
0
100
AcDbBlockBegin
  2
*D31
 70
     1
 10
0.0
 20
0.0
 30
0.0
  3
*D31
  1

  0
LINE
  5
69A
330
479
100
AcDbEntity
  8
dimension
370
    -2
 62
     5
100
AcDbLine
 10
-523429.4849490091
 20
-53402.61635590071
 30
0.0
 11
-523429.4849490091
 21
-53386.61635590071
 31
0.0
  0
LINE
  5
69B
330
479
100
AcDbEntity
  8
dimension
370
    -2
 62
     5
100
AcDbLine
 10
-523729.4849490091
 20
-53402.61635590071
 30
0.0
 11
-523729.4849490091
 21
-53386.61635590071
 31
0.0
  0
LINE
  5
69C
330
479
100
AcDbEntity
  8
dimension
370
    -2
 62
     5
100
AcDbLine
 10
-523425.4849490091
 20
-53390.61635590071
 30
0.0
 11
-523570.2635204377
 21
-53390.61635590071
 31
0.0
  0
LINE
  5
69D
330
479
100
AcDbEntity
  8
dimension
370
    -2
 62
     5
100
AcDbLine
 10
-523733.4849490091
 20
-53390.61635590071
 30
0.0
 11
-523588.7063775806
 21
-53390.61635590071
 31
0.0
  0
INSERT
  5
69E
330
479
100
AcDbEntity
  8
dimension
370
    -2
 62
     5
100
AcDbBlockReference
  2
_ArchTick
 10
-523429.4849490091
 20
-53390.61635590071
 30
0.0
 41
3.0
 42
3.0
 43
3.0
  0
INSERT
  5
69F
330
479
100
AcDbEntity
  8
dimension
370
    -2
 62
     5
100
AcDbBlockReference
  2
_ArchTick
 10
-523729.4849490091
 20
-53390.61635590071
 30
0.0
 41
3.0
 42
3.0
 43
3.0
 50
180.0
  0
MTEXT
  5
6A0
330
479
100
AcDbEntity
  8
dimension
 62
     5
100
AcDbMText
 10
-523579.4849490091
 20
-53390.61635590071
 30
0.0
210
0.0
220
0.0
230
1.0
 11
1.0
 21
0.0
 31
0.0
 40
6.0
 41
0.0
 46
0.0
 71
     5
 72
     1
  1
\A1;25'
  7
DIM
 73
     1
 44
1.0
  0
POINT
  5
6A1
330
479
100
AcDbEntity
  8
Defpoints
 62
     0
100
AcDbPoint
 10
-523429.4849490091
 20
-53407.55538900054
 30
0.0
 50
0.0
  0
POINT
  5
6A2
330
479
100
AcDbEntity
  8
Defpoints
 62
     0
100
AcDbPoint
 10
-523729.4849490091
 20
-53407.55538900054
 30
0.0
 50
0.0
  0
POINT
  5
6A3
330
479
100
AcDbEntity
  8
Defpoints
 62
     0
100
AcDbPoint
 10
-523729.4849490091
 20
-53390.61635590071
 30
0.0
 50
0.0
  0
ENDBLK
  5
485
330
479
100
AcDbEntity
  8
0
100
AcDbBlockEnd
  0
BLOCK
  5
491
330
486
100
AcDbEntity
  8
0
100
AcDbBlockBegin
  2
*D32
 70
     1
 10
0.0
 20
0.0
 30
0.0
  3
*D32
  1

  0
LINE
  5
6A4
330
486
100
AcDbEntity
  8
dimension
370
    -2
 62
     5
100
AcDbLine
 10
-523429.4849490091
 20
-53403.55538900054
 30
0.0
 11
-523429.4849490091
 21
-53394.26349108855
 31
0.0
  0
LINE
  5
6A5
330
486
100
AcDbEntity
  8
dimension
370
    -2
 62
     5
100
AcDbLine
 10
-523506.4849490094
 20
-53403.55538900054
 30
0.0
 11
-523506.4849490094
 21
-53394.26349108855
 31
0.0
  0
LINE
  5
6A6
330
486
100
AcDbEntity
  8
dimension
370
    -2
 62
     5
100
AcDbLine
 10
-523425.4849490091
 20
-53398.26349108855
 30
0.0
 11
-523453.7849490092
 21
-53398.26349108855
 31
0.0
  0
LINE
  5
6A7
330
486
100
AcDbEntity
  8
dimension
370
    -2
 62
     5
100
AcDbLine
 10
-523510.4849490094
 20
-53398.26349108855
 30
0.0
 11
-523482.1849490093
 21
-53398.26349108855
 31
0.0
  0
INSERT
  5
6A8
330
486
100
AcDbEntity
  8
dimension
370
    -2
 62
     5
100
AcDbBlockReference
  2
_ArchTick
 10
-523429.4849490091
 20
-53398.26349108855
 30
0.0
 41
3.0
 42
3.0
 43
3.0
  0
INSERT
  5
6A9
330
486
100
AcDbEntity
  8
dimension
370
    -2
 62
     5
100
AcDbBlockReference
  2
_ArchTick
 10
-523506.4849490094
 20
-53398.26349108855
 30
0.0
 41
3.0
 42
3.0
 43
3.0
 50
180.0
  0
MTEXT
  5
6AA
330
486
100
AcDbEntity
  8
dimension
 62
     5
100
AcDbMText
 10
-523467.9849490093
 20
-53398.26349108855
 30
0.0
210
0.0
220
0.0
230
1.0
 11
1.0
 21
0.0
 31
0.0
 40
6.0
 41
0.0
 46
0.0
 71
     5
 72
     1
  1
\A1;6'-5"
  7
DIM
 73
     1
 44
1.0
  0
POINT
  5
6AB
330
486
100
AcDbEntity
  8
Defpoints
 62
     0
100
AcDbPoint
 10
-523429.4849490091
 20
-53407.55538900054
 30
0.0
 50
0.0
  0
POINT
  5
6AC
330
486
100
AcDbEntity
  8
Defpoints
 62
     0
100
AcDbPoint
 10
-523506.4849490094
 20
-53407.55538900054
 30
0.0
 50
0.0
  0
POINT
  5
6AD
330
486
100
AcDbEntity
  8
Defpoints
 62
     0
100
AcDbPoint
 10
-523506.4849490094
 20
-53398.26349108855
 30
0.0
 50
0.0
  0
ENDBLK
  5
492
330
486
100
AcDbEntity
  8
0
100
AcDbBlockEnd
  0
BLOCK
  5
49E
330
493
100
AcDbEntity
  8
0
100
AcDbBlockBegin
  2
*D33
 70
     1
 10
0.0
 20
0.0
 30
0.0
  3
*D33
  1

  0
LINE
  5
6AE
330
493
100
AcDbEntity
  8
dimension
370
    -2
 62
     5
100
AcDbLine
 10
-523506.4849490094
 20
-53403.55538900054
 30
0.0
 11
-523506.4849490094
 21
-53394.26349108855
 31
0.0
  0
LINE
  5
6AF
330
493
100
AcDbEntity
  8
dimension
370
    -2
 62
     5
100
AcDbLine
 10
-523729.4849490091
 20
-53403.55538900054
 30
0.0
 11
-523729.4849490091
 21
-53394.26349108855
 31
0.0
  0
LINE
  5
6B0
330
493
100
AcDbEntity
  8
dimension
370
    -2
 62
     5
100
AcDbLine
 10
-523502.4849490094
 20
-53398.26349108855
 30
0.0
 11
-523601.5992347235
 21
-53398.26349108855
 31
0.0
  0
LINE
  5
6B1
330
493
100
AcDbEntity
  8
dimension
370
    -2
 62
     5
100
AcDbLine
 10
-523733.4849490091
 20
-53398.26349108855
 30
0.0
 11
-523634.370663295
 21
-53398.26349108855
 31
0.0
  0
INSERT
  5
6B2
330
493
100
AcDbEntity
  8
dimension
370
    -2
 62
     5
100
AcDbBlockReference
  2
_ArchTick
 10
-523506.4849490094
 20
-53398.26349108855
 30
0.0
 41
3.0
 42
3.0
 43
3.0
  0
INSERT
  5
6B3
330
493
100
AcDbEntity
  8
dimension
370
    -2
 62
     5
100
AcDbBlockReference
  2
_ArchTick
 10
-523729.4849490091
 20
-53398.26349108855
 30
0.0
 41
3.0
 42
3.0
 43
3.0
 50
180.0
  0
MTEXT
  5
6B4
330
493
100
AcDbEntity
  8
dimension
 62
     5
100
AcDbMText
 10
-523617.9849490093
 20
-53398.26349108855
 30
0.0
210
0.0
220
0.0
230
1.0
 11
1.0
 21
0.0
 31
0.0
 40
6.0
 41
0.0
 46
0.0
 71
     5
 72
     1
  1
\A1;18'-7"
  7
DIM
 73
     1
 44
1.0
  0
POINT
  5
6B5
330
493
100
AcDbEntity
  8
Defpoints
 62
     0
100
AcDbPoint
 10
-523506.4849490094
 20
-53407.55538900054
 30
0.0
 50
0.0
  0
POINT
  5
6B6
330
493
100
AcDbEntity
  8
Defpoints
 62
     0
100
AcDbPoint
 10
-523729.4849490091
 20
-53407.55538900054
 30
0.0
 50
0.0
  0
POINT
  5
6B7
330
493
100
AcDbEntity
  8
Defpoints
 62
     0
100
AcDbPoint
 10
-523729.4849490091
 20
-53398.26349108855
 30
0.0
 50
0.0
  0
ENDBLK
  5
49F
330
493
100
AcDbEntity
  8
0
100
AcDbBlockEnd
  0
BLOCK
  5
4AB
330
4A0
100
AcDbEntity
  8
0
100
AcDbBlockBegin
  2
*D34
 70
     1
 10
0.0
 20
0.0
 30
0.0
  3
*D34
  1

  0
LINE
  5
6B8
330
4A0
100
AcDbEntity
  8
dimension
370
    -2
 62
     5
100
AcDbLine
 10
-523733.4849490091
 20
-53407.55538900054
 30
0.0
 11
-523744.9940015409
 21
-53407.55538900054
 31
0.0
  0
LINE
  5
6B9
330
4A0
100
AcDbEntity
  8
dimension
370
    -2
 62
     5
100
AcDbLine
 10
-523733.4849490091
 20
-53473.55538900054
 30
0.0
 11
-523744.9940015409
 21
-53473.55538900054
 31
0.0
  0
LINE
  5
6BA
330
4A0
100
AcDbEntity
  8
dimension
370
    -2
 62
     5
100
AcDbLine
 10
-523740.9940015409
 20
-53403.55538900054
 30
0.0
 11
-523740.9940015409
 21
-53426.23396042911
 31
0.0
  0
LINE
  5
6BB
330
4A0
100
AcDbEntity
  8
dimension
370
    -2
 62
     5
100
AcDbLine
 10
-523740.9940015409
 20
-53477.55538900054
 30
0.0
 11
-523740.9940015409
 21
-53454.87681757197
 31
0.0
  0
INSERT
  5
6BC
330
4A0
100
AcDbEntity
  8
dimension
370
    -2
 62
     5
100
AcDbBlockReference
  2
_ArchTick
 10
-523740.9940015409
 20
-53407.55538900054
 30
0.0
 41
3.0
 42
3.0
 43
3.0
 50
90.0
  0
INSERT
  5
6BD
330
4A0
100
AcDbEntity
  8
dimension
370
    -2
 62
     5
100
AcDbBlockReference
  2
_ArchTick
 10
-523740.9940015409
 20
-53473.55538900054
 30
0.0
 41
3.0
 42
3.0
 43
3.0
 50
270.0
  0
MTEXT
  5
6BE
330
4A0
100
AcDbEntity
  8
dimension
 62
     5
100
AcDbMText
 10
-523740.9940015409
 20
-53440.55538900063
 30
0.0
210
0.0
220
0.0
230
1.0
 11
6.123233995736766E-17
 21
1.0
 31
0.0
 40
6.0
 41
0.0
 46
0.0
 71
     5
 72
     1
  1
\A1;5'-6"
  7
DIM
 73
     1
 44
1.0
  0
POINT
  5
6BF
330
4A0
100
AcDbEntity
  8
Defpoints
 62
     0
100
AcDbPoint
 10
-523729.4849490091
 20
-53407.55538900054
 30
0.0
 50
0.0
  0
POINT
  5
6C0
330
4A0
100
AcDbEntity
  8
Defpoints
 62
     0
100
AcDbPoint
 10
-523729.4849490091
 20
-53473.55538900054
 30
0.0
 50
0.0
  0
POINT
  5
6C1
330
4A0
100
AcDbEntity
  8
Defpoints
 62
     0
100
AcDbPoint
 10
-523740.9940015409
 20
-53473.55538900054
 30
0.0
 50
0.0
  0
ENDBLK
  5
4AC
330
4A0
100
AcDbEntity
  8
0
100
AcDbBlockEnd
  0
BLOCK
  5
4B8
330
4AD
100
AcDbEntity
  8
0
100
AcDbBlockBegin
  2
*D35
 70
     1
 10
0.0
 20
0.0
 30
0.0
  3
*D35
  1

  0
LINE
  5
6C2
330
4AD
100
AcDbEntity
  8
dimension
370
    -2
 62
     5
100
AcDbLine
 10
-523425.4849490091
 20
-53407.55538900054
 30
0.0
 11
-523411.5985328633
 21
-53407.55538900054
 31
0.0
  0
LINE
  5
6C3
330
4AD
100
AcDbEntity
  8
dimension
370
    -2
 62
     5
100
AcDbLine
 10
-523425.4849490091
 20
-53473.55538900054
 30
0.0
 11
-523411.5985328633
 21
-53473.55538900054
 31
0.0
  0
LINE
  5
6C4
330
4AD
100
AcDbEntity
  8
dimension
370
    -2
 62
     5
100
AcDbLine
 10
-523415.5985328633
 20
-53403.55538900054
 30
0.0
 11
-523415.5985328633
 21
-53426.23396042911
 31
0.0
  0
LINE
  5
6C5
330
4AD
100
AcDbEntity
  8
dimension
370
    -2
 62
     5
100
AcDbLine
 10
-523415.5985328633
 20
-53477.55538900054
 30
0.0
 11
-523415.5985328633
 21
-53454.87681757197
 31
0.0
  0
INSERT
  5
6C6
330
4AD
100
AcDbEntity
  8
dimension
370
    -2
 62
     5
100
AcDbBlockReference
  2
_ArchTick
 10
-523415.5985328633
 20
-53407.55538900054
 30
0.0
 41
3.0
 42
3.0
 43
3.0
 50
90.0
  0
INSERT
  5
6C7
330
4AD
100
AcDbEntity
  8
dimension
370
    -2
 62
     5
100
AcDbBlockReference
  2
_ArchTick
 10
-523415.5985328633
 20
-53473.55538900054
 30
0.0
 41
3.0
 42
3.0
 43
3.0
 50
270.0
  0
MTEXT
  5
6C8
330
4AD
100
AcDbEntity
  8
dimension
 62
     5
100
AcDbMText
 10
-523415.5985328633
 20
-53440.55538900063
 30
0.0
210
0.0
220
0.0
230
1.0
 11
6.123233995736766E-17
 21
1.0
 31
0.0
 40
6.0
 41
0.0
 46
0.0
 71
     5
 72
     1
  1
\A1;5'-6"
  7
DIM
 73
     1
 44
1.0
  0
POINT
  5
6C9
330
4AD
100
AcDbEntity
  8
Defpoints
 62
     0
100
AcDbPoint
 10
-523429.4849490091
 20
-53407.55538900054
 30
0.0
 50
0.0
  0
POINT
  5
6CA
330
4AD
100
AcDbEntity
  8
Defpoints
 62
     0
100
AcDbPoint
 10
-523429.4849490091
 20
-53473.55538900054
 30
0.0
 50
0.0
  0
POINT
  5
6CB
330
4AD
100
AcDbEntity
  8
Defpoints
 62
     0
100
AcDbPoint
 10
-523415.5985328633
 20
-53473.55538900054
 30
0.0
 50
0.0
  0
ENDBLK
  5
4B9
330
4AD
100
AcDbEntity
  8
0
100
AcDbBlockEnd
  0
BLOCK
  5
4C5
330
4BA
100
AcDbEntity
  8
0
100
AcDbBlockBegin
  2
*D36
 70
     1
 10
0.0
 20
0.0
 30
0.0
  3
*D36
  1

  0
LINE
  5
6CC
330
4BA
100
AcDbEntity
  8
dimension
370
    -2
 62
     5
100
AcDbLine
 10
-523733.4849490091
 20
-53473.55538900054
 30
0.0
 11
-523744.9940015409
 21
-53473.55538900054
 31
0.0
  0
LINE
  5
6CD
330
4BA
100
AcDbEntity
  8
dimension
370
    -2
 62
     5
100
AcDbLine
 10
-523733.4849490091
 20
-53887.80538900054
 30
0.0
 11
-523744.9940015409
 21
-53887.80538900054
 31
0.0
  0
LINE
  5
6CE
330
4BA
100
AcDbEntity
  8
dimension
370
    -2
 62
     5
100
AcDbLine
 10
-523740.9940015409
 20
-53469.55538900054
 30
0.0
 11
-523740.9940015409
 21
-53663.93038900054
 31
0.0
  0
LINE
  5
6CF
330
4BA
100
AcDbEntity
  8
dimension
370
    -2
 62
     5
100
AcDbLine
 10
-523740.9940015409
 20
-53891.80538900054
 30
0.0
 11
-523740.9940015409
 21
-53697.43038900054
 31
0.0
  0
INSERT
  5
6D0
330
4BA
100
AcDbEntity
  8
dimension
370
    -2
 62
     5
100
AcDbBlockReference
  2
_ArchTick
 10
-523740.9940015409
 20
-53473.55538900054
 30
0.0
 41
3.0
 42
3.0
 43
3.0
 50
90.0
  0
INSERT
  5
6D1
330
4BA
100
AcDbEntity
  8
dimension
370
    -2
 62
     5
100
AcDbBlockReference
  2
_ArchTick
 10
-523740.9940015409
 20
-53887.80538900054
 30
0.0
 41
3.0
 42
3.0
 43
3.0
 50
270.0
  0
MTEXT
  5
6D2
330
4BA
100
AcDbEntity
  8
dimension
 62
     5
100
AcDbMText
 10
-523740.9940015409
 20
-53680.68038900063
 30
0.0
210
0.0
220
0.0
230
1.0
 11
6.123233995736766E-17
 21
1.0
 31
0.0
 40
6.0
 41
0.0
 46
0.0
 71
     5
 72
     1
  1
\A1;34'-6"
  7
DIM
 73
     1
 44
1.0
  0
POINT
  5
6D3
330
4BA
100
AcDbEntity
  8
Defpoints
 62
     0
100
AcDbPoint
 10
-523729.4849490091
 20
-53473.55538900054
 30
0.0
 50
0.0
  0
POINT
  5
6D4
330
4BA
100
AcDbEntity
  8
Defpoints
 62
     0
100
AcDbPoint
 10
-523729.4849490091
 20
-53887.80538900054
 30
0.0
 50
0.0
  0
POINT
  5
6D5
330
4BA
100
AcDbEntity
  8
Defpoints
 62
     0
100
AcDbPoint
 10
-523740.9940015409
 20
-53887.80538900054
 30
0.0
 50
0.0
  0
ENDBLK
  5
4C6
330
4BA
100
AcDbEntity
  8
0
100
AcDbBlockEnd
  0
BLOCK
  5
4D2
330
4C7
100
AcDbEntity
  8
0
100
AcDbBlockBegin
  2
*D37
 70
     1
 10
0.0
 20
0.0
 30
0.0
  3
*D37
  1

  0
LINE
  5
6D6
330
4C7
100
AcDbEntity
  8
dimension
370
    -2
 62
     5
100
AcDbLine
 10
-523733.4849490091
 20
-53887.80538900054
 30
0.0
 11
-523744.9940015409
 21
-53887.80538900054
 31
0.0
  0
LINE
  5
6D7
330
4C7
100
AcDbEntity
  8
dimension
370
    -2
 62
     5
100
AcDbLine
 10
-523733.4849490091
 20
-53947.55538900054
 30
0.0
 11
-523744.9940015409
 21
-53947.55538900054
 31
0.0
  0
LINE
  5
6D8
330
4C7
100
AcDbEntity
  8
dimension
370
    -2
 62
     5
100
AcDbLine
 10
-523740.9940015409
 20
-53883.80538900054
 30
0.0
 11
-523740.9940015409
 21
-53910.88753185768
 31
0.0
  0
LINE
  5
6D9
330
4C7
100
AcDbEntity
  8
dimension
370
    -2
 62
     5
100
AcDbLine
 10
-523740.9940015409
 20
-53951.55538900054
 30
0.0
 11
-523740.9940015409
 21
-53924.4732461434
 31
0.0
  0
INSERT
  5
6DA
330
4C7
100
AcDbEntity
  8
dimension
370
    -2
 62
     5
100
AcDbBlockReference
  2
_ArchTick
 10
-523740.9940015409
 20
-53887.80538900054
 30
0.0
 41
3.0
 42
3.0
 43
3.0
 50
90.0
  0
INSERT
  5
6DB
330
4C7
100
AcDbEntity
  8
dimension
370
    -2
 62
     5
100
AcDbBlockReference
  2
_ArchTick
 10
-523740.9940015409
 20
-53947.55538900054
 30
0.0
 41
3.0
 42
3.0
 43
3.0
 50
270.0
  0
MTEXT
  5
6DC
330
4C7
100
AcDbEntity
  8
dimension
 62
     5
100
AcDbMText
 10
-523740.9940015409
 20
-53917.68038900063
 30
0.0
210
0.0
220
0.0
230
1.0
 11
6.123233995736766E-17
 21
1.0
 31
0.0
 40
6.0
 41
0.0
 46
0.0
 71
     5
 72
     1
  1
\A1;5'
  7
DIM
 73
     1
 44
1.0
  0
POINT
  5
6DD
330
4C7
100
AcDbEntity
  8
Defpoints
 62
     0
100
AcDbPoint
 10
-523729.4849490091
 20
-53887.80538900054
 30
0.0
 50
0.0
  0
POINT
  5
6DE
330
4C7
100
AcDbEntity
  8
Defpoints
 62
     0
100
AcDbPoint
 10
-523729.4849490091
 20
-53947.55538900054
 30
0.0
 50
0.0
  0
POINT
  5
6DF
330
4C7
100
AcDbEntity
  8
Defpoints
 62
     0
100
AcDbPoint
 10
-523740.9940015409
 20
-53947.55538900054
 30
0.0
 50
0.0
  0
ENDBLK
  5
4D3
330
4C7
100
AcDbEntity
  8
0
100
AcDbBlockEnd
  0
BLOCK
  5
4DF
330
4D4
100
AcDbEntity
  8
0
100
AcDbBlockBegin
  2
*D38
 70
     1
 10
0.0
 20
0.0
 30
0.0
  3
*D38
  1

  0
LINE
  5
6E0
330
4D4
100
AcDbEntity
  8
dimension
370
    -2
 62
     5
100
AcDbLine
 10
-523417.3847647737
 20
-53947.55538900054
 30
0.0
 11
-523401.3847647737
 21
-53947.55538900054
 31
0.0
  0
LINE
  5
6E1
330
4D4
100
AcDbEntity
  8
dimension
370
    -2
 62
     5
100
AcDbLine
 10
-523417.3847647737
 20
-53407.55538900054
 30
0.0
 11
-523401.3847647737
 21
-53407.55538900054
 31
0.0
  0
LINE
  5
6E2
330
4D4
100
AcDbEntity
  8
dimension
370
    -2
 62
     5
100
AcDbLine
 10
-523405.3847647737
 20
-53951.55538900054
 30
0.0
 11
-523405.3847647737
 21
-53686.77681757197
 31
0.0
  0
LINE
  5
6E3
330
4D4
100
AcDbEntity
  8
dimension
370
    -2
 62
     5
100
AcDbLine
 10
-523405.3847647737
 20
-53403.55538900054
 30
0.0
 11
-523405.3847647737
 21
-53668.33396042911
 31
0.0
  0
INSERT
  5
6E4
330
4D4
100
AcDbEntity
  8
dimension
370
    -2
 62
     5
100
AcDbBlockReference
  2
_ArchTick
 10
-523405.3847647737
 20
-53947.55538900054
 30
0.0
 41
3.0
 42
3.0
 43
3.0
 50
270.0
  0
INSERT
  5
6E5
330
4D4
100
AcDbEntity
  8
dimension
370
    -2
 62
     5
100
AcDbBlockReference
  2
_ArchTick
 10
-523405.3847647737
 20
-53407.55538900054
 30
0.0
 41
3.0
 42
3.0
 43
3.0
 50
90.0
  0
MTEXT
  5
6E6
330
4D4
100
AcDbEntity
  8
dimension
 62
     5
100
AcDbMText
 10
-523405.3847647737
 20
-53677.55538900063
 30
0.0
210
0.0
220
0.0
230
1.0
 11
6.123233995736766E-17
 21
1.0
 31
0.0
 40
6.0
 41
0.0
 46
0.0
 71
     5
 72
     1
  1
\A1;45'
  7
DIM
 73
     1
 44
1.0
  0
POINT
  5
6E7
330
4D4
100
AcDbEntity
  8
Defpoints
 62
     0
100
AcDbPoint
 10
-523429.4849490091
 20
-53947.55538900054
 30
0.0
 50
0.0
  0
POINT
  5
6E8
330
4D4
100
AcDbEntity
  8
Defpoints
 62
     0
100
AcDbPoint
 10
-523429.4849490091
 20
-53407.55538900054
 30
0.0
 50
0.0
  0
POINT
  5
6E9
330
4D4
100
AcDbEntity
  8
Defpoints
 62
     0
100
AcDbPoint
 10
-523405.3847647737
 20
-53407.55538900054
 30
0.0
 50
0.0
  0
ENDBLK
  5
4E0
330
4D4
100
AcDbEntity
  8
0
100
AcDbBlockEnd
  0
BLOCK
  5
4FC
330
4F1
100
AcDbEntity
  8
0
100
AcDbBlockBegin
  2
*D39
 70
     1
 10
0.0
 20
0.0
 30
0.0
  3
*D39
  1

  0
LINE
  5
6EE
330
4F1
100
AcDbEntity
  8
dimension
370
    -2
 62
     5
100
AcDbLine
 10
-522720.7903230991
 20
-53679.55538900054
 30
0.0
 11
-522720.7903230991
 21
-53684.78364875735
 31
0.0
  0
LINE
  5
6EF
330
4F1
100
AcDbEntity
  8
dimension
370
    -2
 62
     5
100
AcDbLine
 10
-522762.7903230994
 20
-53679.55538900054
 30
0.0
 11
-522762.7903230994
 21
-53684.78364875735
 31
0.0
  0
LINE
  5
6F0
330
4F1
100
AcDbEntity
  8
dimension
370
    -2
 62
     5
100
AcDbLine
 10
-522716.7903230991
 20
-53680.78364875735
 30
0.0
 11
-522727.4688945278
 21
-53680.78364875735
 31
0.0
  0
LINE
  5
6F1
330
4F1
100
AcDbEntity
  8
dimension
370
    -2
 62
     5
100
AcDbLine
 10
-522766.7903230994
 20
-53680.78364875735
 30
0.0
 11
-522756.1117516707
 21
-53680.78364875735
 31
0.0
  0
INSERT
  5
6F2
330
4F1
100
AcDbEntity
  8
dimension
370
    -2
 62
     5
100
AcDbBlockReference
  2
_ArchTick
 10
-522720.7903230991
 20
-53680.78364875735
 30
0.0
 41
3.0
 42
3.0
 43
3.0
  0
INSERT
  5
6F3
330
4F1
100
AcDbEntity
  8
dimension
370
    -2
 62
     5
100
AcDbBlockReference
  2
_ArchTick
 10
-522762.7903230994
 20
-53680.78364875735
 30
0.0
 41
3.0
 42
3.0
 43
3.0
 50
180.0
  0
MTEXT
  5
6F4
330
4F1
100
AcDbEntity
  8
dimension
 62
     5
100
AcDbMText
 10
-522741.7903230992
 20
-53680.78364875735
 30
0.0
210
0.0
220
0.0
230
1.0
 11
1.0
 21
0.0
 31
0.0
 40
6.0
 41
0.0
 46
0.0
 71
     5
 72
     1
  1
\A1;3'-6"
  7
DIM
 73
     1
 44
1.0
  0
POINT
  5
6F5
330
4F1
100
AcDbEntity
  8
Defpoints
 62
     0
100
AcDbPoint
 10
-522720.7903230991
 20
-53675.55538900054
 30
0.0
 50
0.0
  0
POINT
  5
6F6
330
4F1
100
AcDbEntity
  8
Defpoints
 62
     0
100
AcDbPoint
 10
-522762.7903230994
 20
-53675.55538900054
 30
0.0
 50
0.0
  0
POINT
  5
6F7
330
4F1
100
AcDbEntity
  8
Defpoints
 62
     0
100
AcDbPoint
 10
-522762.7903230994
 20
-53680.78364875735
 30
0.0
 50
0.0
  0
ENDBLK
  5
4FD
330
4F1
100
AcDbEntity
  8
0
100
AcDbBlockEnd
  0
BLOCK
  5
521
330
516
100
AcDbEntity
  8
0
100
AcDbBlockBegin
  2
*D40
 70
     1
 10
0.0
 20
0.0
 30
0.0
  3
*D40
  1

  0
LINE
  5
545
330
516
100
AcDbEntity
  8
dimension
370
    -2
 62
     5
100
AcDbLine
 10
-523745.5051799043
 20
-53947.55538900054
 30
0.0
 11
-523761.5051799043
 21
-53947.55538900054
 31
0.0
  0
LINE
  5
546
330
516
100
AcDbEntity
  8
dimension
370
    -2
 62
     5
100
AcDbLine
 10
-523745.5051799043
 20
-53407.55538900054
 30
0.0
 11
-523761.5051799043
 21
-53407.55538900054
 31
0.0
  0
LINE
  5
547
330
516
100
AcDbEntity
  8
dimension
370
    -2
 62
     5
100
AcDbLine
 10
-523757.5051799043
 20
-53951.55538900054
 30
0.0
 11
-523757.5051799043
 21
-53686.77681757197
 31
0.0
  0
LINE
  5
548
330
516
100
AcDbEntity
  8
dimension
370
    -2
 62
     5
100
AcDbLine
 10
-523757.5051799043
 20
-53403.55538900054
 30
0.0
 11
-523757.5051799043
 21
-53668.33396042911
 31
0.0
  0
INSERT
  5
549
330
516
100
AcDbEntity
  8
dimension
370
    -2
 62
     5
100
AcDbBlockReference
  2
_ArchTick
 10
-523757.5051799043
 20
-53947.55538900054
 30
0.0
 41
3.0
 42
3.0
 43
3.0
 50
270.0
  0
INSERT
  5
54A
330
516
100
AcDbEntity
  8
dimension
370
    -2
 62
     5
100
AcDbBlockReference
  2
_ArchTick
 10
-523757.5051799043
 20
-53407.55538900054
 30
0.0
 41
3.0
 42
3.0
 43
3.0
 50
90.0
  0
MTEXT
  5
54B
330
516
100
AcDbEntity
  8
dimension
 62
     5
100
AcDbMText
 10
-523757.5051799043
 20
-53677.55538900063
 30
0.0
210
0.0
220
0.0
230
1.0
 11
6.123233995736766E-17
 21
1.0
 31
0.0
 40
6.0
 41
0.0
 46
0.0
 71
     5
 72
     1
  1
\A1;45'
  7
DIM
 73
     1
 44
1.0
  0
POINT
  5
54C
330
516
100
AcDbEntity
  8
Defpoints
 62
     0
100
AcDbPoint
 10
-523729.4849490091
 20
-53947.55538900054
 30
0.0
 50
0.0
  0
POINT
  5
54D
330
516
100
AcDbEntity
  8
Defpoints
 62
     0
100
AcDbPoint
 10
-523729.4849490091
 20
-53407.55538900054
 30
0.0
 50
0.0
  0
POINT
  5
54E
330
516
100
AcDbEntity
  8
Defpoints
 62
     0
100
AcDbPoint
 10
-523757.5051799043
 20
-53407.55538900054
 30
0.0
 50
0.0
  0
ENDBLK
  5
522
330
516
100
AcDbEntity
  8
0
100
AcDbBlockEnd
  0
BLOCK
  5
58C
330
581
100
AcDbEntity
  8
0
100
AcDbBlockBegin
  2
*D42
 70
     1
 10
0.0
 20
0.0
 30
0.0
  3
*D42
  1

  0
LINE
  5
5AF
330
581
100
AcDbEntity
  8
dimension
370
    -2
 62
     5
100
AcDbLine
 10
-523425.4849490091
 20
-53473.55538900054
 30
0.0
 11
-523411.5985328633
 21
-53473.55538900054
 31
0.0
  0
LINE
  5
5B0
330
581
100
AcDbEntity
  8
dimension
370
    -2
 62
     5
100
AcDbLine
 10
-523425.4849490091
 20
-53887.80538900054
 30
0.0
 11
-523411.5985328633
 21
-53887.80538900054
 31
0.0
  0
LINE
  5
5B1
330
581
100
AcDbEntity
  8
dimension
370
    -2
 62
     5
100
AcDbLine
 10
-523415.5985328633
 20
-53469.55538900054
 30
0.0
 11
-523415.5985328633
 21
-53663.93038900054
 31
0.0
  0
LINE
  5
5B2
330
581
100
AcDbEntity
  8
dimension
370
    -2
 62
     5
100
AcDbLine
 10
-523415.5985328633
 20
-53891.80538900054
 30
0.0
 11
-523415.5985328633
 21
-53697.43038900054
 31
0.0
  0
INSERT
  5
5B3
330
581
100
AcDbEntity
  8
dimension
370
    -2
 62
     5
100
AcDbBlockReference
  2
_ArchTick
 10
-523415.5985328633
 20
-53473.55538900054
 30
0.0
 41
3.0
 42
3.0
 43
3.0
 50
90.0
  0
INSERT
  5
5B4
330
581
100
AcDbEntity
  8
dimension
370
    -2
 62
     5
100
AcDbBlockReference
  2
_ArchTick
 10
-523415.5985328633
 20
-53887.80538900054
 30
0.0
 41
3.0
 42
3.0
 43
3.0
 50
270.0
  0
MTEXT
  5
5B5
330
581
100
AcDbEntity
  8
dimension
 62
     5
100
AcDbMText
 10
-523415.5985328633
 20
-53680.68038900063
 30
0.0
210
0.0
220
0.0
230
1.0
 11
6.123233995736766E-17
 21
1.0
 31
0.0
 40
6.0
 41
0.0
 46
0.0
 71
     5
 72
     1
  1
\A1;34'-6"
  7
DIM
 73
     1
 44
1.0
  0
POINT
  5
5B6
330
581
100
AcDbEntity
  8
Defpoints
 62
     0
100
AcDbPoint
 10
-523429.4849490091
 20
-53473.55538900054
 30
0.0
 50
0.0
  0
POINT
  5
5B7
330
581
100
AcDbEntity
  8
Defpoints
 62
     0
100
AcDbPoint
 10
-523429.4849490091
 20
-53887.80538900054
 30
0.0
 50
0.0
  0
POINT
  5
5B8
330
581
100
AcDbEntity
  8
Defpoints
 62
     0
100
AcDbPoint
 10
-523415.5985328633
 20
-53887.80538900054
 30
0.0
 50
0.0
  0
ENDBLK
  5
58D
330
581
100
AcDbEntity
  8
0
100
AcDbBlockEnd
  0
BLOCK
  5
5AD
330
5A2
100
AcDbEntity
  8
0
100
AcDbBlockBegin
  2
*D43
 70
     1
 10
0.0
 20
0.0
 30
0.0
  3
*D43
  1

  0
LINE
  5
5C3
330
5A2
100
AcDbEntity
  8
dimension
370
    -2
 62
     5
100
AcDbLine
 10
-523425.4849490091
 20
-53887.80538900054
 30
0.0
 11
-523411.5985328632
 21
-53887.80538900054
 31
0.0
  0
LINE
  5
5C4
330
5A2
100
AcDbEntity
  8
dimension
370
    -2
 62
     5
100
AcDbLine
 10
-523425.4849490091
 20
-53947.55538900054
 30
0.0
 11
-523411.5985328632
 21
-53947.55538900054
 31
0.0
  0
LINE
  5
5C5
330
5A2
100
AcDbEntity
  8
dimension
370
    -2
 62
     5
100
AcDbLine
 10
-523415.5985328632
 20
-53883.80538900054
 30
0.0
 11
-523415.5985328632
 21
-53910.88753185768
 31
0.0
  0
LINE
  5
5C6
330
5A2
100
AcDbEntity
  8
dimension
370
    -2
 62
     5
100
AcDbLine
 10
-523415.5985328632
 20
-53951.55538900054
 30
0.0
 11
-523415.5985328632
 21
-53924.4732461434
 31
0.0
  0
INSERT
  5
5C7
330
5A2
100
AcDbEntity
  8
dimension
370
    -2
 62
     5
100
AcDbBlockReference
  2
_ArchTick
 10
-523415.5985328632
 20
-53887.80538900054
 30
0.0
 41
3.0
 42
3.0
 43
3.0
 50
90.0
  0
INSERT
  5
5C8
330
5A2
100
AcDbEntity
  8
dimension
370
    -2
 62
     5
100
AcDbBlockReference
  2
_ArchTick
 10
-523415.5985328632
 20
-53947.55538900054
 30
0.0
 41
3.0
 42
3.0
 43
3.0
 50
270.0
  0
MTEXT
  5
5C9
330
5A2
100
AcDbEntity
  8
dimension
 62
     5
100
AcDbMText
 10
-523415.5985328632
 20
-53917.68038900063
 30
0.0
210
0.0
220
0.0
230
1.0
 11
6.123233995736766E-17
 21
1.0
 31
0.0
 40
6.0
 41
0.0
 46
0.0
 71
     5
 72
     1
  1
\A1;5'
  7
DIM
 73
     1
 44
1.0
  0
POINT
  5
5CA
330
5A2
100
AcDbEntity
  8
Defpoints
 62
     0
100
AcDbPoint
 10
-523429.4849490091
 20
-53887.80538900054
 30
0.0
 50
0.0
  0
POINT
  5
5CB
330
5A2
100
AcDbEntity
  8
Defpoints
 62
     0
100
AcDbPoint
 10
-523429.4849490091
 20
-53947.55538900054
 30
0.0
 50
0.0
  0
POINT
  5
5CC
330
5A2
100
AcDbEntity
  8
Defpoints
 62
     0
100
AcDbPoint
 10
-523415.5985328632
 20
-53947.55538900054
 30
0.0
 50
0.0
  0
ENDBLK
  5
5AE
330
5A2
100
AcDbEntity
  8
0
100
AcDbBlockEnd
  0
BLOCK
  5
5EC
330
5E1
100
AcDbEntity
  8
0
100
AcDbBlockBegin
  2
*D44
 70
     1
 10
0.0
 20
0.0
 30
0.0
  3
*D44
  1

  0
LINE
  5
5E2
330
5E1
100
AcDbEntity
  8
dimension
370
    -2
 62
     5
100
AcDbLine
 10
-523362.4921481535
 20
-53887.80538900054
 30
0.0
 11
-523374.97755236
 21
-53887.80538900054
 31
0.0
  0
LINE
  5
5E3
330
5E1
100
AcDbEntity
  8
dimension
370
    -2
 62
     5
100
AcDbLine
 10
-523362.4921481535
 20
-53737.55538900057
 30
0.0
 11
-523374.97755236
 21
-53737.55538900057
 31
0.0
  0
LINE
  5
5E4
330
5E1
100
AcDbEntity
  8
dimension
370
    -2
 62
     5
100
AcDbLine
 10
-523370.97755236
 20
-53891.80538900054
 30
0.0
 11
-523370.97755236
 21
-53831.13038900055
 31
0.0
  0
LINE
  5
5E5
330
5E1
100
AcDbEntity
  8
dimension
370
    -2
 62
     5
100
AcDbLine
 10
-523370.97755236
 20
-53733.55538900057
 30
0.0
 11
-523370.97755236
 21
-53794.23038900056
 31
0.0
  0
INSERT
  5
5E6
330
5E1
100
AcDbEntity
  8
dimension
370
    -2
 62
     5
100
AcDbBlockReference
  2
_ArchTick
 10
-523370.97755236
 20
-53887.80538900054
 30
0.0
 41
3.0
 42
3.0
 43
3.0
 50
270.0
  0
INSERT
  5
5E7
330
5E1
100
AcDbEntity
  8
dimension
370
    -2
 62
     5
100
AcDbBlockReference
  2
_ArchTick
 10
-523370.97755236
 20
-53737.55538900057
 30
0.0
 41
3.0
 42
3.0
 43
3.0
 50
90.0
  0
MTEXT
  5
5E8
330
5E1
100
AcDbEntity
  8
dimension
 62
     5
100
AcDbMText
 10
-523370.97755236
 20
-53812.68038900064
 30
0.0
210
0.0
220
0.0
230
1.0
 11
6.123233995736766E-17
 21
1.0
 31
0.0
 40
6.0
 41
0.0
 46
0.0
 71
     5
 72
     1
  1
\A1;12'-6{\H1.000000x;\S1/2;}"
  7
DIM
 73
     1
 44
1.0
  0
POINT
  5
5E9
330
5E1
100
AcDbEntity
  8
Defpoints
 62
     0
100
AcDbPoint
 10
-523358.4921481535
 20
-53887.80538900054
 30
0.0
 50
0.0
  0
POINT
  5
5EA
330
5E1
100
AcDbEntity
  8
Defpoints
 62
     0
100
AcDbPoint
 10
-523358.4921481535
 20
-53737.55538900057
 30
0.0
 50
0.0
  0
POINT
  5
5EB
330
5E1
100
AcDbEntity
  8
Defpoints
 62
     0
100
AcDbPoint
 10
-523370.97755236
 20
-53737.55538900057
 30
0.0
 50
0.0
  0
ENDBLK
  5
5ED
330
5E1
100
AcDbEntity
  8
0
100
AcDbBlockEnd
  0
BLOCK
  5
5F9
330
5EE
100
AcDbEntity
  8
0
100
AcDbBlockBegin
  2
*D45
 70
     1
 10
0.0
 20
0.0
 30
0.0
  3
*D45
  1

  0
LINE
  5
5EF
330
5EE
100
AcDbEntity
  8
dimension
370
    -2
 62
     5
100
AcDbLine
 10
-523208.4921481537
 20
-53891.80538900066
 30
0.0
 11
-523208.4921481537
 21
-53897.1589852873
 31
0.0
  0
LINE
  5
5F0
330
5EE
100
AcDbEntity
  8
dimension
370
    -2
 62
     5
100
AcDbLine
 10
-523358.4921481535
 20
-53891.80538900054
 30
0.0
 11
-523358.4921481535
 21
-53897.15898528718
 31
0.0
  0
LINE
  5
5F1
330
5EE
100
AcDbEntity
  8
dimension
370
    -2
 62
     5
100
AcDbLine
 10
-523204.4921481537
 20
-53893.15898528731
 30
0.0
 11
-523267.1064338679
 21
-53893.15898528726
 31
0.0
  0
LINE
  5
5F2
330
5EE
100
AcDbEntity
  8
dimension
370
    -2
 62
     5
100
AcDbLine
 10
-523362.4921481535
 20
-53893.15898528718
 30
0.0
 11
-523299.8778624393
 21
-53893.15898528723
 31
0.0
  0
INSERT
  5
5F3
330
5EE
100
AcDbEntity
  8
dimension
370
    -2
 62
     5
100
AcDbBlockReference
  2
_ArchTick
 10
-523208.4921481537
 20
-53893.1589852873
 30
0.0
 41
3.0
 42
3.0
 43
3.0
 50
359.9999999999555
  0
INSERT
  5
5F4
330
5EE
100
AcDbEntity
  8
dimension
370
    -2
 62
     5
100
AcDbBlockReference
  2
_ArchTick
 10
-523358.4921481535
 20
-53893.15898528718
 30
0.0
 41
3.0
 42
3.0
 43
3.0
 50
179.9999999999555
  0
MTEXT
  5
5F5
330
5EE
100
AcDbEntity
  8
dimension
 62
     5
100
AcDbMText
 10
-523283.4921481536
 20
-53893.15898528724
 30
0.0
210
0.0
220
0.0
230
1.0
 11
1.0
 21
-7.762679388179095E-13
 31
0.0
 40
6.0
 41
0.0
 46
0.0
 71
     5
 72
     1
  1
\A1;12'-6"
  7
DIM
 73
     1
 44
1.0
  0
POINT
  5
5F6
330
5EE
100
AcDbEntity
  8
Defpoints
 62
     0
100
AcDbPoint
 10
-523208.4921481537
 20
-53887.80538900066
 30
0.0
 50
0.0
  0
POINT
  5
5F7
330
5EE
100
AcDbEntity
  8
Defpoints
 62
     0
100
AcDbPoint
 10
-523358.4921481535
 20
-53887.80538900054
 30
0.0
 50
0.0
  0
POINT
  5
5F8
330
5EE
100
AcDbEntity
  8
Defpoints
 62
     0
100
AcDbPoint
 10
-523358.4921481535
 20
-53893.15898528718
 30
0.0
 50
0.0
  0
ENDBLK
  5
5FA
330
5EE
100
AcDbEntity
  8
0
100
AcDbBlockEnd
  0
BLOCK
  5
606
330
5FB
100
AcDbEntity
  8
0
100
AcDbBlockBegin
  2
*D46
 70
     1
 10
0.0
 20
0.0
 30
0.0
  3
*D46
  1

  0
LINE
  5
5FC
330
5FB
100
AcDbEntity
  8
dimension
370
    -2
 62
     5
100
AcDbLine
 10
-523286.4921481535
 20
-53627.55538900095
 30
0.0
 11
-523286.4921481535
 21
-53635.47739300434
 31
0.0
  0
LINE
  5
5FD
330
5FB
100
AcDbEntity
  8
dimension
370
    -2
 62
     5
100
AcDbLine
 10
-523358.4921481536
 20
-53627.55538900057
 30
0.0
 11
-523358.4921481536
 21
-53635.47739300434
 31
0.0
  0
LINE
  5
5FE
330
5FB
100
AcDbEntity
  8
dimension
370
    -2
 62
     5
100
AcDbLine
 10
-523282.4921481535
 20
-53631.47739300434
 30
0.0
 11
-523315.8207195821
 21
-53631.47739300434
 31
0.0
  0
LINE
  5
5FF
330
5FB
100
AcDbEntity
  8
dimension
370
    -2
 62
     5
100
AcDbLine
 10
-523362.4921481536
 20
-53631.47739300434
 30
0.0
 11
-523329.163576725
 21
-53631.47739300434
 31
0.0
  0
INSERT
  5
600
330
5FB
100
AcDbEntity
  8
dimension
370
    -2
 62
     5
100
AcDbBlockReference
  2
_ArchTick
 10
-523286.4921481535
 20
-53631.47739300434
 30
0.0
 41
3.0
 42
3.0
 43
3.0
  0
INSERT
  5
601
330
5FB
100
AcDbEntity
  8
dimension
370
    -2
 62
     5
100
AcDbBlockReference
  2
_ArchTick
 10
-523358.4921481536
 20
-53631.47739300434
 30
0.0
 41
3.0
 42
3.0
 43
3.0
 50
180.0
  0
MTEXT
  5
602
330
5FB
100
AcDbEntity
  8
dimension
 62
     5
100
AcDbMText
 10
-523322.4921481535
 20
-53631.47739300434
 30
0.0
210
0.0
220
0.0
230
1.0
 11
1.0
 21
0.0
 31
0.0
 40
6.0
 41
0.0
 46
0.0
 71
     5
 72
     1
  1
\A1;6'
  7
DIM
 73
     1
 44
1.0
  0
POINT
  5
603
330
5FB
100
AcDbEntity
  8
Defpoints
 62
     0
100
AcDbPoint
 10
-523286.4921481535
 20
-53623.55538900095
 30
0.0
 50
0.0
  0
POINT
  5
604
330
5FB
100
AcDbEntity
  8
Defpoints
 62
     0
100
AcDbPoint
 10
-523358.4921481536
 20
-53623.55538900057
 30
0.0
 50
0.0
  0
POINT
  5
605
330
5FB
100
AcDbEntity
  8
Defpoints
 62
     0
100
AcDbPoint
 10
-523358.4921481536
 20
-53631.47739300434
 30
0.0
 50
0.0
  0
ENDBLK
  5
607
330
5FB
100
AcDbEntity
  8
0
100
AcDbBlockEnd
  0
BLOCK
  5
613
330
608
100
AcDbEntity
  8
0
100
AcDbBlockBegin
  2
*D47
 70
     1
 10
0.0
 20
0.0
 30
0.0
  3
*D47
  1

  0
LINE
  5
609
330
608
100
AcDbEntity
  8
dimension
370
    -2
 62
     5
100
AcDbLine
 10
-523362.4921481535
 20
-53623.55538900057
 30
0.0
 11
-523374.97755236
 21
-53623.55538900057
 31
0.0
  0
LINE
  5
60A
330
608
100
AcDbEntity
  8
dimension
370
    -2
 62
     5
100
AcDbLine
 10
-523362.4921481535
 20
-53737.55538900057
 30
0.0
 11
-523374.97755236
 21
-53737.55538900057
 31
0.0
  0
LINE
  5
60B
330
608
100
AcDbEntity
  8
dimension
370
    -2
 62
     5
100
AcDbLine
 10
-523370.97755236
 20
-53619.55538900057
 30
0.0
 11
-523370.97755236
 21
-53666.23396042914
 31
0.0
  0
LINE
  5
60C
330
608
100
AcDbEntity
  8
dimension
370
    -2
 62
     5
100
AcDbLine
 10
-523370.97755236
 20
-53741.55538900057
 30
0.0
 11
-523370.97755236
 21
-53694.876817572
 31
0.0
  0
INSERT
  5
60D
330
608
100
AcDbEntity
  8
dimension
370
    -2
 62
     5
100
AcDbBlockReference
  2
_ArchTick
 10
-523370.97755236
 20
-53623.55538900057
 30
0.0
 41
3.0
 42
3.0
 43
3.0
 50
90.0
  0
INSERT
  5
60E
330
608
100
AcDbEntity
  8
dimension
370
    -2
 62
     5
100
AcDbBlockReference
  2
_ArchTick
 10
-523370.97755236
 20
-53737.55538900057
 30
0.0
 41
3.0
 42
3.0
 43
3.0
 50
270.0
  0
MTEXT
  5
60F
330
608
100
AcDbEntity
  8
dimension
 62
     5
100
AcDbMText
 10
-523370.97755236
 20
-53680.55538900066
 30
0.0
210
0.0
220
0.0
230
1.0
 11
6.123233995736766E-17
 21
1.0
 31
0.0
 40
6.0
 41
0.0
 46
0.0
 71
     5
 72
     1
  1
\A1;9'-6"
  7
DIM
 73
     1
 44
1.0
  0
POINT
  5
610
330
608
100
AcDbEntity
  8
Defpoints
 62
     0
100
AcDbPoint
 10
-523358.4921481535
 20
-53623.55538900057
 30
0.0
 50
0.0
  0
POINT
  5
611
330
608
100
AcDbEntity
  8
Defpoints
 62
     0
100
AcDbPoint
 10
-523358.4921481535
 20
-53737.55538900057
 30
0.0
 50
0.0
  0
POINT
  5
612
330
608
100
AcDbEntity
  8
Defpoints
 62
     0
100
AcDbPoint
 10
-523370.97755236
 20
-53737.55538900057
 30
0.0
 50
0.0
  0
ENDBLK
  5
614
330
608
100
AcDbEntity
  8
0
100
AcDbBlockEnd
  0
BLOCK
  5
620
330
615
100
AcDbEntity
  8
0
100
AcDbBlockBegin
  2
*D48
 70
     1
 10
0.0
 20
0.0
 30
0.0
  3
*D48
  1

  0
LINE
  5
616
330
615
100
AcDbEntity
  8
dimension
370
    -2
 62
     5
100
AcDbLine
 10
-523362.4921481535
 20
-53623.55538900057
 30
0.0
 11
-523374.97755236
 21
-53623.55538900057
 31
0.0
  0
LINE
  5
617
330
615
100
AcDbEntity
  8
dimension
370
    -2
 62
     5
100
AcDbLine
 10
-523362.4921481535
 20
-53473.55538900054
 30
0.0
 11
-523374.97755236
 21
-53473.55538900054
 31
0.0
  0
LINE
  5
618
330
615
100
AcDbEntity
  8
dimension
370
    -2
 62
     5
100
AcDbLine
 10
-523370.97755236
 20
-53627.55538900057
 30
0.0
 11
-523370.97755236
 21
-53564.94110328627
 31
0.0
  0
LINE
  5
619
330
615
100
AcDbEntity
  8
dimension
370
    -2
 62
     5
100
AcDbLine
 10
-523370.97755236
 20
-53469.55538900054
 30
0.0
 11
-523370.97755236
 21
-53532.16967471484
 31
0.0
  0
INSERT
  5
61A
330
615
100
AcDbEntity
  8
dimension
370
    -2
 62
     5
100
AcDbBlockReference
  2
_ArchTick
 10
-523370.97755236
 20
-53623.55538900057
 30
0.0
 41
3.0
 42
3.0
 43
3.0
 50
270.0
  0
INSERT
  5
61B
330
615
100
AcDbEntity
  8
dimension
370
    -2
 62
     5
100
AcDbBlockReference
  2
_ArchTick
 10
-523370.97755236
 20
-53473.55538900054
 30
0.0
 41
3.0
 42
3.0
 43
3.0
 50
90.0
  0
MTEXT
  5
61C
330
615
100
AcDbEntity
  8
dimension
 62
     5
100
AcDbMText
 10
-523370.97755236
 20
-53548.55538900064
 30
0.0
210
0.0
220
0.0
230
1.0
 11
6.123233995736766E-17
 21
1.0
 31
0.0
 40
6.0
 41
0.0
 46
0.0
 71
     5
 72
     1
  1
\A1;12'-6"
  7
DIM
 73
     1
 44
1.0
  0
POINT
  5
61D
330
615
100
AcDbEntity
  8
Defpoints
 62
     0
100
AcDbPoint
 10
-523358.4921481535
 20
-53623.55538900057
 30
0.0
 50
0.0
  0
POINT
  5
61E
330
615
100
AcDbEntity
  8
Defpoints
 62
     0
100
AcDbPoint
 10
-523358.4921481535
 20
-53473.55538900054
 30
0.0
 50
0.0
  0
POINT
  5
61F
330
615
100
AcDbEntity
  8
Defpoints
 62
     0
100
AcDbPoint
 10
-523370.97755236
 20
-53473.55538900054
 30
0.0
 50
0.0
  0
ENDBLK
  5
621
330
615
100
AcDbEntity
  8
0
100
AcDbBlockEnd
  0
BLOCK
  5
62D
330
622
100
AcDbEntity
  8
0
100
AcDbBlockBegin
  2
*D49
 70
     1
 10
0.0
 20
0.0
 30
0.0
  3
*D49
  1

  0
LINE
  5
623
330
622
100
AcDbEntity
  8
dimension
370
    -2
 62
     5
100
AcDbLine
 10
-523058.4921481536
 20
-53469.55538900054
 30
0.0
 11
-523058.4921481536
 21
-53457.54873222084
 31
0.0
  0
LINE
  5
624
330
622
100
AcDbEntity
  8
dimension
370
    -2
 62
     5
100
AcDbLine
 10
-523358.4921481536
 20
-53469.55538900054
 30
0.0
 11
-523358.4921481536
 21
-53457.54873222084
 31
0.0
  0
LINE
  5
625
330
622
100
AcDbEntity
  8
dimension
370
    -2
 62
     5
100
AcDbLine
 10
-523054.4921481536
 20
-53461.54873222084
 30
0.0
 11
-523187.2707195822
 21
-53461.54873222084
 31
0.0
  0
LINE
  5
626
330
622
100
AcDbEntity
  8
dimension
370
    -2
 62
     5
100
AcDbLine
 10
-523362.4921481536
 20
-53461.54873222084
 30
0.0
 11
-523205.713576725
 21
-53461.54873222084
 31
0.0
  0
MTEXT
  5
627
330
622
100
AcDbEntity
  8
dimension
 62
     5
100
AcDbMText
 10
-523196.4921481536
 20
-53461.54873222084
 30
0.0
210
0.0
220
0.0
230
1.0
 11
1.0
 21
0.0
 31
0.0
 40
6.0
 41
0.0
 46
0.0
 71
     5
 72
     1
  1
\A1;25'
  7
DIM
 73
     1
 44
1.0
  0
INSERT
  5
628
330
622
100
AcDbEntity
  8
dimension
370
    -2
 62
     5
100
AcDbBlockReference
  2
_ArchTick
 10
-523058.4921481536
 20
-53461.54873222084
 30
0.0
 41
3.0
 42
3.0
 43
3.0
  0
INSERT
  5
629
330
622
100
AcDbEntity
  8
dimension
370
    -2
 62
     5
100
AcDbBlockReference
  2
_ArchTick
 10
-523358.4921481536
 20
-53461.54873222084
 30
0.0
 41
3.0
 42
3.0
 43
3.0
 50
180.0
  0
POINT
  5
62A
330
622
100
AcDbEntity
  8
Defpoints
 62
     0
100
AcDbPoint
 10
-523058.4921481536
 20
-53473.55538900054
 30
0.0
 50
0.0
  0
POINT
  5
62B
330
622
100
AcDbEntity
  8
Defpoints
 62
     0
100
AcDbPoint
 10
-523358.4921481536
 20
-53473.55538900054
 30
0.0
 50
0.0
  0
POINT
  5
62C
330
622
100
AcDbEntity
  8
Defpoints
 62
     0
100
AcDbPoint
 10
-523358.4921481536
 20
-53461.54873222084
 30
0.0
 50
0.0
  0
ENDBLK
  5
62E
330
622
100
AcDbEntity
  8
0
100
AcDbBlockEnd
  0
BLOCK
  5
63A
330
62F
100
AcDbEntity
  8
0
100
AcDbBlockBegin
  2
*D50
 70
     1
 10
0.0
 20
0.0
 30
0.0
  3
*D50
  1

  0
LINE
  5
630
330
62F
100
AcDbEntity
  8
dimension
370
    -2
 62
     5
100
AcDbLine
 10
-523054.4921481537
 20
-53746.55538900054
 30
0.0
 11
-523043.4192989246
 21
-53746.55538900054
 31
0.0
  0
LINE
  5
631
330
62F
100
AcDbEntity
  8
dimension
370
    -2
 62
     5
100
AcDbLine
 10
-523054.4921481536
 20
-53473.55538900054
 30
0.0
 11
-523043.4192989246
 21
-53473.55538900054
 31
0.0
  0
LINE
  5
632
330
62F
100
AcDbEntity
  8
dimension
370
    -2
 62
     5
100
AcDbLine
 10
-523047.4192989246
 20
-53750.55538900054
 30
0.0
 11
-523047.4192989246
 21
-53626.80538900054
 31
0.0
  0
LINE
  5
633
330
62F
100
AcDbEntity
  8
dimension
370
    -2
 62
     5
100
AcDbLine
 10
-523047.4192989246
 20
-53469.55538900054
 30
0.0
 11
-523047.4192989246
 21
-53593.30538900054
 31
0.0
  0
INSERT
  5
634
330
62F
100
AcDbEntity
  8
dimension
370
    -2
 62
     5
100
AcDbBlockReference
  2
_ArchTick
 10
-523047.4192989246
 20
-53746.55538900054
 30
0.0
 41
3.0
 42
3.0
 43
3.0
 50
270.0
  0
INSERT
  5
635
330
62F
100
AcDbEntity
  8
dimension
370
    -2
 62
     5
100
AcDbBlockReference
  2
_ArchTick
 10
-523047.4192989246
 20
-53473.55538900054
 30
0.0
 41
3.0
 42
3.0
 43
3.0
 50
90.0
  0
MTEXT
  5
636
330
62F
100
AcDbEntity
  8
dimension
 62
     5
100
AcDbMText
 10
-523047.4192989246
 20
-53610.05538900063
 30
0.0
210
0.0
220
0.0
230
1.0
 11
6.123233995736766E-17
 21
1.0
 31
0.0
 40
6.0
 41
0.0
 46
0.0
 71
     5
 72
     1
  1
\A1;22'-9"
  7
DIM
 73
     1
 44
1.0
  0
POINT
  5
637
330
62F
100
AcDbEntity
  8
Defpoints
 62
     0
100
AcDbPoint
 10
-523058.4921481537
 20
-53746.55538900054
 30
0.0
 50
0.0
  0
POINT
  5
638
330
62F
100
AcDbEntity
  8
Defpoints
 62
     0
100
AcDbPoint
 10
-523058.4921481536
 20
-53473.55538900054
 30
0.0
 50
0.0
  0
POINT
  5
639
330
62F
100
AcDbEntity
  8
Defpoints
 62
     0
100
AcDbPoint
 10
-523047.4192989246
 20
-53473.55538900054
 30
0.0
 50
0.0
  0
ENDBLK
  5
63B
330
62F
100
AcDbEntity
  8
0
100
AcDbBlockEnd
  0
BLOCK
  5
647
330
63C
100
AcDbEntity
  8
0
100
AcDbBlockBegin
  2
*D51
 70
     1
 10
0.0
 20
0.0
 30
0.0
  3
*D51
  1

  0
LINE
  5
63D
330
63C
100
AcDbEntity
  8
dimension
370
    -2
 62
     5
100
AcDbLine
 10
-522903.7903230992
 20
-53469.55538900054
 30
0.0
 11
-522903.7903230992
 21
-53461.75582425998
 31
0.0
  0
LINE
  5
63E
330
63C
100
AcDbEntity
  8
dimension
370
    -2
 62
     5
100
AcDbLine
 10
-522711.7903230992
 20
-53469.55538900054
 30
0.0
 11
-522711.7903230992
 21
-53461.75582425998
 31
0.0
  0
LINE
  5
63F
330
63C
100
AcDbEntity
  8
dimension
370
    -2
 62
     5
100
AcDbLine
 10
-522907.7903230992
 20
-53465.75582425998
 30
0.0
 11
-522816.6474659564
 21
-53465.75582425998
 31
0.0
  0
LINE
  5
640
330
63C
100
AcDbEntity
  8
dimension
370
    -2
 62
     5
100
AcDbLine
 10
-522707.7903230992
 20
-53465.75582425998
 30
0.0
 11
-522798.9331802421
 21
-53465.75582425998
 31
0.0
  0
INSERT
  5
641
330
63C
100
AcDbEntity
  8
dimension
370
    -2
 62
     5
100
AcDbBlockReference
  2
_ArchTick
 10
-522903.7903230992
 20
-53465.75582425998
 30
0.0
 41
3.0
 42
3.0
 43
3.0
 50
180.0
  0
INSERT
  5
642
330
63C
100
AcDbEntity
  8
dimension
370
    -2
 62
     5
100
AcDbBlockReference
  2
_ArchTick
 10
-522711.7903230992
 20
-53465.75582425998
 30
0.0
 41
3.0
 42
3.0
 43
3.0
  0
MTEXT
  5
643
330
63C
100
AcDbEntity
  8
dimension
 62
     5
100
AcDbMText
 10
-522807.7903230992
 20
-53465.75582425998
 30
0.0
210
0.0
220
0.0
230
1.0
 11
1.0
 21
0.0
 31
0.0
 40
6.0
 41
0.0
 46
0.0
 71
     5
 72
     1
  1
\A1;16'
  7
DIM
 73
     1
 44
1.0
  0
POINT
  5
644
330
63C
100
AcDbEntity
  8
Defpoints
 62
     0
100
AcDbPoint
 10
-522903.7903230992
 20
-53473.55538900054
 30
0.0
 50
0.0
  0
POINT
  5
645
330
63C
100
AcDbEntity
  8
Defpoints
 62
     0
100
AcDbPoint
 10
-522711.7903230992
 20
-53473.55538900054
 30
0.0
 50
0.0
  0
POINT
  5
646
330
63C
100
AcDbEntity
  8
Defpoints
 62
     0
100
AcDbPoint
 10
-522711.7903230992
 20
-53465.75582425998
 30
0.0
 50
0.0
  0
ENDBLK
  5
648
330
63C
100
AcDbEntity
  8
0
100
AcDbBlockEnd
  0
BLOCK
  5
654
330
649
100
AcDbEntity
  8
0
100
AcDbBlockBegin
  2
*D52
 70
     1
 10
0.0
 20
0.0
 30
0.0
  3
*D52
  1

  0
LINE
  5
64A
330
649
100
AcDbEntity
  8
dimension
370
    -2
 62
     5
100
AcDbLine
 10
-522707.7903230992
 20
-53473.55538900054
 30
0.0
 11
-522696.1148514525
 21
-53473.55538900054
 31
0.0
  0
LINE
  5
64B
330
649
100
AcDbEntity
  8
dimension
370
    -2
 62
     5
100
AcDbLine
 10
-522707.7903230994
 20
-53746.55538900054
 30
0.0
 11
-522696.1148514525
 21
-53746.55538900054
 31
0.0
  0
LINE
  5
64C
330
649
100
AcDbEntity
  8
dimension
370
    -2
 62
     5
100
AcDbLine
 10
-522700.1148514525
 20
-53469.55538900054
 30
0.0
 11
-522700.1148514525
 21
-53593.30538900054
 31
0.0
  0
LINE
  5
64D
330
649
100
AcDbEntity
  8
dimension
370
    -2
 62
     5
100
AcDbLine
 10
-522700.1148514525
 20
-53750.55538900054
 30
0.0
 11
-522700.1148514525
 21
-53626.80538900054
 31
0.0
  0
INSERT
  5
64E
330
649
100
AcDbEntity
  8
dimension
370
    -2
 62
     5
100
AcDbBlockReference
  2
_ArchTick
 10
-522700.1148514525
 20
-53473.55538900054
 30
0.0
 41
3.0
 42
3.0
 43
3.0
 50
90.0
  0
INSERT
  5
64F
330
649
100
AcDbEntity
  8
dimension
370
    -2
 62
     5
100
AcDbBlockReference
  2
_ArchTick
 10
-522700.1148514525
 20
-53746.55538900054
 30
0.0
 41
3.0
 42
3.0
 43
3.0
 50
270.0
  0
MTEXT
  5
650
330
649
100
AcDbEntity
  8
dimension
 62
     5
100
AcDbMText
 10
-522700.1148514525
 20
-53610.05538900063
 30
0.0
210
0.0
220
0.0
230
1.0
 11
6.123233995736766E-17
 21
1.0
 31
0.0
 40
6.0
 41
0.0
 46
0.0
 71
     5
 72
     1
  1
\A1;22'-9"
  7
DIM
 73
     1
 44
1.0
  0
POINT
  5
651
330
649
100
AcDbEntity
  8
Defpoints
 62
     0
100
AcDbPoint
 10
-522711.7903230992
 20
-53473.55538900054
 30
0.0
 50
0.0
  0
POINT
  5
652
330
649
100
AcDbEntity
  8
Defpoints
 62
     0
100
AcDbPoint
 10
-522711.7903230994
 20
-53746.55538900054
 30
0.0
 50
0.0
  0
POINT
  5
653
330
649
100
AcDbEntity
  8
Defpoints
 62
     0
100
AcDbPoint
 10
-522700.1148514525
 20
-53746.55538900054
 30
0.0
 50
0.0
  0
ENDBLK
  5
655
330
649
100
AcDbEntity
  8
0
100
AcDbBlockEnd
  0
BLOCK
  5
661
330
656
100
AcDbEntity
  8
0
100
AcDbBlockBegin
  2
*D53
 70
     1
 10
0.0
 20
0.0
 30
0.0
  3
*D53
  1

  0
LINE
  5
657
330
656
100
AcDbEntity
  8
dimension
370
    -2
 62
     5
100
AcDbLine
 10
-523054.4921481537
 20
-53746.55538900054
 30
0.0
 11
-523043.4192989246
 21
-53746.55538900054
 31
0.0
  0
LINE
  5
658
330
656
100
AcDbEntity
  8
dimension
370
    -2
 62
     5
100
AcDbLine
 10
-523054.4921481536
 20
-53887.80538900054
 30
0.0
 11
-523043.4192989246
 21
-53887.80538900054
 31
0.0
  0
LINE
  5
659
330
656
100
AcDbEntity
  8
dimension
370
    -2
 62
     5
100
AcDbLine
 10
-523047.4192989246
 20
-53742.55538900054
 30
0.0
 11
-523047.4192989246
 21
-53798.73038900054
 31
0.0
  0
LINE
  5
65A
330
656
100
AcDbEntity
  8
dimension
370
    -2
 62
     5
100
AcDbLine
 10
-523047.4192989246
 20
-53891.80538900054
 30
0.0
 11
-523047.4192989246
 21
-53835.63038900054
 31
0.0
  0
INSERT
  5
65B
330
656
100
AcDbEntity
  8
dimension
370
    -2
 62
     5
100
AcDbBlockReference
  2
_ArchTick
 10
-523047.4192989246
 20
-53746.55538900054
 30
0.0
 41
3.0
 42
3.0
 43
3.0
 50
90.0
  0
INSERT
  5
65C
330
656
100
AcDbEntity
  8
dimension
370
    -2
 62
     5
100
AcDbBlockReference
  2
_ArchTick
 10
-523047.4192989246
 20
-53887.80538900054
 30
0.0
 41
3.0
 42
3.0
 43
3.0
 50
270.0
  0
MTEXT
  5
65D
330
656
100
AcDbEntity
  8
dimension
 62
     5
100
AcDbMText
 10
-523047.4192989246
 20
-53817.18038900063
 30
0.0
210
0.0
220
0.0
230
1.0
 11
6.123233995736766E-17
 21
1.0
 31
0.0
 40
6.0
 41
0.0
 46
0.0
 71
     5
 72
     1
  1
\A1;11'-9{\H1.000000x;\S1/2;}"
  7
DIM
 73
     1
 44
1.0
  0
POINT
  5
65E
330
656
100
AcDbEntity
  8
Defpoints
 62
     0
100
AcDbPoint
 10
-523058.4921481537
 20
-53746.55538900054
 30
0.0
 50
0.0
  0
POINT
  5
65F
330
656
100
AcDbEntity
  8
Defpoints
 62
     0
100
AcDbPoint
 10
-523058.4921481536
 20
-53887.80538900054
 30
0.0
 50
0.0
  0
POINT
  5
660
330
656
100
AcDbEntity
  8
Defpoints
 62
     0
100
AcDbPoint
 10
-523047.4192989246
 20
-53887.80538900054
 30
0.0
 50
0.0
  0
ENDBLK
  5
662
330
656
100
AcDbEntity
  8
0
100
AcDbBlockEnd
  0
BLOCK
  5
66F
330
664
100
AcDbEntity
  8
0
100
AcDbBlockBegin
  2
*D54
 70
     1
 10
0.0
 20
0.0
 30
0.0
  3
*D54
  1

  0
LINE
  5
672
330
664
100
AcDbEntity
  8
dimension
370
    -2
 62
     5
100
AcDbLine
 10
-523208.4921481537
 20
-53891.80538900066
 30
0.0
 11
-523208.4921481537
 21
-53897.1589852873
 31
0.0
  0
LINE
  5
673
330
664
100
AcDbEntity
  8
dimension
370
    -2
 62
     5
100
AcDbLine
 10
-523058.4921481536
 20
-53891.80538900054
 30
0.0
 11
-523058.4921481536
 21
-53897.1589852873
 31
0.0
  0
LINE
  5
674
330
664
100
AcDbEntity
  8
dimension
370
    -2
 62
     5
100
AcDbLine
 10
-523212.4921481537
 20
-53893.1589852873
 30
0.0
 11
-523149.8778624394
 21
-53893.1589852873
 31
0.0
  0
LINE
  5
675
330
664
100
AcDbEntity
  8
dimension
370
    -2
 62
     5
100
AcDbLine
 10
-523054.4921481536
 20
-53893.1589852873
 30
0.0
 11
-523117.1064338679
 21
-53893.1589852873
 31
0.0
  0
INSERT
  5
676
330
664
100
AcDbEntity
  8
dimension
370
    -2
 62
     5
100
AcDbBlockReference
  2
_ArchTick
 10
-523208.4921481537
 20
-53893.1589852873
 30
0.0
 41
3.0
 42
3.0
 43
3.0
 50
180.0
  0
INSERT
  5
677
330
664
100
AcDbEntity
  8
dimension
370
    -2
 62
     5
100
AcDbBlockReference
  2
_ArchTick
 10
-523058.4921481536
 20
-53893.1589852873
 30
0.0
 41
3.0
 42
3.0
 43
3.0
  0
MTEXT
  5
678
330
664
100
AcDbEntity
  8
dimension
 62
     5
100
AcDbMText
 10
-523133.4921481537
 20
-53893.1589852873
 30
0.0
210
0.0
220
0.0
230
1.0
 11
1.0
 21
0.0
 31
0.0
 40
6.0
 41
0.0
 46
0.0
 71
     5
 72
     1
  1
\A1;12'-6"
  7
DIM
 73
     1
 44
1.0
  0
POINT
  5
679
330
664
100
AcDbEntity
  8
Defpoints
 62
     0
100
AcDbPoint
 10
-523208.4921481537
 20
-53887.80538900066
 30
0.0
 50
0.0
  0
POINT
  5
67A
330
664
100
AcDbEntity
  8
Defpoints
 62
     0
100
AcDbPoint
 10
-523058.4921481536
 20
-53887.80538900054
 30
0.0
 50
0.0
  0
POINT
  5
67B
330
664
100
AcDbEntity
  8
Defpoints
 62
     0
100
AcDbPoint
 10
-523058.4921481536
 20
-53893.1589852873
 30
0.0
 50
0.0
  0
ENDBLK
  5
670
330
664
100
AcDbEntity
  8
0
100
AcDbBlockEnd
  0
BLOCK
  5
703
330
6F8
100
AcDbEntity
  8
0
100
AcDbBlockBegin
  2
*D55
 70
     1
 10
0.0
 20
0.0
 30
0.0
  3
*D55
  1

  0
LINE
  5
6F9
330
6F8
100
AcDbEntity
  8
dimension
370
    -2
 62
     5
100
AcDbLine
 10
-523067.4921481535
 20
-53679.55538900054
 30
0.0
 11
-523067.4921481535
 21
-53685.04319762992
 31
0.0
  0
LINE
  5
6FA
330
6F8
100
AcDbEntity
  8
dimension
370
    -2
 62
     5
100
AcDbLine
 10
-523109.4921481537
 20
-53679.55538900054
 30
0.0
 11
-523109.4921481537
 21
-53685.04319762992
 31
0.0
  0
LINE
  5
6FB
330
6F8
100
AcDbEntity
  8
dimension
370
    -2
 62
     5
100
AcDbLine
 10
-523063.4921481535
 20
-53681.04319762992
 30
0.0
 11
-523074.1707195822
 21
-53681.04319762992
 31
0.0
  0
LINE
  5
6FC
330
6F8
100
AcDbEntity
  8
dimension
370
    -2
 62
     5
100
AcDbLine
 10
-523113.4921481537
 20
-53681.04319762992
 30
0.0
 11
-523102.813576725
 21
-53681.04319762992
 31
0.0
  0
INSERT
  5
6FD
330
6F8
100
AcDbEntity
  8
dimension
370
    -2
 62
     5
100
AcDbBlockReference
  2
_ArchTick
 10
-523067.4921481535
 20
-53681.04319762992
 30
0.0
 41
3.0
 42
3.0
 43
3.0
  0
INSERT
  5
6FE
330
6F8
100
AcDbEntity
  8
dimension
370
    -2
 62
     5
100
AcDbBlockReference
  2
_ArchTick
 10
-523109.4921481537
 20
-53681.04319762992
 30
0.0
 41
3.0
 42
3.0
 43
3.0
 50
180.0
  0
MTEXT
  5
6FF
330
6F8
100
AcDbEntity
  8
dimension
 62
     5
100
AcDbMText
 10
-523088.4921481536
 20
-53681.04319762992
 30
0.0
210
0.0
220
0.0
230
1.0
 11
1.0
 21
0.0
 31
0.0
 40
6.0
 41
0.0
 46
0.0
 71
     5
 72
     1
  1
\A1;3'-6"
  7
DIM
 73
     1
 44
1.0
  0
POINT
  5
700
330
6F8
100
AcDbEntity
  8
Defpoints
 62
     0
100
AcDbPoint
 10
-523067.4921481535
 20
-53675.55538900054
 30
0.0
 50
0.0
  0
POINT
  5
701
330
6F8
100
AcDbEntity
  8
Defpoints
 62
     0
100
AcDbPoint
 10
-523109.4921481537
 20
-53675.55538900054
 30
0.0
 50
0.0
  0
POINT
  5
702
330
6F8
100
AcDbEntity
  8
Defpoints
 62
     0
100
AcDbPoint
 10
-523109.4921481537
 20
-53681.04319762992
 30
0.0
 50
0.0
  0
ENDBLK
  5
704
330
6F8
100
AcDbEntity
  8
0
100
AcDbBlockEnd
  0
BLOCK
  5
710
330
705
100
AcDbEntity
  8
0
100
AcDbBlockBegin
  2
*D56
 70
     1
 10
0.0
 20
0.0
 30
0.0
  3
*D56
  1

  0
LINE
  5
706
330
705
100
AcDbEntity
  8
dimension
370
    -2
 62
     5
100
AcDbLine
 10
-523438.4849490091
 20
-53679.55538900054
 30
0.0
 11
-523438.4849490091
 21
-53684.90181897167
 31
0.0
  0
LINE
  5
707
330
705
100
AcDbEntity
  8
dimension
370
    -2
 62
     5
100
AcDbLine
 10
-523480.4849490091
 20
-53679.55538900054
 30
0.0
 11
-523480.4849490091
 21
-53684.90181897167
 31
0.0
  0
LINE
  5
708
330
705
100
AcDbEntity
  8
dimension
370
    -2
 62
     5
100
AcDbLine
 10
-523434.4849490091
 20
-53680.90181897167
 30
0.0
 11
-523445.1635204377
 21
-53680.90181897167
 31
0.0
  0
LINE
  5
709
330
705
100
AcDbEntity
  8
dimension
370
    -2
 62
     5
100
AcDbLine
 10
-523484.4849490091
 20
-53680.90181897167
 30
0.0
 11
-523473.8063775806
 21
-53680.90181897167
 31
0.0
  0
INSERT
  5
70A
330
705
100
AcDbEntity
  8
dimension
370
    -2
 62
     5
100
AcDbBlockReference
  2
_ArchTick
 10
-523438.4849490091
 20
-53680.90181897167
 30
0.0
 41
3.0
 42
3.0
 43
3.0
  0
INSERT
  5
70B
330
705
100
AcDbEntity
  8
dimension
370
    -2
 62
     5
100
AcDbBlockReference
  2
_ArchTick
 10
-523480.4849490091
 20
-53680.90181897167
 30
0.0
 41
3.0
 42
3.0
 43
3.0
 50
180.0
  0
MTEXT
  5
70C
330
705
100
AcDbEntity
  8
dimension
 62
     5
100
AcDbMText
 10
-523459.4849490091
 20
-53680.90181897167
 30
0.0
210
0.0
220
0.0
230
1.0
 11
1.0
 21
0.0
 31
0.0
 40
6.0
 41
0.0
 46
0.0
 71
     5
 72
     1
  1
\A1;3'-6"
  7
DIM
 73
     1
 44
1.0
  0
POINT
  5
70D
330
705
100
AcDbEntity
  8
Defpoints
 62
     0
100
AcDbPoint
 10
-523438.4849490091
 20
-53675.55538900054
 30
0.0
 50
0.0
  0
POINT
  5
70E
330
705
100
AcDbEntity
  8
Defpoints
 62
     0
100
AcDbPoint
 10
-523480.4849490091
 20
-53675.55538900054
 30
0.0
 50
0.0
  0
POINT
  5
70F
330
705
100
AcDbEntity
  8
Defpoints
 62
     0
100
AcDbPoint
 10
-523480.4849490091
 20
-53680.90181897167
 30
0.0
 50
0.0
  0
ENDBLK
  5
711
330
705
100
AcDbEntity
  8
0
100
AcDbBlockEnd
  0
BLOCK
  5
71E
330
713
100
AcDbEntity
  8
0
100
AcDbBlockBegin
  2
*D57
 70
     1
 10
0.0
 20
0.0
 30
0.0
  3
*D57
  1

  0
LINE
  5
714
330
713
100
AcDbEntity
  8
dimension
370
    -2
 62
     5
100
AcDbLine
 10
-523725.4849490091
 20
-53623.55538900057
 30
0.0
 11
-523711.5985328631
 21
-53623.55538900057
 31
0.0
  0
LINE
  5
715
330
713
100
AcDbEntity
  8
dimension
370
    -2
 62
     5
100
AcDbLine
 10
-523725.4849490091
 20
-53737.55538900054
 30
0.0
 11
-523711.5985328631
 21
-53737.55538900054
 31
0.0
  0
LINE
  5
716
330
713
100
AcDbEntity
  8
dimension
370
    -2
 62
     5
100
AcDbLine
 10
-523715.5985328631
 20
-53619.55538900057
 30
0.0
 11
-523715.5985328631
 21
-53666.23396042913
 31
0.0
  0
LINE
  5
717
330
713
100
AcDbEntity
  8
dimension
370
    -2
 62
     5
100
AcDbLine
 10
-523715.5985328631
 20
-53741.55538900054
 30
0.0
 11
-523715.5985328631
 21
-53694.87681757198
 31
0.0
  0
INSERT
  5
718
330
713
100
AcDbEntity
  8
dimension
370
    -2
 62
     5
100
AcDbBlockReference
  2
_ArchTick
 10
-523715.5985328631
 20
-53623.55538900057
 30
0.0
 41
3.0
 42
3.0
 43
3.0
 50
90.0
  0
INSERT
  5
719
330
713
100
AcDbEntity
  8
dimension
370
    -2
 62
     5
100
AcDbBlockReference
  2
_ArchTick
 10
-523715.5985328631
 20
-53737.55538900054
 30
0.0
 41
3.0
 42
3.0
 43
3.0
 50
270.0
  0
MTEXT
  5
71A
330
713
100
AcDbEntity
  8
dimension
 62
     5
100
AcDbMText
 10
-523715.5985328631
 20
-53680.55538900064
 30
0.0
210
0.0
220
0.0
230
1.0
 11
6.123233995736766E-17
 21
1.0
 31
0.0
 40
6.0
 41
0.0
 46
0.0
 71
     5
 72
     1
  1
\A1;9'-6"
  7
DIM
 73
     1
 44
1.0
  0
POINT
  5
71B
330
713
100
AcDbEntity
  8
Defpoints
 62
     0
100
AcDbPoint
 10
-523729.4849490091
 20
-53623.55538900057
 30
0.0
 50
0.0
  0
POINT
  5
71C
330
713
100
AcDbEntity
  8
Defpoints
 62
     0
100
AcDbPoint
 10
-523729.4849490091
 20
-53737.55538900054
 30
0.0
 50
0.0
  0
POINT
  5
71D
330
713
100
AcDbEntity
  8
Defpoints
 62
     0
100
AcDbPoint
 10
-523715.5985328631
 20
-53737.55538900054
 30
0.0
 50
0.0
  0
ENDBLK
  5
71F
330
713
100
AcDbEntity
  8
0
100
AcDbBlockEnd
  0
BLOCK
  5
72B
330
720
100
AcDbEntity
  8
0
100
AcDbBlockBegin
  2
*D58
 70
     1
 10
0.0
 20
0.0
 30
0.0
  3
*D58
  1

  0
LINE
  5
721
330
720
100
AcDbEntity
  8
dimension
370
    -2
 62
     5
100
AcDbLine
 10
-523729.4849490091
 20
-53627.55538900057
 30
0.0
 11
-523729.4849490091
 21
-53634.75122701115
 31
0.0
  0
LINE
  5
722
330
720
100
AcDbEntity
  8
dimension
370
    -2
 62
     5
100
AcDbLine
 10
-523657.4849490091
 20
-53627.55538900057
 30
0.0
 11
-523657.4849490091
 21
-53634.75122701115
 31
0.0
  0
LINE
  5
723
330
720
100
AcDbEntity
  8
dimension
370
    -2
 62
     5
100
AcDbLine
 10
-523733.4849490091
 20
-53630.75122701115
 30
0.0
 11
-523700.1563775806
 21
-53630.75122701115
 31
0.0
  0
LINE
  5
724
330
720
100
AcDbEntity
  8
dimension
370
    -2
 62
     5
100
AcDbLine
 10
-523653.4849490091
 20
-53630.75122701115
 30
0.0
 11
-523686.8135204377
 21
-53630.75122701115
 31
0.0
  0
INSERT
  5
725
330
720
100
AcDbEntity
  8
dimension
370
    -2
 62
     5
100
AcDbBlockReference
  2
_ArchTick
 10
-523729.4849490091
 20
-53630.75122701115
 30
0.0
 41
3.0
 42
3.0
 43
3.0
 50
180.0
  0
INSERT
  5
726
330
720
100
AcDbEntity
  8
dimension
370
    -2
 62
     5
100
AcDbBlockReference
  2
_ArchTick
 10
-523657.4849490091
 20
-53630.75122701115
 30
0.0
 41
3.0
 42
3.0
 43
3.0
  0
MTEXT
  5
727
330
720
100
AcDbEntity
  8
dimension
 62
     5
100
AcDbMText
 10
-523693.4849490091
 20
-53630.75122701115
 30
0.0
210
0.0
220
0.0
230
1.0
 11
1.0
 21
0.0
 31
0.0
 40
6.0
 41
0.0
 46
0.0
 71
     5
 72
     1
  1
\A1;6'
  7
DIM
 73
     1
 44
1.0
  0
POINT
  5
728
330
720
100
AcDbEntity
  8
Defpoints
 62
     0
100
AcDbPoint
 10
-523729.4849490091
 20
-53623.55538900057
 30
0.0
 50
0.0
  0
POINT
  5
729
330
720
100
AcDbEntity
  8
Defpoints
 62
     0
100
AcDbPoint
 10
-523657.4849490091
 20
-53623.55538900057
 30
0.0
 50
0.0
  0
POINT
  5
72A
330
720
100
AcDbEntity
  8
Defpoints
 62
     0
100
AcDbPoint
 10
-523657.4849490091
 20
-53630.75122701115
 30
0.0
 50
0.0
  0
ENDBLK
  5
72C
330
720
100
AcDbEntity
  8
0
100
AcDbBlockEnd
  0
ENDSEC
  0
SECTION
  2
ENTITIES
  0
LINE
  5
59
330
2
100
AcDbEntity
  8
A-WALL
100
AcDbLine
 10
-523588.4849490091
 20
-53878.80538900054
 30
0.0
 11
-523616.9849490091
 21
-53878.80538900054
 31
0.0
1001
AcDbBlockRepETag
1000

  0
LINE
  5
5F
330
2
100
AcDbEntity
  8
A-WALL
100
AcDbLine
 10
-523691.9849490091
 20
-53878.80538900054
 30
0.0
 11
-523720.4849490091
 21
-53878.80538900054
 31
0.0
1001
AcDbBlockRepETag
1000

  0
HATCH
  5
60
330
2
100
AcDbEntity
  8
DET
100
AcDbHatch
 10
0.0
 20
0.0
 30
0.0
210
0.0
220
0.0
230
1.0
  2
GRASS
 70
     0
 71
     0
 91
        7
 92
        7
 72
     0
 73
     1
 93
        7
 10
-523579.4849490091
 20
-53943.05538900054
 10
-523579.4849490091
 20
-53938.55538900054
 10
-523579.4849490091
 20
-53887.80538900054
 10
-523616.9849490091
 20
-53887.80538900054
 10
-523691.9849490091
 20
-53887.80538900054
 10
-523724.9849490091
 20
-53887.80538900055
 10
-523724.9849490091
 20
-53943.05538900054
 97
        0
 92
       22
 72
     0
 73
     1
 93
       12
 10
-523610.0043406563
 20
-53928.38998095898
 10
-523647.5266862219
 20
-53928.38998095898
 10
-523647.5266862219
 20
-53921.61224594002
 10
-523654.410653309
 20
-53921.61224594002
 10
-523654.4106533091
 20
-53928.07902277066
 10
-523704.3176581952
 20
-53928.07902277066
 10
-523704.3176581952
 20
-53911.3078526835
 10
-523654.4106533091
 20
-53911.30785268352
 10
-523654.410653309
 20
-53919.36224594001
 10
-523647.5266862219
 20
-53919.36224594002
 10
-523647.5266862219
 20
-53902.70229417042
 10
-523610.0043406562
 20
-53902.70229417042
 97
        0
 92
       24
 93
        4
 72
     1
 10
-523644.6217004767
 20
-53910.83398386028
 11
-523614.3406414137
 21
-53910.83398386028
 72
     1
 10
-523614.3406414136
 20
-53910.83398386028
 11
-523614.3406414136
 21
-53902.53663151813
 72
     1
 10
-523614.3406414136
 20
-53902.53663151813
 11
-523644.6217004767
 21
-53902.53663151813
 72
     1
 10
-523644.6217004767
 20
-53902.53663151813
 11
-523644.6217004767
 21
-53910.83398386028
 97
        0
 92
       24
 93
        4
 72
     1
 10
-523645.3521015487
 20
-53928.81499954131
 11
-523611.8205333207
 21
-53928.81499954131
 72
     1
 10
-523611.8205333207
 20
-53928.81499954131
 11
-523611.8205333207
 21
-53920.51764719916
 72
     1
 10
-523611.8205333207
 20
-53920.51764719916
 11
-523645.3521015487
 21
-53920.51764719916
 72
     1
 10
-523645.3521015487
 20
-53920.51764719916
 11
-523645.3521015487
 21
-53928.81499954131
 97
        0
 92
       24
 93
        4
 72
     1
 10
-523648.5070145143
 20
-53920.15051514019
 11
-523609.3868515816
 21
-53920.15051514019
 72
     1
 10
-523609.3868515815
 20
-53920.15051514019
 11
-523609.3868515815
 21
-53911.85316279804
 72
     1
 10
-523609.3868515815
 20
-53911.85316279804
 11
-523648.5070145143
 21
-53911.85316279804
 72
     1
 10
-523648.5070145143
 20
-53911.85316279804
 11
-523648.5070145143
 21
-53920.15051514019
 97
        0
 92
       24
 93
        4
 72
     1
 10
-523706.9973276851
 20
-53903.19756739165
 11
-523652.6314926546
 21
-53903.19756739165
 72
     1
 10
-523652.6314926546
 20
-53903.19756739165
 11
-523652.6314926546
 21
-53911.35413561975
 72
     1
 10
-523652.6314926546
 20
-53911.35413561975
 11
-523706.9973276851
 21
-53911.35413561975
 72
     1
 10
-523706.9973276851
 20
-53911.35413561975
 11
-523706.9973276851
 21
-53903.19756739165
 97
        0
 92
       24
 93
        4
 72
     1
 10
-523656.0469148473
 20
-53889.59748143535
 11
-523631.8059477553
 21
-53889.59748143535
 72
     1
 10
-523631.8059477553
 20
-53889.59748143535
 11
-523631.8059477553
 21
-53897.99748143535
 72
     1
 10
-523631.8059477553
 20
-53897.99748143535
 11
-523656.0469148473
 21
-53897.99748143535
 72
     1
 10
-523656.0469148473
 20
-53897.99748143535
 11
-523656.0469148473
 21
-53889.59748143535
 97
        0
 75
     0
 76
     1
 52
0.0
 41
15.0
 77
     0
 78
     3
 53
90.0
 43
-66026.36984626652
 44
15087.65194149487
 45
-10.606601715
 46
10.606601715
 79
     2
 49
2.8125
 49
-18.400703445
 53
45.0
 43
-66026.36984626652
 44
15087.65194149487
 45
-10.60660171779821
 46
10.60660171779821
 79
     2
 49
2.8125
 49
-12.1875
 53
135.0
 43
-66026.36984626652
 44
15087.65194149487
 45
-10.60660171779821
 46
-10.60660171779821
 79
     2
 49
2.8125
 49
-12.1875
 47
0.4279249194021122
 98
        2
 10
-523591.8762441677
 20
-53931.75961116285
 10
-523591.8762441677
 20
-53931.75961116285
1001
ACAD
1010
0.0
1020
0.0
1030
0.0
  0
LINE
  5
64
330
2
100
AcDbEntity
  8
A-WALL
100
AcDbLine
 10
-523579.4849490091
 20
-53887.80538900054
 30
0.0
 11
-523616.9849490091
 21
-53887.80538900054
 31
0.0
1001
AcDbBlockRepETag
1000

  0
LINE
  5
65
330
2
100
AcDbEntity
  8
A-WALL
100
AcDbLine
 10
-523691.9849490091
 20
-53887.80538900054
 30
0.0
 11
-523729.4849490091
 21
-53887.80538900054
 31
0.0
1001
AcDbBlockRepETag
1000

  0
LINE
  5
67
330
2
100
AcDbEntity
  8
A-WALL
100
AcDbLine
 10
-523429.4849490091
 20
-53407.55538900054
 30
0.0
 11
-523506.4849490094
 21
-53407.55538900054
 31
0.0
1001
AcDbBlockRepETag
1000

  0
LINE
  5
68
330
2
100
AcDbEntity
  8
A-WALL
100
AcDbLine
 10
-523429.4849490091
 20
-53407.55538900054
 30
0.0
 11
-523429.4849490094
 21
-53887.80538900054
 31
0.0
1001
AcDbBlockRepETag
1000

  0
LINE
  5
69
102
{ACAD_REACTORS
330
33D
102
}
330
2
100
AcDbEntity
  8
DET
100
AcDbLine
 10
-523729.4849490091
 20
-53623.55538900057
 30
0.0
 11
-523729.4849490091
 21
-53737.55538900054
 31
0.0
1001
AcDbBlockRepETag
1000

  0
LINE
  5
6A
330
2
100
AcDbEntity
  8
A-WALL
100
AcDbLine
 10
-523657.4849490091
 20
-53623.55538900057
 30
0.0
 11
-523657.4849490091
 21
-53632.55538900054
 31
0.0
1001
AcDbBlockRepETag
1000

  0
LINE
  5
6B
330
2
100
AcDbEntity
  8
A-WALL
100
AcDbLine
 10
-523657.4849490091
 20
-53728.55538900054
 30
0.0
 11
-523657.4849490091
 21
-53737.55538900054
 31
0.0
1001
AcDbBlockRepETag
1000

  0
LINE
  5
6C
330
2
100
AcDbEntity
  8
A-WALL
100
AcDbLine
 10
-523648.484949009
 20
-53623.55538900057
 30
0.0
 11
-523648.484949009
 21
-53632.55538900057
 31
0.0
1001
AcDbBlockRepETag
1000

  0
LINE
  5
6D
330
2
100
AcDbEntity
  8
A-WALL
100
AcDbLine
 10
-523648.484949009
 20
-53728.55538900054
 30
0.0
 11
-523648.484949009
 21
-53737.55538900054
 31
0.0
1001
AcDbBlockRepETag
1000

  0
LINE
  5
6E
330
2
100
AcDbEntity
  8
A-WALL
100
AcDbLine
 10
-523729.4849490091
 20
-53737.55538900054
 30
0.0
 11
-523729.4849490091
 21
-53887.80538900054
 31
0.0
1001
AcDbBlockRepETag
1000

  0
LINE
  5
6F
330
2
100
AcDbEntity
  8
A-WALL
100
AcDbLine
 10
-523588.4849490091
 20
-53878.80538900054
 30
0.0
 11
-523588.4849490091
 21
-53793.05538900054
 31
0.0
1001
AcDbBlockRepETag
1000

  0
LINE
  5
70
330
2
100
AcDbEntity
  8
A-WALL
100
AcDbLine
 10
-523438.4849490091
 20
-53746.55538900054
 30
0.0
 11
-523442.9849490091
 21
-53746.55538900054
 31
0.0
1001
AcDbBlockRepETag
1000

  0
LINE
  5
71
330
2
100
AcDbEntity
  8
A-WALL
100
AcDbLine
 10
-523438.4849490091
 20
-53737.55538900054
 30
0.0
 11
-523442.9849490091
 21
-53737.55538900054
 31
0.0
1001
AcDbBlockRepETag
1000

  0
LINE
  5
72
330
2
100
AcDbEntity
  8
A-WALL
100
AcDbLine
 10
-523720.4849490091
 20
-53482.55538900054
 30
0.0
 11
-523720.4849490091
 21
-53614.55538900054
 31
0.0
1001
AcDbBlockRepETag
1000

  0
LINE
  5
73
330
2
100
AcDbEntity
  8
A-WALL
100
AcDbLine
 10
-523579.4849490091
 20
-53887.80538900054
 30
0.0
 11
-523579.4849490091
 21
-53793.05538900054
 31
0.0
1001
AcDbBlockRepETag
1000

  0
LINE
  5
74
330
2
100
AcDbEntity
  8
A-WALL
100
AcDbLine
 10
-523438.4849490091
 20
-53746.55538900054
 30
0.0
 11
-523438.4849490091
 21
-53887.80538900054
 31
0.0
1001
AcDbBlockRepETag
1000

  0
LINE
  5
75
330
2
100
AcDbEntity
  8
A-WALL
100
AcDbLine
 10
-523438.4849490091
 20
-53887.80538900054
 30
0.0
 11
-523429.4849490094
 21
-53887.80538900054
 31
0.0
1001
AcDbBlockRepETag
1000

  0
LINE
  5
76
330
2
100
AcDbEntity
  8
A-WALL
100
AcDbLine
 10
-523438.4849490091
 20
-53878.80538900054
 30
0.0
 11
-523438.4849490091
 21
-53878.80538900054
 31
0.0
1001
AcDbBlockRepETag
1000

  0
LINE
  5
77
330
2
100
AcDbEntity
  8
A-WALL
100
AcDbLine
 10
-523588.4849490091
 20
-53746.55538900054
 30
0.0
 11
-523592.979462654
 21
-53746.55538900054
 31
0.0
1001
AcDbBlockRepETag
1000

  0
LINE
  5
78
102
{ACAD_REACTORS
330
32D
102
}
330
2
100
AcDbEntity
  8
A-WALL
100
AcDbLine
 10
-523729.4849490091
 20
-53623.55538900057
 30
0.0
 11
-523657.4849490091
 21
-53623.55538900057
 31
0.0
1001
AcDbBlockRepETag
1000

  0
LINE
  5
79
330
2
100
AcDbEntity
  8
A-WALL
100
AcDbLine
 10
-523648.484949009
 20
-53623.55538900057
 30
0.0
 11
-523645.4849490091
 21
-53623.55538900057
 31
0.0
1001
AcDbBlockRepETag
1000

  0
LINE
  5
7A
330
2
100
AcDbEntity
  8
A-WALL
100
AcDbLine
 10
-523720.4849490091
 20
-53614.55538900054
 30
0.0
 11
-523645.4849490091
 21
-53614.55538900054
 31
0.0
1001
AcDbBlockRepETag
1000

  0
LINE
  5
7B
330
2
100
AcDbEntity
  8
A-WALL
100
AcDbLine
 10
-523720.4849490091
 20
-53482.55538900054
 30
0.0
 11
-523704.5103777855
 21
-53482.55538900054
 31
0.0
1001
AcDbBlockRepETag
1000

  0
LINE
  5
7C
330
2
100
AcDbEntity
  8
A-WALL
100
AcDbLine
 10
-523433.9849490091
 20
-53478.05538900054
 30
0.0
 11
-523462.9849490094
 21
-53478.05538900054
 31
0.0
1001
AcDbBlockRepETag
1000

  0
LINE
  5
7D
330
2
100
AcDbEntity
  8
A-WALL
100
AcDbLine
 10
-523433.9849490091
 20
-53412.05538900054
 30
0.0
 11
-523501.9849490094
 21
-53412.05538900054
 31
0.0
1001
AcDbBlockRepETag
1000

  0
LINE
  5
7E
330
2
100
AcDbEntity
  8
A-WALL
100
AcDbLine
 10
-523720.4849490091
 20
-53878.80538900054
 30
0.0
 11
-523720.4849490093
 21
-53746.55538900051
 31
0.0
1001
AcDbBlockRepETag
1000

  0
LINE
  5
7F
330
2
100
AcDbEntity
  8
A-WALL
100
AcDbLine
 10
-523433.9849490091
 20
-53478.05538900054
 30
0.0
 11
-523433.9849490091
 21
-53412.05538900054
 31
0.0
1001
AcDbBlockRepETag
1000

  0
LINE
  5
80
330
2
100
AcDbEntity
  8
A-WALL
100
AcDbLine
 10
-523729.4849490091
 20
-53473.55538900054
 30
0.0
 11
-523704.5103777855
 21
-53473.55538900054
 31
0.0
1001
AcDbBlockRepETag
1000

  0
LINE
  5
81
330
2
100
AcDbEntity
  8
boundary wall
100
AcDbLine
 10
-523506.4849490094
 20
-53407.55538900054
 30
0.0
 11
-523729.4849490091
 21
-53407.55538900054
 31
0.0
1001
AcDbBlockRepETag
1000

  0
LINE
  5
82
330
2
100
AcDbEntity
  8
boundary wall
100
AcDbLine
 10
-523729.4849490091
 20
-53407.55538900054
 30
0.0
 11
-523729.4849490091
 21
-53473.55538900054
 31
0.0
1001
AcDbBlockRepETag
1000

  0
LINE
  5
83
330
2
100
AcDbEntity
  8
boundary wall
100
AcDbLine
 10
-523724.9849490091
 20
-53412.05538900054
 30
0.0
 11
-523724.9849490091
 21
-53473.55538900054
 31
0.0
1001
AcDbBlockRepETag
1000

  0
LINE
  5
84
330
2
100
AcDbEntity
  8
boundary wall
100
AcDbLine
 10
-523506.4849490094
 20
-53412.05538900054
 30
0.0
 11
-523724.9849490091
 21
-53412.05538900054
 31
0.0
1001
AcDbBlockRepETag
1000

  0
LINE
  5
85
330
2
100
AcDbEntity
  8
A-WALL
100
AcDbLine
 10
-523610.9849490095
 20
-53482.55538900054
 30
0.0
 11
-523610.9849490091
 21
-53614.55538900054
 31
0.0
1001
AcDbBlockRepETag
1000

  0
LINE
  5
86
330
2
100
AcDbEntity
  8
A-WALL
100
AcDbLine
 10
-523606.4849490091
 20
-53614.55538900054
 30
0.0
 11
-523601.9849490091
 21
-53614.55538900054
 31
0.0
1001
AcDbBlockRepETag
1000

  0
LINE
  5
87
330
2
100
AcDbEntity
  8
A-WALL
100
AcDbLine
 10
-523438.4849490091
 20
-53623.55538900054
 30
0.0
 11
-523438.4849490091
 21
-53737.55538900054
 31
0.0
1001
AcDbBlockRepETag
1000

  0
LINE
  5
88
330
2
100
AcDbEntity
  8
A-WALL
100
AcDbLine
 10
-523606.4849490091
 20
-53560.55538900054
 30
0.0
 11
-523606.4849490091
 21
-53560.55538900054
 31
0.0
1001
AcDbBlockRepETag
1000

  0
LINE
  5
89
330
2
100
AcDbEntity
  8
A-WALL
100
AcDbLine
 10
-523610.9849490091
 20
-53565.05538900054
 30
0.0
 11
-523610.9849490091
 21
-53565.05538900054
 31
0.0
1001
AcDbBlockRepETag
1000

  0
LINE
  5
8A
330
2
100
AcDbEntity
  8
A-WALL
100
AcDbLine
 10
-523606.4849490094
 20
-53482.55538900057
 30
0.0
 11
-523606.4849490091
 21
-53614.55538900057
 31
0.0
1001
AcDbBlockRepETag
1000

  0
LINE
  5
8B
330
2
100
AcDbEntity
  8
A-WALL
100
AcDbLine
 10
-523615.4849490094
 20
-53614.55538900054
 30
0.0
 11
-523615.4849490094
 21
-53623.55538900054
 31
0.0
1001
AcDbBlockRepETag
1000

  0
LINE
  5
8C
330
2
100
AcDbEntity
  8
A-WALL
100
AcDbLine
 10
-523645.4849490091
 20
-53614.55538900054
 30
0.0
 11
-523645.4849490091
 21
-53623.55538900057
 31
0.0
1001
AcDbBlockRepETag
1000

  0
LINE
  5
8D
330
2
100
AcDbEntity
  8
A-WALL
100
AcDbLine
 10
-523615.4849490094
 20
-53614.55538900054
 30
0.0
 11
-523610.9849490091
 21
-53614.55538900054
 31
0.0
1001
AcDbBlockRepETag
1000

  0
LINE
  5
8E
330
2
100
AcDbEntity
  8
A-WALL
100
AcDbLine
 10
-523615.9080284903
 20
-53473.55538900054
 30
0.0
 11
-523615.9080284903
 21
-53482.55538900054
 31
0.0
1001
AcDbBlockRepETag
1000

  0
LINE
  5
8F
330
2
100
AcDbEntity
  8
A-WALL
100
AcDbLine
 10
-523651.9080284903
 20
-53473.55538900054
 30
0.0
 11
-523651.9080284903
 21
-53482.55538900054
 31
0.0
1001
AcDbBlockRepETag
1000

  0
LINE
  5
90
330
2
100
AcDbEntity
  8
A-WALL
100
AcDbLine
 10
-523615.9080284903
 20
-53482.55538900054
 30
0.0
 11
-523610.9849490095
 21
-53482.55538900054
 31
0.0
1001
AcDbBlockRepETag
1000

  0
LINE
  5
91
330
2
100
AcDbEntity
  8
A-WALL
100
AcDbLine
 10
-523606.4849490094
 20
-53482.55538900057
 30
0.0
 11
-523596.2835865539
 21
-53482.55538900057
 31
0.0
1001
AcDbBlockRepETag
1000

  0
LINE
  5
92
330
2
100
AcDbEntity
  8
A-WALL
100
AcDbLine
 10
-523615.9080284903
 20
-53473.55538900054
 30
0.0
 11
-523596.2835865539
 21
-53473.55538900054
 31
0.0
1001
AcDbBlockRepETag
1000

  0
LINE
  5
93
330
2
100
AcDbEntity
  8
A-WALL
100
AcDbLine
 10
-523704.5103777855
 20
-53473.55538900054
 30
0.0
 11
-523704.5103777855
 21
-53482.55538900054
 31
0.0
1001
AcDbBlockRepETag
1000

  0
LINE
  5
94
330
2
100
AcDbEntity
  8
A-WALL
100
AcDbLine
 10
-523668.5103777855
 20
-53473.55538900054
 30
0.0
 11
-523668.5103777855
 21
-53482.55538900054
 31
0.0
1001
AcDbBlockRepETag
1000

  0
LINE
  5
95
330
2
100
AcDbEntity
  8
A-WALL
100
AcDbLine
 10
-523668.5103777855
 20
-53473.55538900054
 30
0.0
 11
-523651.9080284903
 21
-53473.55538900054
 31
0.0
1001
AcDbBlockRepETag
1000

  0
LINE
  5
96
330
2
100
AcDbEntity
  8
A-WALL
100
AcDbLine
 10
-523668.5103777855
 20
-53482.55538900054
 30
0.0
 11
-523651.9080284903
 21
-53482.55538900054
 31
0.0
1001
AcDbBlockRepETag
1000

  0
LINE
  5
97
330
2
100
AcDbEntity
  8
WIN
100
AcDbLine
 10
-523668.5103777855
 20
-53482.55538900054
 30
0.0
 11
-523704.5103777855
 21
-53482.55538900054
 31
0.0
1001
AcDbBlockRepETag
1000

  0
LINE
  5
99
330
2
100
AcDbEntity
  8
DET
100
AcDbLine
 10
-523657.1580284903
 20
-53506.55538900054
 30
0.0
 11
-523696.4849490091
 21
-53506.55538900054
 31
0.0
1001
AcDbBlockRepETag
1000

  0
LINE
  5
9A
330
2
100
AcDbEntity
  8
WIN
100
AcDbLine
 10
-523704.5103777855
 20
-53473.55538900054
 30
0.0
 11
-523668.5103777855
 21
-53473.55538900054
 31
0.0
1001
AcDbBlockRepETag
1000

  0
LINE
  5
9B
330
2
100
AcDbEntity
  8
WIN
100
AcDbLine
 10
-523704.5103777855
 20
-53476.55538900054
 30
0.0
 11
-523668.5103777855
 21
-53476.55538900054
 31
0.0
1001
AcDbBlockRepETag
1000

  0
LINE
  5
9C
330
2
100
AcDbEntity
  8
WIN
100
AcDbLine
 10
-523668.5103777855
 20
-53479.55538900054
 30
0.0
 11
-523704.5103777855
 21
-53479.55538900054
 31
0.0
1001
AcDbBlockRepETag
1000

  0
LINE
  5
9D
330
2
100
AcDbEntity
  8
A-WALL
100
AcDbLine
 10
-523492.9849490094
 20
-53482.55538900054
 30
0.0
 11
-523492.9849490094
 21
-53478.05538900054
 31
0.0
1001
AcDbBlockRepETag
1000

  0
LINE
  5
9E
330
2
100
AcDbEntity
  8
A-WALL
100
AcDbLine
 10
-523462.9849490094
 20
-53482.55538900054
 30
0.0
 11
-523462.9849490094
 21
-53478.05538900054
 31
0.0
1001
AcDbBlockRepETag
1000

  0
LINE
  5
9F
330
2
100
AcDbEntity
  8
A-WALL
100
AcDbLine
 10
-523492.9849490094
 20
-53482.55538900054
 30
0.0
 11
-523524.2835865541
 21
-53482.55538900054
 31
0.0
1001
AcDbBlockRepETag
1000

  0
LINE
  5
A0
330
2
100
AcDbEntity
  8
A-WALL
100
AcDbLine
 10
-523492.9849490094
 20
-53478.05538900054
 30
0.0
 11
-523501.9849490094
 21
-53478.05538900054
 31
0.0
1001
AcDbBlockRepETag
1000

  0
LINE
  5
A1
330
2
100
AcDbEntity
  8
A-WALL
100
AcDbLine
 10
-523501.9849490094
 20
-53430.80538900054
 30
0.0
 11
-523506.4849490094
 21
-53430.80538900054
 31
0.0
1001
AcDbBlockRepETag
1000

  0
LINE
  5
A2
330
2
100
AcDbEntity
  8
A-WALL
100
AcDbLine
 10
-523501.9849490094
 20
-53430.80538900054
 30
0.0
 11
-523501.9849490094
 21
-53412.05538900054
 31
0.0
1001
AcDbBlockRepETag
1000

  0
LINE
  5
A3
330
2
100
AcDbEntity
  8
A-WALL
100
AcDbLine
 10
-523506.4849490094
 20
-53430.80538900054
 30
0.0
 11
-523506.4849490094
 21
-53407.55538900054
 31
0.0
1001
AcDbBlockRepETag
1000

  0
LINE
  5
A4
330
2
100
AcDbEntity
  8
WIN
100
AcDbLine
 10
-523501.9849490094
 20
-53460.80538900054
 30
0.0
 11
-523501.9849490094
 21
-53430.80538900054
 31
0.0
1001
AcDbBlockRepETag
1000

  0
LINE
  5
A5
330
2
100
AcDbEntity
  8
WIN
100
AcDbLine
 10
-523506.4849490094
 20
-53430.80538900054
 30
0.0
 11
-523506.4849490094
 21
-53460.80538900054
 31
0.0
1001
AcDbBlockRepETag
1000

  0
LINE
  5
A6
330
2
100
AcDbEntity
  8
WIN
100
AcDbLine
 10
-523503.4849490091
 20
-53430.80538900054
 30
0.0
 11
-523503.4849490091
 21
-53460.80538900054
 31
0.0
1001
AcDbBlockRepETag
1000

  0
LINE
  5
A7
330
2
100
AcDbEntity
  8
WIN
100
AcDbLine
 10
-523504.9849490091
 20
-53460.80538900054
 30
0.0
 11
-523504.9849490091
 21
-53430.80538900054
 31
0.0
1001
AcDbBlockRepETag
1000

  0
LINE
  5
A8
330
2
100
AcDbEntity
  8
A-WALL
100
AcDbLine
 10
-523524.2835865541
 20
-53482.55538900054
 30
0.0
 11
-523524.2835865541
 21
-53473.55538900054
 31
0.0
1001
AcDbBlockRepETag
1000

  0
LINE
  5
A9
330
2
100
AcDbEntity
  8
A-WALL
100
AcDbLine
 10
-523596.2835865539
 20
-53482.55538900054
 30
0.0
 11
-523596.2835865539
 21
-53473.55538900054
 31
0.0
1001
AcDbBlockRepETag
1000

  0
LINE
  5
AA
330
2
100
AcDbEntity
  8
A-WALL
100
AcDbLine
 10
-523438.4849490091
 20
-53482.55538900054
 30
0.0
 11
-523462.9849490094
 21
-53482.55538900054
 31
0.0
1001
AcDbBlockRepETag
1000

  0
LINE
  5
AB
330
2
100
AcDbEntity
  8
WIN
100
AcDbLine
 10
-523524.2835865541
 20
-53479.55538900054
 30
0.0
 11
-523596.2835865539
 21
-53479.55538900054
 31
0.0
1001
AcDbBlockRepETag
1000

  0
LINE
  5
AC
330
2
100
AcDbEntity
  8
WIN
100
AcDbLine
 10
-523596.2835865539
 20
-53476.55538900054
 30
0.0
 11
-523524.2835865541
 21
-53476.55538900054
 31
0.0
1001
AcDbBlockRepETag
1000

  0
LINE
  5
AD
330
2
100
AcDbEntity
  8
WIN
100
AcDbLine
 10
-523596.2835865539
 20
-53473.55538900054
 30
0.0
 11
-523524.2835865541
 21
-53473.55538900054
 31
0.0
1001
AcDbBlockRepETag
1000

  0
LINE
  5
AE
330
2
100
AcDbEntity
  8
WIN
100
AcDbLine
 10
-523524.2835865541
 20
-53482.55538900054
 30
0.0
 11
-523596.2835865539
 21
-53482.55538900054
 31
0.0
1001
AcDbBlockRepETag
1000

  0
LINE
  5
AF
330
2
100
AcDbEntity
  8
DET
100
AcDbLine
 10
-523724.9849490091
 20
-53737.55538900054
 30
0.0
 11
-523724.9849490091
 21
-53623.55538900057
 31
0.0
1001
AcDbBlockRepETag
1000

  0
LINE
  5
B0
330
2
100
AcDbEntity
  8
A-WALL
100
AcDbLine
 10
-523438.4849490091
 20
-53614.55538900057
 30
0.0
 11
-523438.4849490091
 21
-53482.55538900054
 31
0.0
1001
AcDbBlockRepETag
1000

  0
LINE
  5
B1
330
2
100
AcDbEntity
  8
A-WALL
100
AcDbLine
 10
-523592.979462654
 20
-53746.55538900054
 30
0.0
 11
-523592.979462654
 21
-53737.55538900054
 31
0.0
1001
AcDbBlockRepETag
1000

  0
LINE
  5
B2
330
2
100
AcDbEntity
  8
A-WALL
100
AcDbLine
 10
-523643.9849490091
 20
-53737.55538900054
 30
0.0
 11
-523648.484949009
 21
-53737.55538900054
 31
0.0
1001
AcDbBlockRepETag
1000

  0
LINE
  5
B3
330
2
100
AcDbEntity
  8
A-WALL
100
AcDbLine
 10
-523657.4849490091
 20
-53737.55538900054
 30
0.0
 11
-523729.4849490091
 21
-53737.55538900054
 31
0.0
1001
AcDbBlockRepETag
1000

  0
LINE
  5
B4
330
2
100
AcDbEntity
  8
HATCH..
  6
HIDDEN
 48
20.0
100
AcDbLine
 10
-523643.9849490091
 20
-53746.55538900054
 30
0.0
 11
-523592.979462654
 21
-53746.55538900054
 31
0.0
1001
AcDbBlockRepETag
1000

  0
LINE
  5
B7
330
2
100
AcDbEntity
  8
HATCH..
  6
HIDDEN
 48
20.0
100
AcDbLine
 10
-523592.979462654
 20
-53737.55538900054
 30
0.0
 11
-523643.9849490091
 21
-53737.55538900054
 31
0.0
1001
AcDbBlockRepETag
1000

  0
LINE
  5
B8
330
2
100
AcDbEntity
  8
A-WALL
100
AcDbLine
 10
-523579.4849490091
 20
-53751.05538900054
 30
0.0
 11
-523588.4849490091
 21
-53751.05538900054
 31
0.0
1001
AcDbBlockRepETag
1000

  0
LINE
  5
B9
330
2
100
AcDbEntity
  8
A-WALL
100
AcDbLine
 10
-523579.4849490091
 20
-53793.05538900054
 30
0.0
 11
-523588.4849490091
 21
-53793.05538900054
 31
0.0
1001
AcDbBlockRepETag
1000

  0
LINE
  5
BA
330
2
100
AcDbEntity
  8
A-WALL
100
AcDbLine
 10
-523579.4849490091
 20
-53751.05538900054
 30
0.0
 11
-523579.4849490091
 21
-53746.55538900054
 31
0.0
1001
AcDbBlockRepETag
1000

  0
LINE
  5
BB
330
2
100
AcDbEntity
  8
A-WALL
100
AcDbLine
 10
-523588.4849490091
 20
-53751.05538900054
 30
0.0
 11
-523588.4849490091
 21
-53746.55538900054
 31
0.0
1001
AcDbBlockRepETag
1000

  0
LINE
  5
BC
330
2
100
AcDbEntity
  8
A-WALL
100
AcDbLine
 10
-523574.9849490091
 20
-53746.55538900054
 30
0.0
 11
-523574.9849490091
 21
-53737.55538900054
 31
0.0
1001
AcDbBlockRepETag
1000

  0
LINE
  5
BD
330
2
100
AcDbEntity
  8
A-WALL
100
AcDbLine
 10
-523526.9849490091
 20
-53746.55538900054
 30
0.0
 11
-523526.9849490091
 21
-53737.55538900054
 31
0.0
1001
AcDbBlockRepETag
1000

  0
LINE
  5
BE
330
2
100
AcDbEntity
  8
A-WALL
100
AcDbLine
 10
-523574.9849490091
 20
-53746.55538900054
 30
0.0
 11
-523579.4849490091
 21
-53746.55538900054
 31
0.0
1001
AcDbBlockRepETag
1000

  0
LINE
  5
BF
330
2
100
AcDbEntity
  8
A-WALL
100
AcDbLine
 10
-523574.9849490091
 20
-53737.55538900054
 30
0.0
 11
-523592.979462654
 21
-53737.55538900054
 31
0.0
1001
AcDbBlockRepETag
1000

  0
LINE
  5
C0
330
2
100
AcDbEntity
  8
A-WALL
100
AcDbLine
 10
-523442.9849490091
 20
-53737.55538900054
 30
0.0
 11
-523442.9849490091
 21
-53746.55538900054
 31
0.0
1001
AcDbBlockRepETag
1000

  0
LINE
  5
C1
330
2
100
AcDbEntity
  8
A-WALL
100
AcDbLine
 10
-523478.9849490091
 20
-53746.55538900054
 30
0.0
 11
-523526.9849490091
 21
-53746.55538900054
 31
0.0
1001
AcDbBlockRepETag
1000

  0
LINE
  5
C2
330
2
100
AcDbEntity
  8
A-WALL
100
AcDbLine
 10
-523478.9849490091
 20
-53737.55538900054
 30
0.0
 11
-523526.9849490091
 21
-53737.55538900054
 31
0.0
1001
AcDbBlockRepETag
1000

  0
LINE
  5
C3
330
2
100
AcDbEntity
  8
A-WALL
100
AcDbLine
 10
-523478.9849490091
 20
-53737.55538900054
 30
0.0
 11
-523478.9849490091
 21
-53746.55538900054
 31
0.0
1001
AcDbBlockRepETag
1000

  0
LINE
  5
C4
330
2
100
AcDbEntity
  8
DET
100
AcDbLine
 10
-523615.9080284903
 20
-53473.55538900054
 30
0.0
 11
-523651.9080284903
 21
-53473.55538900054
 31
0.0
1001
AcDbBlockRepETag
1000

  0
LINE
  5
C5
330
2
100
AcDbEntity
  8
stair
100
AcDbLine
 10
-523479.4849490091
 20
-53696.55538900054
 30
0.0
 11
-523480.4849490093
 21
-53696.55538900054
 31
0.0
1001
AcDbBlockRepETag
1000

  0
LINE
  5
C6
330
2
100
AcDbEntity
  8
stair
100
AcDbLine
 10
-523478.4849490091
 20
-53697.55538900054
 30
0.0
 11
-523480.4849490093
 21
-53697.55538900054
 31
0.0
1001
AcDbBlockRepETag
1000

  0
LINE
  5
C7
330
2
100
AcDbEntity
  8
stair
100
AcDbLine
 10
-523480.4849490091
 20
-53695.55538900054
 30
0.0
 11
-523480.4849490091
 21
-53665.55538900054
 31
0.0
1001
AcDbBlockRepETag
1000

  0
LINE
  5
C8
330
2
100
AcDbEntity
  8
stair
100
AcDbLine
 10
-523479.4849490091
 20
-53696.55538900054
 30
0.0
 11
-523479.4849490091
 21
-53664.55538900054
 31
0.0
1001
AcDbBlockRepETag
1000

  0
LINE
  5
C9
330
2
100
AcDbEntity
  8
stair
100
AcDbLine
 10
-523478.4849490091
 20
-53697.55538900054
 30
0.0
 11
-523478.4849490091
 21
-53663.55538900054
 31
0.0
1001
AcDbBlockRepETag
1000

  0
LINE
  5
CA
330
2
100
AcDbEntity
  8
DET
100
AcDbLine
 10
-523478.9849490091
 20
-53737.55538900054
 30
0.0
 11
-523442.9849490091
 21
-53737.55538900054
 31
0.0
1001
AcDbBlockRepETag
1000

  0
LINE
  5
CB
330
2
100
AcDbEntity
  8
stair
100
AcDbLine
 10
-523480.4849490091
 20
-53695.55538900054
 30
0.0
 11
-523438.4849490091
 21
-53695.55538900054
 31
0.0
1001
AcDbBlockRepETag
1000

  0
LINE
  5
CC
330
2
100
AcDbEntity
  8
A-WALL
100
AcDbLine
 10
-523601.9849490091
 20
-53614.55538900054
 30
0.0
 11
-523601.9849490091
 21
-53623.55538900054
 31
0.0
1001
AcDbBlockRepETag
1000

  0
LINE
  5
CD
330
2
100
AcDbEntity
  8
A-WALL
100
AcDbLine
 10
-523559.9849490091
 20
-53614.55538900054
 30
0.0
 11
-523559.9849490091
 21
-53623.55538900054
 31
0.0
1001
AcDbBlockRepETag
1000

  0
LINE
  5
CE
330
2
100
AcDbEntity
  8
A-WALL
100
AcDbLine
 10
-523559.9849490091
 20
-53614.55538900054
 30
0.0
 11
-523438.4849490091
 21
-53614.55538900057
 31
0.0
1001
AcDbBlockRepETag
1000

  0
LINE
  5
CF
330
2
100
AcDbEntity
  8
A-WALL
100
AcDbLine
 10
-523559.9849490091
 20
-53623.55538900054
 30
0.0
 11
-523438.4849490091
 21
-53623.55538900054
 31
0.0
1001
AcDbBlockRepETag
1000

  0
INSERT
  5
D0
330
2
100
AcDbEntity
  8
DOOR
100
AcDbBlockReference
  2
D1
 10
-523601.9849490091
 20
-53621.68038900054
 30
0.0
1001
AEC_XDATA_BOUND_SPACE
1000

1001
AcDbBlockRepETag
1000

  0
INSERT
  5
DC
330
2
100
AcDbEntity
  8
DOOR
100
AcDbBlockReference
  2
D1
 10
-523581.3599490091
 20
-53751.05538900054
 30
0.0
 41
-1.0
 42
1.0
 43
1.0
 50
90.0
1001
AEC_XDATA_BOUND_SPACE
1000

1001
AcDbBlockRepETag
1000

  0
INSERT
  5
DD
330
2
100
AcDbEntity
  8
DOOR
100
AcDbBlockReference
  2
D1
 10
-523492.9849490094
 20
-53481.21610328625
 30
0.0
 41
0.7142857143189758
 42
0.714285714289872
 43
0.7142857142857145
1001
AEC_XDATA_BOUND_SPACE
1000

1001
AcDbBlockRepETag
1000

  0
INSERT
  5
DE
330
2
100
AcDbEntity
  8
DOOR
100
AcDbBlockReference
  2
D1
 10
-523615.9080284903
 20
-53475.16640244483
 30
0.0
 41
0.8592071703169495
 42
0.8592071702732937
 43
0.8592071702745776
 50
180.0
1001
AEC_XDATA_BOUND_SPACE
1000

1001
AcDbBlockRepETag
1000

  0
LINE
  5
DF
330
2
100
AcDbEntity
  8
DET
100
AcDbLine
 10
-523478.9849490091
 20
-53746.55538900054
 30
0.0
 11
-523442.9849490091
 21
-53746.55538900054
 31
0.0
1001
AcDbBlockRepETag
1000

  0
LINE
  5
E0
330
2
100
AcDbEntity
  8
DET
100
AcDbLine
 10
-523570.4849490091
 20
-53755.55538900054
 30
0.0
 11
-523438.4849490091
 21
-53755.55538900054
 31
0.0
1001
AcDbBlockRepETag
1000

  0
LINE
  5
E1
330
2
100
AcDbEntity
  8
DET
100
AcDbLine
 10
-523570.4849490091
 20
-53802.05538900054
 30
0.0
 11
-523570.4849490091
 21
-53755.55538900054
 31
0.0
1001
AcDbBlockRepETag
1000

  0
LINE
  5
E2
330
2
100
AcDbEntity
  8
DET
100
AcDbLine
 10
-523579.4849490091
 20
-53802.05538900054
 30
0.0
 11
-523570.4849490091
 21
-53802.05538900054
 31
0.0
1001
AcDbBlockRepETag
1000

  0
INSERT
  5
E3
330
2
100
AcDbEntity
  8
DOOR
100
AcDbBlockReference
  2
MD
 10
-523526.9849490091
 20
-53745.05538900054
 30
0.0
 41
-1.0
 42
1.0
 43
1.0
1001
AEC_XDATA_BOUND_SPACE
1000

1001
AcDbBlockRepETag
1000

  0
LINE
  5
F3
330
2
100
AcDbEntity
  8
A-WALL
100
AcDbLine
 10
-523691.9849490091
 20
-53887.80538900054
 30
0.0
 11
-523691.9849490091
 21
-53878.80538900054
 31
0.0
1001
AcDbBlockRepETag
1000

  0
LINE
  5
F4
330
2
100
AcDbEntity
  8
WIN
100
AcDbLine
 10
-523691.9849490091
 20
-53878.80538900054
 30
0.0
 11
-523616.9849490091
 21
-53878.80538900054
 31
0.0
1001
AcDbBlockRepETag
1000

  0
LINE
  5
F5
330
2
100
AcDbEntity
  8
WIN
100
AcDbLine
 10
-523691.9849490091
 20
-53887.80538900054
 30
0.0
 11
-523616.9849490091
 21
-53887.80538900054
 31
0.0
1001
AcDbBlockRepETag
1000

  0
LINE
  5
F6
330
2
100
AcDbEntity
  8
WIN
100
AcDbLine
 10
-523691.9849490091
 20
-53884.80538900054
 30
0.0
 11
-523616.9849490091
 21
-53884.80538900054
 31
0.0
1001
AcDbBlockRepETag
1000

  0
LINE
  5
F7
330
2
100
AcDbEntity
  8
WIN
100
AcDbLine
 10
-523691.9849490091
 20
-53881.80538900054
 30
0.0
 11
-523616.9849490091
 21
-53881.80538900054
 31
0.0
1001
AcDbBlockRepETag
1000

  0
LINE
  5
F8
330
2
100
AcDbEntity
  8
A-WALL
100
AcDbLine
 10
-523616.9849490091
 20
-53878.80538900054
 30
0.0
 11
-523616.9849490091
 21
-53887.80538900054
 31
0.0
1001
AcDbBlockRepETag
1000

  0
LINE
  5
F9
330
2
100
AcDbEntity
  8
DET
100
AcDbLine
 10
-523696.4849490091
 20
-53506.55538900054
 30
0.0
 11
-523696.4849490091
 21
-53614.55538900054
 31
0.0
1001
AcDbBlockRepETag
1000

  0
MTEXT
  5
FA
330
2
100
AcDbEntity
  8
text
100
AcDbMText
 10
-523612.0776739466
 20
-53417.07916632073
 30
0.0
210
0.0
220
0.0
230
1.0
 11
1.0
 21
0.0
 31
0.0
 40
5.6
 41
118.7285904465243
 46
0.0
 71
     5
 72
     1
  1
REAR PASSAGE 5'-6" WIDE
  7
style1
 73
     1
 44
1.0
1001
AcDbBlockRepETag
1000

  0
MTEXT
  5
FF
330
2
100
AcDbEntity
  8
text
100
AcDbMText
 10
-523466.4617044454
 20
-53444.4063949346
 30
0.0
210
0.0
220
0.0
230
1.0
 11
1.0
 21
0.0
 31
0.0
 40
5.6
 41
0.0
 46
0.0
 71
     5
 72
     1
  1
BATH\P5'-8"X6'
  7
style1
 73
     1
 44
1.0
1001
AcDbBlockRepETag
1000

  0
MTEXT
  5
100
330
2
100
AcDbEntity
  8
text
100
AcDbMText
 10
-523521.7571450759
 20
-53551.26790843383
 30
0.0
210
0.0
220
0.0
230
1.0
 11
1.0
 21
0.0
 31
0.0
 40
5.6
 41
0.0
 46
0.0
 71
     5
 72
     1
  1
\A1;BED ROOM\P14'-1½"X11'-0"
  7
style1
 73
     1
 44
1.0
1001
AcDbBlockRepETag
1000

  0
MTEXT
  5
101
330
2
100
AcDbEntity
  8
text
100
AcDbMText
 10
-523662.6834710737
 20
-53556.54350366868
 30
0.0
210
0.0
220
0.0
230
1.0
 11
1.0
 21
0.0
 31
0.0
 40
5.6
 41
0.0
 46
0.0
 71
     5
 72
     1
  1
\A1;KITCHEN\P 9'-1½"X11'-0"
  7
style1
 73
     1
 44
1.0
1001
AcDbBlockRepETag
1000

  0
MTEXT
  5
102
330
2
100
AcDbEntity
  8
text
100
AcDbMText
 10
-523576.7490971143
 20
-53680.99324150692
 30
0.0
210
0.0
220
0.0
230
1.0
 11
1.0
 21
0.0
 31
0.0
 40
5.6
 41
0.0
 46
0.0
 71
     5
 72
     1
  1
\A1;T.V LOUNGE\P14'-0"X9'-6"
  7
style1
 73
     1
 44
1.0
1001
AcDbBlockRepETag
1000

  0
MTEXT
  5
103
330
2
100
AcDbEntity
  8
text
100
AcDbMText
 10
-523652.384643971
 20
-53814.46690875571
 30
0.0
210
0.0
220
0.0
230
1.0
 11
1.0
 21
0.0
 31
0.0
 40
5.6
 41
0.0
 46
0.0
 71
     5
 72
     1
  1
DRAWING\P11'-0"X11'-0"
  7
style1
 73
     1
 44
1.0
1001
AcDbBlockRepETag
1000

  0
MTEXT
  5
104
330
2
100
AcDbEntity
  8
text
100
AcDbMText
 10
-523471.3805644481
 20
-53765.42756996452
 30
0.0
210
0.0
220
0.0
230
1.0
 11
1.0
 21
0.0
 31
0.0
 40
5.6
 41
0.0
 46
15.17803547066848
 71
     5
 72
     1
  1
\A1;PORCH\P 11'-9"X11'-9"
  7
style1
 73
     1
 44
1.0
1001
AcDbBlockRepETag
1000

1001
ACAD
1000
ACAD_MTEXT_DEFINED_HEIGHT_BEGIN
1070
    46
1040
15.17803547066848
1000
ACAD_MTEXT_DEFINED_HEIGHT_END
  0
DIMENSION
  5
105
330
2
100
AcDbEntity
  8
dimension
100
AcDbDimension
  2
*D31
 10
-523729.4849490091
 20
-53390.61635590071
 30
0.0
 11
-523579.4849490091
 21
-53390.61635590071
 31
0.0
 70
    32
  1

 71
     5
 42
300.0
 73
     0
 74
     0
 75
     0
  3
1-2
100
AcDbAlignedDimension
 13
-523429.4849490091
 23
-53407.55538900054
 33
0.0
 14
-523729.4849490091
 24
-53407.55538900054
 34
0.0
 52
0.0
100
AcDbRotatedDimension
1001
AcDbBlockRepETag
1000

1001
ACAD
1000
DSTYLE
1002
{
1070
    49
1040
12.0
1070
    90
1070
     1
1070
   176
1070
     5
1070
   177
1070
     5
1070
   178
1070
     5
1070
   290
1070
     1
1070
   340
1005
44
1070
   345
1005
24
1070
   346
1005
24
1070
   347
1005
24
1002
}
  0
DIMENSION
  5
114
330
2
100
AcDbEntity
  8
dimension
100
AcDbDimension
  2
*D32
 10
-523506.4849490094
 20
-53398.26349108855
 30
0.0
 11
-523467.9849490093
 21
-53398.26349108855
 31
0.0
 70
    32
  1

 71
     5
 42
77.00000000023283
 73
     0
 74
     0
 75
     0
  3
1-2
100
AcDbAlignedDimension
 13
-523429.4849490091
 23
-53407.55538900054
 33
0.0
 14
-523506.4849490094
 24
-53407.55538900054
 34
0.0
 52
0.0
100
AcDbRotatedDimension
1001
AcDbBlockRepETag
1000

1001
ACAD
1000
DSTYLE
1002
{
1070
    49
1040
12.0
1070
    90
1070
     1
1070
   176
1070
     5
1070
   177
1070
     5
1070
   178
1070
     5
1070
   290
1070
     1
1070
   340
1005
44
1070
   345
1005
24
1070
   346
1005
24
1070
   347
1005
24
1002
}
  0
DIMENSION
  5
122
330
2
100
AcDbEntity
  8
dimension
100
AcDbDimension
  2
*D33
 10
-523729.4849490091
 20
-53398.26349108855
 30
0.0
 11
-523617.9849490093
 21
-53398.26349108855
 31
0.0
 70
    32
  1

 71
     5
 42
222.9999999997672
 73
     0
 74
     0
 75
     0
  3
1-2
100
AcDbAlignedDimension
 13
-523506.4849490094
 23
-53407.55538900054
 33
0.0
 14
-523729.4849490091
 24
-53407.55538900054
 34
0.0
 52
0.0
100
AcDbRotatedDimension
1001
AcDbBlockRepETag
1000

1001
ACAD
1000
DSTYLE
1002
{
1070
    49
1040
12.0
1070
    90
1070
     1
1070
   176
1070
     5
1070
   177
1070
     5
1070
   178
1070
     5
1070
   290
1070
     1
1070
   340
1005
44
1070
   345
1005
24
1070
   346
1005
24
1070
   347
1005
24
1002
}
  0
DIMENSION
  5
130
330
2
100
AcDbEntity
  8
dimension
100
AcDbDimension
  2
*D34
 10
-523740.9940015409
 20
-53473.55538900054
 30
0.0
 11
-523740.9940015409
 21
-53440.55538900063
 31
0.0
 70
    32
  1

 71
     5
 42
66.0
 73
     0
 74
     0
 75
     0
  3
1-2
100
AcDbAlignedDimension
 13
-523729.4849490091
 23
-53407.55538900054
 33
0.0
 14
-523729.4849490091
 24
-53473.55538900054
 34
0.0
 52
0.0
 50
90.0
100
AcDbRotatedDimension
1001
AcDbBlockRepETag
1000

1001
ACAD
1000
DSTYLE
1002
{
1070
    49
1040
12.0
1070
    90
1070
     1
1070
   176
1070
     5
1070
   177
1070
     5
1070
   178
1070
     5
1070
   290
1070
     1
1070
   340
1005
44
1070
   345
1005
24
1070
   346
1005
24
1070
   347
1005
24
1002
}
  0
DIMENSION
  5
13E
330
2
100
AcDbEntity
  8
dimension
100
AcDbDimension
  2
*D35
 10
-523415.5985328633
 20
-53473.55538900054
 30
0.0
 11
-523415.5985328633
 21
-53440.55538900063
 31
0.0
 70
    32
  1

 71
     5
 42
66.0
 73
     0
 74
     0
 75
     0
  3
1-2
100
AcDbAlignedDimension
 13
-523429.4849490091
 23
-53407.55538900054
 33
0.0
 14
-523429.4849490091
 24
-53473.55538900054
 34
0.0
 52
0.0
 50
90.0
100
AcDbRotatedDimension
1001
AcDbBlockRepETag
1000

1001
ACAD
1000
DSTYLE
1002
{
1070
    49
1040
12.0
1070
    90
1070
     1
1070
   176
1070
     5
1070
   177
1070
     5
1070
   178
1070
     5
1070
   290
1070
     1
1070
   340
1005
44
1070
   345
1005
24
1070
   346
1005
24
1070
   347
1005
24
1002
}
  0
DIMENSION
  5
14C
330
2
100
AcDbEntity
  8
dimension
100
AcDbDimension
  2
*D36
 10
-523740.9940015409
 20
-53887.80538900054
 30
0.0
 11
-523740.9940015409
 21
-53680.68038900063
 31
0.0
 70
    32
  1
34'-6"
 71
     5
 42
414.25
 73
     0
 74
     0
 75
     0
  3
1-2
100
AcDbAlignedDimension
 13
-523729.4849490091
 23
-53473.55538900054
 33
0.0
 14
-523729.4849490091
 24
-53887.80538900054
 34
0.0
 52
0.0
 50
90.0
100
AcDbRotatedDimension
1001
AcDbBlockRepETag
1000

1001
ACAD
1000
DSTYLE
1002
{
1070
    49
1040
12.0
1070
    90
1070
     1
1070
   176
1070
     5
1070
   177
1070
     5
1070
   178
1070
     5
1070
   290
1070
     1
1070
   340
1005
44
1070
   345
1005
24
1070
   346
1005
24
1070
   347
1005
24
1002
}
  0
LINE
  5
15A
330
2
100
AcDbEntity
  8
A-WALL
100
AcDbLine
 10
-523501.9849490094
 20
-53460.80538900054
 30
0.0
 11
-523506.4849490094
 21
-53460.80538900054
 31
0.0
1001
AcDbBlockRepETag
1000

  0
LINE
  5
15B
330
2
100
AcDbEntity
  8
A-WALL
100
AcDbLine
 10
-523501.9849490094
 20
-53460.80538900054
 30
0.0
 11
-523501.9849490094
 21
-53478.05538900054
 31
0.0
1001
AcDbBlockRepETag
1000

  0
LINE
  5
15C
330
2
100
AcDbEntity
  8
A-WALL
100
AcDbLine
 10
-523506.4849490094
 20
-53460.80538900054
 30
0.0
 11
-523506.4849490094
 21
-53473.55538900054
 31
0.0
1001
AcDbBlockRepETag
1000

  0
MTEXT
  5
15D
330
2
100
AcDbEntity
  8
text
100
AcDbMText
 10
-523643.9264313014
 20
-53893.79748143535
 30
0.0
210
0.0
220
0.0
230
1.0
 11
1.0
 21
0.0
 31
0.0
 40
5.6
 41
0.0
 46
0.0
 71
     5
 72
     1
  1
LAWN
  7
style1
 73
     1
 44
1.0
1001
AcDbBlockRepETag
1000

  0
LINE
  5
15E
330
2
100
AcDbEntity
  8
A-WALL
100
AcDbLine
 10
-523691.9849490091
 20
-53887.80538900054
 30
0.0
 11
-523691.9849490091
 21
-53878.80538900054
 31
0.0
1001
AcDbBlockRepETag
1000

  0
LINE
  5
15F
330
2
100
AcDbEntity
  8
A-WALL
100
AcDbLine
 10
-523616.9849490091
 20
-53878.80538900057
 30
0.0
 11
-523616.9849490091
 21
-53887.80538900054
 31
0.0
1001
AcDbBlockRepETag
1000

  0
LINE
  5
160
330
2
100
AcDbEntity
  8
DET
100
AcDbLine
 10
-523574.9849490091
 20
-53746.55538900054
 30
0.0
 11
-523526.9849490091
 21
-53746.55538900054
 31
0.0
1001
AcDbBlockRepETag
1000

  0
LINE
  5
161
330
2
100
AcDbEntity
  8
DET
100
AcDbLine
 10
-523579.4849490091
 20
-53793.05538900054
 30
0.0
 11
-523579.4849490091
 21
-53751.05538900054
 31
0.0
1001
AcDbBlockRepETag
1000

  0
LINE
  5
162
330
2
100
AcDbEntity
  8
A-WALL
100
AcDbLine
 10
-523058.4921481537
 20
-53746.55538900054
 30
0.0
 11
-523058.4921481536
 21
-53473.55538900054
 31
0.0
1001
AcDbBlockRepETag
1000

  0
LINE
  5
163
330
2
100
AcDbEntity
  8
WIN
100
AcDbLine
 10
-523058.4921481536
 20
-53401.55538900054
 30
0.0
 11
-523136.4921481536
 21
-53401.55538900057
 31
0.0
1001
AcDbBlockRepETag
1000

  0
LINE
  5
164
102
{ACAD_REACTORS
330
2A9
102
}
330
2
100
AcDbEntity
  8
A-WALL
100
AcDbLine
 10
-523358.4921481536
 20
-53473.55538900054
 30
0.0
 11
-523358.4921481536
 21
-53623.55538900057
 31
0.0
1001
AcDbBlockRepETag
1000

  0
LINE
  5
165
330
2
100
AcDbEntity
  8
A-WALL
100
AcDbLine
 10
-523349.4921481536
 20
-53482.55538900054
 30
0.0
 11
-523349.4921481537
 21
-53614.55538900054
 31
0.0
1001
AcDbBlockRepETag
1000

  0
LINE
  5
166
330
2
100
AcDbEntity
  8
A-WALL
100
AcDbLine
 10
-523358.4921481535
 20
-53737.55538900057
 30
0.0
 11
-523358.4921481535
 21
-53887.80538900054
 31
0.0
1001
AcDbBlockRepETag
1000

  0
LINE
  5
167
330
2
100
AcDbEntity
  8
A-WALL
100
AcDbLine
 10
-523277.4921481536
 20
-53614.55538900092
 30
0.0
 11
-523277.4921481536
 21
-53632.55538900092
 31
0.0
1001
AcDbBlockRepETag
1000

  0
LINE
  5
168
330
2
100
AcDbEntity
  8
A-WALL
100
AcDbLine
 10
-523277.4921481536
 20
-53728.55538900092
 30
0.0
 11
-523277.4921481536
 21
-53737.55538900092
 31
0.0
1001
AcDbBlockRepETag
1000

  0
LINE
  5
169
330
2
100
AcDbEntity
  8
A-WALL
100
AcDbLine
 10
-523286.4921481535
 20
-53623.55538900089
 30
0.0
 11
-523286.4921481536
 21
-53632.55538900092
 31
0.0
1001
AcDbBlockRepETag
1000

  0
LINE
  5
16A
330
2
100
AcDbEntity
  8
A-WALL
100
AcDbLine
 10
-523286.4921481536
 20
-53728.55538900092
 30
0.0
 11
-523286.4921481535
 21
-53746.55538900092
 31
0.0
1001
AcDbBlockRepETag
1000

  0
LINE
  5
16B
102
{ACAD_REACTORS
330
2C6
102
}
330
2
100
AcDbEntity
  8
A-WALL
100
AcDbLine
 10
-523358.4921481535
 20
-53623.55538900057
 30
0.0
 11
-523286.4921481535
 21
-53623.55538900089
 31
0.0
1001
AcDbBlockRepETag
1000

  0
LINE
  5
16C
330
2
100
AcDbEntity
  8
A-WALL
100
AcDbLine
 10
-523349.4921481537
 20
-53614.55538900054
 30
0.0
 11
-523277.4921481536
 21
-53614.55538900092
 31
0.0
1001
AcDbBlockRepETag
1000

  0
LINE
  5
16D
330
2
100
AcDbEntity
  8
A-WALL
100
AcDbLine
 10
-523349.4921481536
 20
-53482.55538900054
 30
0.0
 11
-523339.7421481536
 21
-53482.55538900054
 31
0.0
1001
AcDbBlockRepETag
1000

  0
LINE
  5
16E
330
2
100
AcDbEntity
  8
boundary wall
100
AcDbLine
 10
-523058.4921481536
 20
-53746.55538900054
 30
0.0
 11
-523058.4921481536
 21
-53887.80538900054
 31
0.0
1001
AcDbBlockRepETag
1000

  0
LINE
  5
16F
330
2
100
AcDbEntity
  8
boundary wall
100
AcDbLine
 10
-523062.9921481536
 20
-53746.55538900054
 30
0.0
 11
-523062.9921481536
 21
-53883.30538900054
 31
0.0
1001
AcDbBlockRepETag
1000

  0
LINE
  5
170
330
2
100
AcDbEntity
  8
A-WALL
100
AcDbLine
 10
-523349.4921481536
 20
-53878.80538900054
 30
0.0
 11
-523349.4921481536
 21
-53737.55538900057
 31
0.0
1001
AcDbBlockRepETag
1000

  0
LINE
  5
171
330
2
100
AcDbEntity
  8
boundary wall
100
AcDbLine
 10
-523358.4921481536
 20
-53737.55538900054
 30
0.0
 11
-523358.4921481536
 21
-53623.55538900054
 31
0.0
1001
AcDbBlockRepETag
1000

  0
LINE
  5
172
102
{ACAD_REACTORS
330
2C6
102
}
330
2
100
AcDbEntity
  8
A-WALL
100
AcDbLine
 10
-523358.4921481536
 20
-53473.55538900054
 30
0.0
 11
-523339.7421481536
 21
-53473.55538900054
 31
0.0
1001
AcDbBlockRepETag
1000

  0
LINE
  5
173
330
2
100
AcDbEntity
  8
A-WALL
100
AcDbLine
 10
-523181.4921481536
 20
-53482.55538900054
 30
0.0
 11
-523181.4921481536
 21
-53487.05538900054
 31
0.0
1001
AcDbBlockRepETag
1000

  0
LINE
  5
174
330
2
100
AcDbEntity
  8
A-WALL
100
AcDbLine
 10
-523181.4921481536
 20
-53517.05538900054
 30
0.0
 11
-523181.4921481536
 21
-53548.55538900054
 31
0.0
1001
AcDbBlockRepETag
1000

  0
LINE
  5
175
330
2
100
AcDbEntity
  8
A-WALL
100
AcDbLine
 10
-523241.4921481536
 20
-53482.55538900054
 30
0.0
 11
-523241.4921481536
 21
-53548.55538900054
 31
0.0
1001
AcDbBlockRepETag
1000

  0
LINE
  5
176
330
2
100
AcDbEntity
  8
A-WALL
100
AcDbLine
 10
-523245.9921481536
 20
-53482.55538900054
 30
0.0
 11
-523245.9921481536
 21
-53623.55538900055
 31
0.0
1001
AcDbBlockRepETag
1000

  0
LINE
  5
177
330
2
100
AcDbEntity
  8
A-WALL
100
AcDbLine
 10
-523176.9921481537
 20
-53482.55538900054
 30
0.0
 11
-523176.9921481537
 21
-53487.05538900054
 31
0.0
1001
AcDbBlockRepETag
1000

  0
LINE
  5
178
330
2
100
AcDbEntity
  8
A-WALL
100
AcDbLine
 10
-523176.9921481536
 20
-53517.05538900054
 30
0.0
 11
-523176.9921481536
 21
-53548.55538900054
 31
0.0
1001
AcDbBlockRepETag
1000

  0
LINE
  5
179
330
2
100
AcDbEntity
  8
A-WALL
100
AcDbLine
 10
-523241.4921481536
 20
-53553.05538900054
 30
0.0
 11
-523241.4921481536
 21
-53614.55538900054
 31
0.0
1001
AcDbBlockRepETag
1000

  0
LINE
  5
17A
330
2
100
AcDbEntity
  8
A-WALL
100
AcDbLine
 10
-523241.4921481536
 20
-53614.55538900054
 30
0.0
 11
-523236.9921481536
 21
-53614.55538900054
 31
0.0
1001
AcDbBlockRepETag
1000

  0
LINE
  5
17B
330
2
100
AcDbEntity
  8
A-WALL
100
AcDbLine
 10
-523067.4921481536
 20
-53623.55538900054
 30
0.0
 11
-523067.4921481536
 21
-53737.55538900054
 31
0.0
1001
AcDbBlockRepETag
1000

  0
LINE
  5
17C
330
2
100
AcDbEntity
  8
A-WALL
100
AcDbLine
 10
-523176.9921481536
 20
-53548.55538900054
 30
0.0
 11
-523176.9921481536
 21
-53548.55538900054
 31
0.0
1001
AcDbBlockRepETag
1000

  0
LINE
  5
17D
330
2
100
AcDbEntity
  8
A-WALL
100
AcDbLine
 10
-523176.9921481536
 20
-53482.55538900054
 30
0.0
 11
-523176.9921481536
 21
-53487.05538900054
 31
0.0
1001
AcDbBlockRepETag
1000

  0
LINE
  5
17E
330
2
100
AcDbEntity
  8
A-WALL
100
AcDbLine
 10
-523176.9921481536
 20
-53517.05538900054
 30
0.0
 11
-523176.9921481536
 21
-53553.05538900054
 31
0.0
1001
AcDbBlockRepETag
1000

  0
HATCH
  5
17F
330
2
100
AcDbEntity
  8
HATCH..
 62
     8
100
AcDbHatch
 10
0.0
 20
0.0
 30
0.0
210
0.0
220
0.0
230
1.0
  2
ANSI31
 70
     0
 71
     0
 91
        1
 92
        7
 72
     0
 73
     1
 93
        4
 10
-523241.4921481537
 20
-53553.05538900054
 10
-523241.4921481537
 20
-53577.05538900054
 10
-523176.9921481536
 20
-53577.05538900054
 10
-523176.9921481536
 20
-53553.05538900051
 97
        0
 75
     0
 76
     1
 52
0.0
 41
10.0
 77
     0
 78
     1
 53
135.0
 43
-887235.3419371162
 44
-8600.065095461076
 45
0.8838834764831842
 46
0.8838834764831844
 79
     0
 47
0.2029486446734032
 98
        2
 10
-523218.1722981124
 20
-53562.7632230111
 10
-523211.6751464944
 20
-53569.4605600131
1001
ACAD
1010
0.0
1020
0.0
1030
0.0
  0
LINE
  5
180
330
2
100
AcDbEntity
  8
A-WALL
100
AcDbLine
 10
-523241.4921481536
 20
-53553.05538900054
 30
0.0
 11
-523241.4921481536
 21
-53614.55538900057
 31
0.0
1001
AcDbBlockRepETag
1000

  0
LINE
  5
181
330
2
100
AcDbEntity
  8
A-WALL
100
AcDbLine
 10
-523176.9921481536
 20
-53482.55538900054
 30
0.0
 11
-523164.2421481536
 21
-53482.55538900054
 31
0.0
1001
AcDbBlockRepETag
1000

  0
LINE
  5
182
330
2
100
AcDbEntity
  8
A-WALL
100
AcDbLine
 10
-523245.9921481538
 20
-53623.55538900054
 30
0.0
 11
-523236.9921481536
 21
-53623.55538900054
 31
0.0
1001
AcDbBlockRepETag
1000

  0
LINE
  5
183
330
2
100
AcDbEntity
  8
A-WALL
100
AcDbLine
 10
-523291.7421481537
 20
-53482.55538900057
 30
0.0
 11
-523245.9921481536
 21
-53482.55538900054
 31
0.0
1001
AcDbBlockRepETag
1000

  0
LINE
  5
184
330
2
100
AcDbEntity
  8
A-WALL
100
AcDbLine
 10
-523241.4921481537
 20
-53482.55538900054
 30
0.0
 11
-523241.4921481536
 21
-53482.55538900054
 31
0.0
1001
AcDbBlockRepETag
1000

  0
LINE
  5
185
330
2
100
AcDbEntity
  8
A-WALL
100
AcDbLine
 10
-523205.4921481536
 20
-53482.55538900054
 30
0.0
 11
-523181.4921481536
 21
-53482.55538900054
 31
0.0
1001
AcDbBlockRepETag
1000

  0
LINE
  5
186
330
2
100
AcDbEntity
  8
A-WALL
100
AcDbLine
 10
-523241.4921481536
 20
-53548.55538900054
 30
0.0
 11
-523181.4921481536
 21
-53548.55538900054
 31
0.0
1001
AcDbBlockRepETag
1000

  0
LINE
  5
187
330
2
100
AcDbEntity
  8
A-WALL
100
AcDbLine
 10
-523241.4921481536
 20
-53553.05538900054
 30
0.0
 11
-523176.9921481536
 21
-53553.05538900054
 31
0.0
1001
AcDbBlockRepETag
1000

  0
LINE
  5
188
330
2
100
AcDbEntity
  8
HATCH..
 62
     8
100
AcDbLine
 10
-523241.4921481536
 20
-53577.05538900054
 30
0.0
 11
-523176.9921481536
 21
-53577.05538900054
 31
0.0
1001
AcDbBlockRepETag
1000

  0
LINE
  5
189
330
2
100
AcDbEntity
  8
A-WALL
100
AcDbLine
 10
-523291.7421481536
 20
-53473.55538900054
 30
0.0
 11
-523241.4921481536
 21
-53473.55538900054
 31
0.0
1001
AcDbBlockRepETag
1000

  0
LINE
  5
18A
330
2
100
AcDbEntity
  8
A-WALL
100
AcDbLine
 10
-523205.4921481536
 20
-53473.55538900054
 30
0.0
 11
-523164.2421481536
 21
-53473.55538900054
 31
0.0
1001
AcDbBlockRepETag
1000

  0
LINE
  5
18B
330
2
100
AcDbEntity
  8
A-WALL
100
AcDbLine
 10
-523339.7421481536
 20
-53473.55538900054
 30
0.0
 11
-523339.7421481536
 21
-53482.55538900054
 31
0.0
1001
AcDbBlockRepETag
1000

  0
LINE
  5
18C
330
2
100
AcDbEntity
  8
A-WALL
100
AcDbLine
 10
-523291.7421481536
 20
-53473.55538900054
 30
0.0
 11
-523291.7421481536
 21
-53482.55538900054
 31
0.0
1001
AcDbBlockRepETag
1000

  0
LINE
  5
18D
330
2
100
AcDbEntity
  8
WIN
100
AcDbLine
 10
-523291.7421481536
 20
-53482.55538900054
 30
0.0
 11
-523339.7421481536
 21
-53482.55538900054
 31
0.0
1001
AcDbBlockRepETag
1000

  0
LINE
  5
18E
330
2
100
AcDbEntity
  8
WIN
100
AcDbLine
 10
-523245.9921481536
 20
-53506.55538900054
 30
0.0
 11
-523325.4921481537
 21
-53506.55538900054
 31
0.0
1001
AcDbBlockRepETag
1000

  0
LINE
  5
18F
330
2
100
AcDbEntity
  8
WIN
100
AcDbLine
 10
-523339.7421481536
 20
-53473.55538900054
 30
0.0
 11
-523291.7421481536
 21
-53473.55538900054
 31
0.0
1001
AcDbBlockRepETag
1000

  0
LINE
  5
190
330
2
100
AcDbEntity
  8
WIN
100
AcDbLine
 10
-523339.7421481536
 20
-53476.55538900054
 30
0.0
 11
-523291.7421481536
 21
-53476.55538900054
 31
0.0
1001
AcDbBlockRepETag
1000

  0
LINE
  5
191
330
2
100
AcDbEntity
  8
WIN
100
AcDbLine
 10
-523291.7421481536
 20
-53479.55538900054
 30
0.0
 11
-523339.7421481536
 21
-53479.55538900054
 31
0.0
1001
AcDbBlockRepETag
1000

  0
LINE
  5
192
330
2
100
AcDbEntity
  8
A-WALL
100
AcDbLine
 10
-523092.2421481536
 20
-53482.55538900054
 30
0.0
 11
-523092.2421481536
 21
-53473.55538900054
 31
0.0
1001
AcDbBlockRepETag
1000

  0
LINE
  5
193
330
2
100
AcDbEntity
  8
A-WALL
100
AcDbLine
 10
-523164.2421481536
 20
-53482.55538900054
 30
0.0
 11
-523164.2421481536
 21
-53473.55538900054
 31
0.0
1001
AcDbBlockRepETag
1000

  0
LINE
  5
194
330
2
100
AcDbEntity
  8
A-WALL
100
AcDbLine
 10
-523092.2421481536
 20
-53482.55538900054
 30
0.0
 11
-523067.4921481536
 21
-53482.55538900054
 31
0.0
1001
AcDbBlockRepETag
1000

  0
LINE
  5
195
330
2
100
AcDbEntity
  8
A-WALL
100
AcDbLine
 10
-523092.2421481536
 20
-53473.55538900054
 30
0.0
 11
-523058.4921481536
 21
-53473.55538900054
 31
0.0
1001
AcDbBlockRepETag
1000

  0
LINE
  5
196
330
2
100
AcDbEntity
  8
WIN
100
AcDbLine
 10
-523092.2421481536
 20
-53479.55538900054
 30
0.0
 11
-523164.2421481536
 21
-53479.55538900054
 31
0.0
1001
AcDbBlockRepETag
1000

  0
LINE
  5
197
330
2
100
AcDbEntity
  8
WIN
100
AcDbLine
 10
-523164.2421481536
 20
-53476.55538900054
 30
0.0
 11
-523092.2421481536
 21
-53476.55538900054
 31
0.0
1001
AcDbBlockRepETag
1000

  0
LINE
  5
198
330
2
100
AcDbEntity
  8
WIN
100
AcDbLine
 10
-523164.2421481536
 20
-53473.55538900054
 30
0.0
 11
-523092.2421481536
 21
-53473.55538900054
 31
0.0
1001
AcDbBlockRepETag
1000

  0
LINE
  5
199
330
2
100
AcDbEntity
  8
WIN
100
AcDbLine
 10
-523092.2421481536
 20
-53482.55538900054
 30
0.0
 11
-523164.2421481536
 21
-53482.55538900054
 31
0.0
1001
AcDbBlockRepETag
1000

  0
LINE
  5
19A
330
2
100
AcDbEntity
  8
A-WALL
100
AcDbLine
 10
-523067.4921481536
 20
-53614.55538900054
 30
0.0
 11
-523067.4921481536
 21
-53482.55538900054
 31
0.0
1001
AcDbBlockRepETag
1000

  0
LINE
  5
19B
330
2
100
AcDbEntity
  8
A-WALL
100
AcDbLine
 10
-523067.4921481536
 20
-53737.55538900054
 30
0.0
 11
-523071.5807988944
 21
-53737.55538899993
 31
0.0
1001
AcDbBlockRepETag
1000

  0
LINE
  5
19C
330
2
100
AcDbEntity
  8
A-WALL
100
AcDbLine
 10
-523349.4921481536
 20
-53737.55538900057
 30
0.0
 11
-523358.4921481535
 21
-53737.55538900057
 31
0.0
1001
AcDbBlockRepETag
1000

  0
LINE
  5
19D
330
2
100
AcDbEntity
  8
A-WALL
100
AcDbLine
 10
-523236.9921481536
 20
-53614.55538900054
 30
0.0
 11
-523236.9921481536
 21
-53623.55538900054
 31
0.0
1001
AcDbBlockRepETag
1000

  0
LINE
  5
19E
330
2
100
AcDbEntity
  8
A-WALL
100
AcDbLine
 10
-523194.9921481536
 20
-53614.55538900054
 30
0.0
 11
-523194.9921481536
 21
-53623.55538900054
 31
0.0
1001
AcDbBlockRepETag
1000

  0
LINE
  5
19F
330
2
100
AcDbEntity
  8
A-WALL
100
AcDbLine
 10
-523194.9921481536
 20
-53614.55538900054
 30
0.0
 11
-523067.4921481536
 21
-53614.55538900054
 31
0.0
1001
AcDbBlockRepETag
1000

  0
LINE
  5
1A0
330
2
100
AcDbEntity
  8
A-WALL
100
AcDbLine
 10
-523194.9921481536
 20
-53623.55538900054
 30
0.0
 11
-523067.4921481536
 21
-53623.55538900054
 31
0.0
1001
AcDbBlockRepETag
1000

  0
INSERT
  5
1A1
330
2
100
AcDbEntity
  8
DOOR
100
AcDbBlockReference
  2
D1
 10
-523236.9921481536
 20
-53621.68038900054
 30
0.0
1001
AEC_XDATA_BOUND_SPACE
1000

1001
AcDbBlockRepETag
1000

  0
LINE
  5
1A2
330
2
100
AcDbEntity
  8
WIN
100
AcDbLine
 10
-523058.4921481536
 20
-53473.55538900054
 30
0.0
 11
-523058.4921481536
 21
-53401.55538900054
 31
0.0
1001
AcDbBlockRepETag
1000

  0
LINE
  5
1A3
330
2
100
AcDbEntity
  8
WIN
100
AcDbLine
 10
-523136.4921481536
 20
-53473.55538900054
 30
0.0
 11
-523136.4921481536
 21
-53401.55538900057
 31
0.0
1001
AcDbBlockRepETag
1000

  0
LINE
  5
1A4
330
2
100
AcDbEntity
  8
wall
100
AcDbLine
 10
-523181.4921481536
 20
-53487.05538900054
 30
0.0
 11
-523176.9921481537
 21
-53487.05538900054
 31
0.0
1001
AcDbBlockRepETag
1000

  0
LINE
  5
1A5
330
2
100
AcDbEntity
  8
wall
100
AcDbLine
 10
-523181.4921481536
 20
-53517.05538900054
 30
0.0
 11
-523176.9921481537
 21
-53517.05538900054
 31
0.0
1001
AcDbBlockRepETag
1000

  0
MTEXT
  5
1A6
330
2
100
AcDbEntity
  8
text
100
AcDbMText
 10
-523212.3569214819
 20
-53516.74234074185
 30
0.0
210
0.0
220
0.0
230
1.0
 11
1.0
 21
0.0
 31
0.0
 40
5.599999999999999
 41
0.0
 46
0.0
 71
     5
 72
     1
  1
\A1;BATH\P5'X5'
  7
style1
 73
     1
 44
1.0
1001
AcDbBlockRepETag
1000

  0
LINE
  5
1A7
102
{ACAD_REACTORS
330
1D8
330
302
330
67C
102
}
330
2
100
AcDbEntity
  8
boundary wall
100
AcDbLine
 10
-523208.4921481537
 20
-53887.80538900066
 30
0.0
 11
-523058.4921481536
 21
-53887.80538900054
 31
0.0
1001
AcDbBlockRepETag
1000

  0
LINE
  5
1A8
330
2
100
AcDbEntity
  8
boundary wall
100
AcDbLine
 10
-523208.4921481536
 20
-53883.30538900063
 30
0.0
 11
-523062.9921481536
 21
-53883.30538900054
 31
0.0
1001
AcDbBlockRepETag
1000

  0
MTEXT
  5
1A9
330
2
100
AcDbEntity
  8
text
100
AcDbMText
 10
-523135.8140778268
 20
-53823.01605665806
 30
0.0
210
0.0
220
0.0
230
1.0
 11
1.0
 21
0.0
 31
0.0
 40
5.6
 41
0.0
 46
0.0
 71
     5
 72
     1
  1
TERRACE
  7
style1
 73
     1
 44
1.0
1001
AcDbBlockRepETag
1000

  0
INSERT
  5
1AA
330
2
100
AcDbEntity
  8
DOOR
100
AcDbBlockReference
  2
D1
 10
-523178.3314338682
 20
-53487.05538900054
 30
0.0
 41
-0.714285714289872
 42
0.714285714289872
 43
0.7142857142857145
 50
90.0
1001
AEC_XDATA_BOUND_SPACE
1000

1001
AcDbBlockRepETag
1000

  0
LINE
  5
1AB
330
2
100
AcDbEntity
  8
stair
100
AcDbLine
 10
-523480.4849490091
 20
-53665.55538900054
 30
0.0
 11
-523480.4849490091
 21
-53623.55538900054
 31
0.0
  0
LINE
  5
1AC
330
2
100
AcDbEntity
  8
stair
100
AcDbLine
 10
-523490.4849490091
 20
-53665.55538900054
 30
0.0
 11
-523490.4849490091
 21
-53623.55538900054
 31
0.0
  0
LINE
  5
1AD
330
2
100
AcDbEntity
  8
stair
100
AcDbLine
 10
-523500.4849490091
 20
-53665.55538900054
 30
0.0
 11
-523500.4849490091
 21
-53623.55538900054
 31
0.0
  0
LINE
  5
1AE
330
2
100
AcDbEntity
  8
stair
100
AcDbLine
 10
-523510.4849490091
 20
-53665.55538900054
 30
0.0
 11
-523510.4849490091
 21
-53623.55538900054
 31
0.0
  0
LINE
  5
1AF
330
2
100
AcDbEntity
  8
stair
100
AcDbLine
 10
-523520.4849490091
 20
-53665.55538900054
 30
0.0
 11
-523520.4849490091
 21
-53623.55538900054
 31
0.0
  0
LINE
  5
1B0
330
2
100
AcDbEntity
  8
stair
100
AcDbLine
 10
-523530.4849490091
 20
-53665.55538900054
 30
0.0
 11
-523530.4849490091
 21
-53623.55538900054
 31
0.0
  0
LINE
  5
1B1
330
2
100
AcDbEntity
  8
stair
100
AcDbLine
 10
-523540.4849490091
 20
-53665.55538900054
 30
0.0
 11
-523540.4849490091
 21
-53623.55538900054
 31
0.0
  0
LINE
  5
1B2
330
2
100
AcDbEntity
  8
stair
100
AcDbLine
 10
-523550.4849490091
 20
-53665.55538900054
 30
0.0
 11
-523550.4849490091
 21
-53623.55538900054
 31
0.0
  0
LINE
  5
1B3
330
2
100
AcDbEntity
  8
stair
100
AcDbLine
 10
-523550.4849490091
 20
-53665.55538900054
 30
0.0
 11
-523480.4849490091
 21
-53665.55538900054
 31
0.0
  0
LINE
  5
1B4
330
2
100
AcDbEntity
  8
stair
100
AcDbLine
 10
-523480.4849490091
 20
-53665.55538900054
 30
0.0
 11
-523438.4849490091
 21
-53665.55538900054
 31
0.0
  0
LINE
  5
1B5
330
2
100
AcDbEntity
  8
stair
100
AcDbLine
 10
-523480.4849490091
 20
-53675.55538900054
 30
0.0
 11
-523438.4849490091
 21
-53675.55538900054
 31
0.0
  0
LINE
  5
1B6
330
2
100
AcDbEntity
  8
stair
100
AcDbLine
 10
-523480.4849490091
 20
-53685.55538900054
 30
0.0
 11
-523438.4849490091
 21
-53685.55538900054
 31
0.0
  0
LINE
  5
1B7
330
2
100
AcDbEntity
  8
stair
100
AcDbLine
 10
-523550.4849490091
 20
-53664.55538900054
 30
0.0
 11
-523479.4849490091
 21
-53664.55538900054
 31
0.0
  0
LINE
  5
1B8
330
2
100
AcDbEntity
  8
stair
100
AcDbLine
 10
-523550.4849490091
 20
-53663.55538900054
 30
0.0
 11
-523478.4849490091
 21
-53663.55538900054
 31
0.0
  0
LINE
  5
1B9
330
2
100
AcDbEntity
  8
stair
100
AcDbLine
 10
-523480.4849490091
 20
-53695.55538900054
 30
0.0
 11
-523480.4849490091
 21
-53737.55538900057
 31
0.0
  0
LINE
  5
1BA
330
2
100
AcDbEntity
  8
stair
100
AcDbLine
 10
-523480.4849490091
 20
-53695.55538900054
 30
0.0
 11
-523438.4849490091
 21
-53716.55538900054
 31
0.0
  0
MTEXT
  5
1BB
330
2
100
AcDbEntity
  8
text
100
AcDbMText
 10
-523458.0212855026
 20
-53742.69025427999
 30
0.0
210
0.0
220
0.0
230
1.0
 11
1.0
 21
0.0
 31
0.0
 40
5.6
 41
0.0
 46
0.0
 71
     5
 72
     1
  1
UP
  7
style1
 73
     1
 44
1.0
1001
AcDbBlockRepETag
1000

  0
LINE
  5
1BC
330
2
100
AcDbEntity
  8
stair
100
AcDbLine
 10
-523109.4921481537
 20
-53695.55538900054
 30
0.0
 11
-523130.4921481536
 21
-53695.55538900054
 31
0.0
1001
AcDbBlockRepETag
1000

  0
LINE
  5
1BD
330
2
100
AcDbEntity
  8
stair
100
AcDbLine
 10
-523108.4921481536
 20
-53696.55538900054
 30
0.0
 11
-523130.4921481536
 21
-53696.55538900054
 31
0.0
1001
AcDbBlockRepETag
1000

  0
LINE
  5
1BE
330
2
100
AcDbEntity
  8
stair
100
AcDbLine
 10
-523107.4921481536
 20
-53697.55538900054
 30
0.0
 11
-523130.4921481536
 21
-53697.55538900055
 31
0.0
1001
AcDbBlockRepETag
1000

  0
LINE
  5
1BF
330
2
100
AcDbEntity
  8
stair
100
AcDbLine
 10
-523109.4921481537
 20
-53695.55538900054
 30
0.0
 11
-523109.4921481537
 21
-53665.55538900054
 31
0.0
1001
AcDbBlockRepETag
1000

  0
LINE
  5
1C0
330
2
100
AcDbEntity
  8
stair
100
AcDbLine
 10
-523108.4921481536
 20
-53696.55538900054
 30
0.0
 11
-523108.4921481536
 21
-53664.55538900054
 31
0.0
1001
AcDbBlockRepETag
1000

  0
LINE
  5
1C1
330
2
100
AcDbEntity
  8
stair
100
AcDbLine
 10
-523107.4921481536
 20
-53697.55538900054
 30
0.0
 11
-523107.4921481536
 21
-53663.55538900054
 31
0.0
1001
AcDbBlockRepETag
1000

  0
LINE
  5
1C2
330
2
100
AcDbEntity
  8
stair
100
AcDbLine
 10
-523130.4921481536
 20
-53737.55538900054
 30
0.0
 11
-523130.4921481536
 21
-53695.55538900054
 31
0.0
1001
AcDbBlockRepETag
1000

  0
LINE
  5
1C3
330
2
100
AcDbEntity
  8
stair
100
AcDbLine
 10
-523109.4921481537
 20
-53695.55538900054
 30
0.0
 11
-523067.4921481536
 21
-53695.55538900054
 31
0.0
1001
AcDbBlockRepETag
1000

  0
LINE
  5
1C4
330
2
100
AcDbEntity
  8
stair
100
AcDbLine
 10
-523109.4921481537
 20
-53665.55538900054
 30
0.0
 11
-523109.4921481537
 21
-53623.55538900054
 31
0.0
  0
LINE
  5
1C5
330
2
100
AcDbEntity
  8
stair
100
AcDbLine
 10
-523109.4921481537
 20
-53665.55538900054
 30
0.0
 11
-523067.4921481535
 21
-53665.55538900054
 31
0.0
  0
LINE
  5
1C6
330
2
100
AcDbEntity
  8
DET
100
AcDbLine
 10
-523130.4921481536
 20
-53644.55538900054
 30
0.0
 11
-523088.4921481535
 21
-53644.55538900054
 31
0.0
  0
LINE
  5
1C7
330
2
100
AcDbEntity
  8
stair
100
AcDbLine
 10
-523088.4921481535
 20
-53644.55538900054
 30
0.0
 11
-523088.4921481536
 21
-53716.55538900054
 31
0.0
  0
MTEXT
  5
1C8
330
2
100
AcDbEntity
  8
text
100
AcDbMText
 10
-523136.0127266977
 20
-53715.55990105076
 30
0.0
210
0.0
220
0.0
230
1.0
 11
1.0
 21
0.0
 31
0.0
 40
5.6
 41
0.0
 46
0.0
 71
     5
 72
     1
  1
UP
  7
style1
 73
     1
 44
1.0
1001
AcDbBlockRepETag
1000

  0
LINE
  5
1C9
330
2
100
AcDbEntity
  8
stair
100
AcDbLine
 10
-523109.4921481537
 20
-53665.55538900054
 30
0.0
 11
-523190.4921481536
 21
-53665.55538900054
 31
0.0
1001
AcDbBlockRepETag
1000

  0
LINE
  5
1CA
330
2
100
AcDbEntity
  8
stair
100
AcDbLine
 10
-523108.4921481536
 20
-53664.55538900054
 30
0.0
 11
-523190.4921481536
 21
-53664.55538900054
 31
0.0
1001
AcDbBlockRepETag
1000

  0
LINE
  5
1CB
330
2
100
AcDbEntity
  8
stair
100
AcDbLine
 10
-523107.4921481536
 20
-53663.55538900054
 30
0.0
 11
-523190.4921481536
 21
-53663.5553890006
 31
0.0
1001
AcDbBlockRepETag
1000

  0
LINE
  5
1CC
330
2
100
AcDbEntity
  8
stair
100
AcDbLine
 10
-523119.9921481537
 20
-53623.55538900054
 30
0.0
 11
-523119.9921481537
 21
-53665.55538900054
 31
0.0
1001
AcDbBlockRepETag
1000

  0
LINE
  5
1CD
330
2
100
AcDbEntity
  8
stair
100
AcDbLine
 10
-523130.4921481536
 20
-53623.55538900054
 30
0.0
 11
-523130.4921481536
 21
-53665.55538900054
 31
0.0
1001
AcDbBlockRepETag
1000

  0
LINE
  5
1CE
330
2
100
AcDbEntity
  8
stair
100
AcDbLine
 10
-523140.4921481536
 20
-53623.55538900054
 30
0.0
 11
-523140.4921481536
 21
-53665.55538900054
 31
0.0
1001
AcDbBlockRepETag
1000

  0
LINE
  5
1CF
330
2
100
AcDbEntity
  8
stair
100
AcDbLine
 10
-523150.4921481536
 20
-53623.55538900054
 30
0.0
 11
-523150.4921481536
 21
-53665.55538900054
 31
0.0
1001
AcDbBlockRepETag
1000

  0
LINE
  5
1D0
330
2
100
AcDbEntity
  8
stair
100
AcDbLine
 10
-523160.4921481536
 20
-53623.55538900054
 30
0.0
 11
-523160.4921481536
 21
-53665.55538900054
 31
0.0
1001
AcDbBlockRepETag
1000

  0
LINE
  5
1D1
330
2
100
AcDbEntity
  8
stair
100
AcDbLine
 10
-523170.4921481536
 20
-53623.55538900054
 30
0.0
 11
-523170.4921481536
 21
-53665.55538900054
 31
0.0
1001
AcDbBlockRepETag
1000

  0
LINE
  5
1D2
330
2
100
AcDbEntity
  8
stair
100
AcDbLine
 10
-523180.4921481536
 20
-53623.55538900054
 30
0.0
 11
-523180.4921481536
 21
-53665.55538900054
 31
0.0
1001
AcDbBlockRepETag
1000

  0
LINE
  5
1D3
330
2
100
AcDbEntity
  8
stair
100
AcDbLine
 10
-523190.4921481536
 20
-53623.55538900054
 30
0.0
 11
-523190.4921481536
 21
-53665.55538900054
 31
0.0
1001
AcDbBlockRepETag
1000

  0
MTEXT
  5
1D4
330
2
100
AcDbEntity
  8
text
100
AcDbMText
 10
-523196.6188181011
 20
-53641.83677987676
 30
0.0
210
0.0
220
0.0
230
1.0
 11
1.0
 21
0.0
 31
0.0
 40
5.6
 41
0.0
 46
0.0
 71
     5
 72
     1
  1
DN
  7
style1
 73
     1
 44
1.0
1001
AcDbBlockRepETag
1000

  0
LINE
  5
1D5
330
2
100
AcDbEntity
  8
stair
100
AcDbLine
 10
-523130.4921481536
 20
-53716.55538900054
 30
0.0
 11
-523088.4921481536
 21
-53716.55538900054
 31
0.0
  0
DIMENSION
  5
1D6
102
{ACAD_REACTORS
330
1D8
102
}
102
{ACAD_XDICTIONARY
360
1D7
102
}
330
2
100
AcDbEntity
  8
dimension
100
AcDbDimension
  2
*D53
 10
-523047.4192989246
 20
-53887.80538900054
 30
0.0
 11
-523047.4192989246
 21
-53817.18038900063
 31
0.0
 70
    32
  1

 71
     5
 42
141.25
 73
     0
 74
     0
 75
     0
  3
1-2
100
AcDbAlignedDimension
 13
-523058.4921481537
 23
-53746.55538900054
 33
0.0
 14
-523058.4921481536
 24
-53887.80538900054
 34
0.0
 52
0.0
 50
90.0
100
AcDbRotatedDimension
1001
ACAD
1000
DSTYLE
1002
{
1070
    49
1040
12.0
1070
    90
1070
     1
1070
   176
1070
     5
1070
   177
1070
     5
1070
   178
1070
     5
1070
   290
1070
     1
1070
   340
1005
44
1070
   345
1005
24
1070
   346
1005
24
1070
   347
1005
24
1002
}
  0
LINE
  5
1E6
330
2
100
AcDbEntity
  8
A-WALL
100
AcDbLine
 10
-523217.4921481536
 20
-53878.80538900068
 30
0.0
 11
-523262.7621493501
 21
-53878.80538900054
 31
0.0
1001
AcDbBlockRepETag
1000

  0
LINE
  5
1E7
330
2
100
AcDbEntity
  8
A-WALL
100
AcDbLine
 10
-523208.4921481537
 20
-53887.80538900066
 30
0.0
 11
-523262.7621493501
 21
-53887.80538900054
 31
0.0
1001
AcDbBlockRepETag
1000

  0
LINE
  5
1E8
330
2
100
AcDbEntity
  8
A-WALL
100
AcDbLine
 10
-523325.2221469574
 20
-53887.80538900054
 30
0.0
 11
-523358.4921481535
 21
-53887.80538900054
 31
0.0
1001
AcDbBlockRepETag
1000

  0
LINE
  5
1E9
330
2
100
AcDbEntity
  8
A-WALL
100
AcDbLine
 10
-523325.2221469574
 20
-53878.80538900054
 30
0.0
 11
-523349.4921481536
 21
-53878.80538900054
 31
0.0
1001
AcDbBlockRepETag
1000

  0
LINE
  5
1EA
330
2
100
AcDbEntity
  8
A-WALL
100
AcDbLine
 10
-523217.4921481536
 20
-53878.80538900068
 30
0.0
 11
-523217.4921481536
 21
-53873.72971738336
 31
0.0
1001
AcDbBlockRepETag
1000

  0
LINE
  5
1EB
330
2
100
AcDbEntity
  8
A-WALL
100
AcDbLine
 10
-523217.4921481536
 20
-53843.72971738336
 30
0.0
 11
-523217.4921481536
 21
-53746.55538900066
 31
0.0
1001
AcDbBlockRepETag
1000

  0
LINE
  5
1EC
330
2
100
AcDbEntity
  8
A-WALL
100
AcDbLine
 10
-523208.4921481536
 20
-53887.80538900066
 30
0.0
 11
-523208.4921481536
 21
-53873.72971738336
 31
0.0
1001
AcDbBlockRepETag
1000

  0
LINE
  5
1ED
330
2
100
AcDbEntity
  8
A-WALL
100
AcDbLine
 10
-523208.4921481536
 20
-53843.72971738336
 30
0.0
 11
-523208.4921481536
 21
-53746.55538900118
 31
0.0
1001
AcDbBlockRepETag
1000

  0
LINE
  5
1EE
330
2
100
AcDbEntity
  8
A-WALL
100
AcDbLine
 10
-523058.4921481537
 20
-53746.55538900054
 30
0.0
 11
-523071.5807988944
 21
-53746.55538899993
 31
0.0
1001
AcDbBlockRepETag
1000

  0
LINE
  5
1EF
330
2
100
AcDbEntity
  8
A-WALL
100
AcDbLine
 10
-523113.5807988944
 20
-53746.55538899996
 30
0.0
 11
-523208.4921481536
 21
-53746.55538900118
 31
0.0
1001
AcDbBlockRepETag
1000

  0
LINE
  5
1F0
330
2
100
AcDbEntity
  8
A-WALL
100
AcDbLine
 10
-523325.2221469574
 20
-53887.80538900054
 30
0.0
 11
-523325.2221469574
 21
-53878.80538900054
 31
0.0
1001
AcDbBlockRepETag
1000

  0
LINE
  5
1F1
330
2
100
AcDbEntity
  8
WIN
100
AcDbLine
 10
-523325.2221469574
 20
-53884.80538900054
 30
0.0
 11
-523262.7621493501
 21
-53884.80538900054
 31
0.0
1001
AcDbBlockRepETag
1000

  0
LINE
  5
1F2
330
2
100
AcDbEntity
  8
WIN
100
AcDbLine
 10
-523325.2221469574
 20
-53887.80538900054
 30
0.0
 11
-523262.7621493501
 21
-53887.80538900054
 31
0.0
1001
AcDbBlockRepETag
1000

  0
LINE
  5
1F3
330
2
100
AcDbEntity
  8
A-WALL
100
AcDbLine
 10
-523262.7621493501
 20
-53878.80538900054
 30
0.0
 11
-523262.7621493501
 21
-53887.80538900054
 31
0.0
1001
AcDbBlockRepETag
1000

  0
LINE
  5
1F4
330
2
100
AcDbEntity
  8
WIN
100
AcDbLine
 10
-523325.2221469574
 20
-53878.80538900054
 30
0.0
 11
-523262.7621493501
 21
-53878.80538900054
 31
0.0
1001
AcDbBlockRepETag
1000

  0
LINE
  5
1F5
330
2
100
AcDbEntity
  8
WIN
100
AcDbLine
 10
-523325.2221469574
 20
-53881.80538900054
 30
0.0
 11
-523262.7621493501
 21
-53881.80538900054
 31
0.0
1001
AcDbBlockRepETag
1000

  0
LINE
  5
1F6
330
2
100
AcDbEntity
  8
A-WALL
100
AcDbLine
 10
-523325.2221469574
 20
-53887.80538900054
 30
0.0
 11
-523325.2221469574
 21
-53878.80538900054
 31
0.0
1001
AcDbBlockRepETag
1000

  0
LINE
  5
1F7
330
2
100
AcDbEntity
  8
A-WALL
100
AcDbLine
 10
-523262.7621493501
 20
-53878.80538900054
 30
0.0
 11
-523262.7621493501
 21
-53887.80538900054
 31
0.0
1001
AcDbBlockRepETag
1000

  0
DIMENSION
  5
1F8
330
2
100
AcDbEntity
  8
dimension
100
AcDbDimension
  2
*D49
 10
-523358.4921481536
 20
-53461.54873222084
 30
0.0
 11
-523196.4921481536
 21
-53461.54873222084
 31
0.0
 70
   160
  1

 71
     5
 42
300.0
 73
     0
 74
     0
 75
     0
  3
1-2
100
AcDbAlignedDimension
 13
-523058.4921481536
 23
-53473.55538900054
 33
0.0
 14
-523358.4921481536
 24
-53473.55538900054
 34
0.0
 52
0.0
 50
180.0
100
AcDbRotatedDimension
1001
ACAD
1000
DSTYLE
1002
{
1070
    49
1040
12.0
1070
    90
1070
     1
1070
   176
1070
     5
1070
   177
1070
     5
1070
   178
1070
     5
1070
   290
1070
     1
1070
   340
1005
44
1070
   345
1005
24
1070
   346
1005
24
1070
   347
1005
24
1002
}
  0
LINE
  5
206
330
2
100
AcDbEntity
  8
HATCH..
  6
HIDDEN
 48
20.0
100
AcDbLine
 10
-523438.4849490091
 20
-53887.80538900054
 30
0.0
 11
-523579.4849490091
 21
-53887.80538900054
 31
0.0
  0
LINE
  5
207
330
2
100
AcDbEntity
  8
DET
100
AcDbLine
 10
-523657.1580284903
 20
-53482.55538900054
 30
0.0
 11
-523657.1580284903
 21
-53506.55538900054
 31
0.0
  0
MTEXT
  5
208
330
2
100
AcDbEntity
  8
text
100
AcDbMText
 10
-523130.8208468988
 20
-53551.26790843383
 30
0.0
210
0.0
220
0.0
230
1.0
 11
1.0
 21
0.0
 31
0.0
 40
5.6
 41
0.0
 46
0.0
 71
     5
 72
     1
  1
\A1;BED ROOM\P10'-1½"X11'-0"
  7
style1
 73
     1
 44
1.0
1001
AcDbBlockRepETag
1000

  0
MTEXT
  5
209
330
2
100
AcDbEntity
  8
text
100
AcDbMText
 10
-523194.658840334
 20
-53680.65849852972
 30
0.0
210
0.0
220
0.0
230
1.0
 11
1.0
 21
0.0
 31
0.0
 40
5.6
 41
0.0
 46
0.0
 71
     5
 72
     1
  1
\A1; T.V LOUNGE\P 14'-0"X9'-6"
  7
style1
 73
     1
 44
1.0
1001
AcDbBlockRepETag
1000

  0
LINE
  5
20A
330
2
100
AcDbEntity
  8
stair
100
AcDbLine
 10
-523109.4921481537
 20
-53675.55538900054
 30
0.0
 11
-523067.4921481535
 21
-53675.55538900054
 31
0.0
  0
LINE
  5
20B
330
2
100
AcDbEntity
  8
stair
100
AcDbLine
 10
-523109.4921481537
 20
-53685.55538900054
 30
0.0
 11
-523067.4921481535
 21
-53685.55538900054
 31
0.0
  0
MTEXT
  5
20C
330
2
100
AcDbEntity
  8
text
100
AcDbMText
 10
-523292.6774589614
 20
-53572.68216042098
 30
0.0
210
0.0
220
0.0
230
1.0
 11
1.0
 21
0.0
 31
0.0
 40
5.599999999999999
 41
0.0
 46
0.0
 71
     5
 72
     1
  1
\A1;KITCHEN\P 8'-7½"X11'-0"
  7
style1
 73
     1
 44
1.0
1001
AcDbBlockRepETag
1000

  0
DIMENSION
  5
20D
330
2
100
AcDbEntity
  8
dimension
100
AcDbDimension
  2
*D50
 10
-523047.4192989246
 20
-53473.55538900054
 30
0.0
 11
-523047.4192989246
 21
-53610.05538900063
 31
0.0
 70
    32
  1

 71
     5
 42
273.0
 73
     0
 74
     0
 75
     0
  3
1-2
100
AcDbAlignedDimension
 13
-523058.4921481537
 23
-53746.55538900054
 33
0.0
 14
-523058.4921481536
 24
-53473.55538900054
 34
0.0
 52
0.0
 50
90.0
100
AcDbRotatedDimension
1001
ACAD
1000
DSTYLE
1002
{
1070
    49
1040
12.0
1070
    90
1070
     1
1070
   176
1070
     5
1070
   177
1070
     5
1070
   178
1070
     5
1070
   290
1070
     1
1070
   340
1005
44
1070
   345
1005
24
1070
   346
1005
24
1070
   347
1005
24
1002
}
  0
LINE
  5
21B
330
2
100
AcDbEntity
  8
HATCH..
 62
     8
100
AcDbLine
 10
-523176.9921481536
 20
-53553.05538900054
 30
0.0
 11
-523176.9921481536
 21
-53577.05538900054
 31
0.0
  0
LINE
  5
21C
330
2
100
AcDbEntity
  8
wall
100
AcDbLine
 10
-523205.4921481536
 20
-53482.55538900054
 30
0.0
 11
-523205.4921481536
 21
-53473.55538900054
 31
0.0
  0
LINE
  5
21D
330
2
100
AcDbEntity
  8
wall
100
AcDbLine
 10
-523241.4921481536
 20
-53482.55538900054
 30
0.0
 11
-523241.4921481536
 21
-53473.55538900054
 31
0.0
  0
LINE
  5
21E
330
2
100
AcDbEntity
  8
WIN
100
AcDbLine
 10
-523205.4921481536
 20
-53482.55538900054
 30
0.0
 11
-523241.4921481536
 21
-53482.55538900054
 31
0.0
  0
LINE
  5
21F
330
2
100
AcDbEntity
  8
WIN
100
AcDbLine
 10
-523205.4921481536
 20
-53479.05538900054
 30
0.0
 11
-523241.4921481536
 21
-53479.05538900054
 31
0.0
  0
LINE
  5
220
330
2
100
AcDbEntity
  8
WIN
100
AcDbLine
 10
-523205.4921481536
 20
-53473.55538900054
 30
0.0
 11
-523241.4921481536
 21
-53473.55538900054
 31
0.0
  0
LINE
  5
221
330
2
100
AcDbEntity
  8
WIN
100
AcDbLine
 10
-523205.4921481536
 20
-53477.05538900054
 30
0.0
 11
-523241.4921481536
 21
-53477.05538900054
 31
0.0
  0
LINE
  5
222
330
2
100
AcDbEntity
  8
boundary wall
100
AcDbLine
 10
-523729.4849490091
 20
-53887.80538900054
 30
0.0
 11
-523729.4849490091
 21
-53947.55538900054
 31
0.0
1001
AcDbBlockRepETag
1000

  0
LINE
  5
223
330
2
100
AcDbEntity
  8
boundary wall
100
AcDbLine
 10
-523724.9849490091
 20
-53887.80538900054
 30
0.0
 11
-523724.9849490091
 21
-53943.05538900054
 31
0.0
1001
AcDbBlockRepETag
1000

  0
LINE
  5
224
330
2
100
AcDbEntity
  8
A-WALL
100
AcDbLine
 10
-523429.4849490091
 20
-53947.55538900054
 30
0.0
 11
-523438.4849490091
 21
-53947.55538900054
 31
0.0
1001
AcDbBlockRepETag
1000

  0
LINE
  5
225
330
2
100
AcDbEntity
  8
boundary wall
100
AcDbLine
 10
-523429.4849490091
 20
-53887.80538900054
 30
0.0
 11
-523429.4849490091
 21
-53938.55538900054
 31
0.0
1001
AcDbBlockRepETag
1000

  0
LINE
  5
226
330
2
100
AcDbEntity
  8
A-WALL
100
AcDbLine
 10
-523429.4849490091
 20
-53938.55538900054
 30
0.0
 11
-523438.4849490091
 21
-53938.55538900054
 31
0.0
1001
AcDbBlockRepETag
1000

  0
LINE
  5
227
330
2
100
AcDbEntity
  8
A-WALL
100
AcDbLine
 10
-523438.4849490091
 20
-53938.55538900054
 30
0.0
 11
-523438.4849490091
 21
-53947.55538900054
 31
0.0
1001
AcDbBlockRepETag
1000

  0
LINE
  5
228
330
2
100
AcDbEntity
  8
A-WALL
100
AcDbLine
 10
-523570.4849490091
 20
-53938.55538900054
 30
0.0
 11
-523570.4849490091
 21
-53947.55538900054
 31
0.0
1001
AcDbBlockRepETag
1000

  0
LINE
  5
229
330
2
100
AcDbEntity
  8
A-WALL
100
AcDbLine
 10
-523579.4849490091
 20
-53938.55538900054
 30
0.0
 11
-523579.4849490091
 21
-53947.55538900054
 31
0.0
1001
AcDbBlockRepETag
1000

  0
LINE
  5
22A
330
2
100
AcDbEntity
  8
A-WALL
100
AcDbLine
 10
-523570.4849490091
 20
-53938.55538900054
 30
0.0
 11
-523579.4849490091
 21
-53938.55538900054
 31
0.0
1001
AcDbBlockRepETag
1000

  0
LINE
  5
22B
330
2
100
AcDbEntity
  8
boundary wall
100
AcDbLine
 10
-523579.4849490091
 20
-53943.05538900054
 30
0.0
 11
-523724.9849490091
 21
-53943.05538900054
 31
0.0
1001
AcDbBlockRepETag
1000

  0
LINE
  5
22C
330
2
100
AcDbEntity
  8
boundary wall
100
AcDbLine
 10
-523579.4849490091
 20
-53947.55538900054
 30
0.0
 11
-523729.4849490091
 21
-53947.55538900054
 31
0.0
1001
AcDbBlockRepETag
1000

  0
LINE
  5
22D
330
2
100
AcDbEntity
  8
DET
100
AcDbLine
 10
-523438.4849490091
 20
-53947.55538900054
 30
0.0
 11
-523570.4849490091
 21
-53947.55538900054
 31
0.0
1001
AcDbBlockRepETag
1000

  0
LINE
  5
22E
330
2
100
AcDbEntity
  8
DET
100
AcDbLine
 10
-523433.9849490091
 20
-53935.55538900057
 30
0.0
 11
-523579.4849490091
 21
-53935.55538900054
 31
0.0
1001
AcDbBlockRepETag
1000

  0
LINE
  5
22F
330
2
100
AcDbEntity
  8
DET
100
AcDbLine
 10
-523433.9849490091
 20
-53923.55538900057
 30
0.0
 11
-523579.4849490091
 21
-53923.55538900054
 31
0.0
1001
AcDbBlockRepETag
1000

  0
LINE
  5
230
330
2
100
AcDbEntity
  8
DET
100
AcDbLine
 10
-523433.9849490091
 20
-53911.55538900057
 30
0.0
 11
-523579.4849490091
 21
-53911.55538900054
 31
0.0
1001
AcDbBlockRepETag
1000

  0
LINE
  5
231
330
2
100
AcDbEntity
  8
DET
100
AcDbLine
 10
-523433.9849490091
 20
-53899.55538900057
 30
0.0
 11
-523579.4849490091
 21
-53899.55538900054
 31
0.0
1001
AcDbBlockRepETag
1000

  0
LINE
  5
232
330
2
100
AcDbEntity
  8
DET
100
AcDbLine
 10
-523433.9849490091
 20
-53889.55538900057
 30
0.0
 11
-523579.4849490091
 21
-53889.55538900054
 31
0.0
1001
AcDbBlockRepETag
1000

  0
LINE
  5
233
330
2
100
AcDbEntity
  8
A-WALL
100
AcDbLine
 10
-523429.4849490091
 20
-53938.55538900054
 30
0.0
 11
-523429.4849490091
 21
-53947.55538900054
 31
0.0
1001
AcDbBlockRepETag
1000

  0
LINE
  5
234
330
2
100
AcDbEntity
  8
A-WALL
100
AcDbLine
 10
-523570.4849490091
 20
-53947.55538900054
 30
0.0
 11
-523579.4849490091
 21
-53947.55538900054
 31
0.0
1001
AcDbBlockRepETag
1000

  0
LINE
  5
235
330
2
100
AcDbEntity
  8
A-WALL
100
AcDbLine
 10
-523570.4849490091
 20
-53938.55538900054
 30
0.0
 11
-523570.4849490091
 21
-53947.55538900054
 31
0.0
1001
AcDbBlockRepETag
1000

  0
LINE
  5
236
330
2
100
AcDbEntity
  8
DET
100
AcDbLine
 10
-523579.4849490091
 20
-53938.55538900054
 30
0.0
 11
-523579.4849490091
 21
-53887.80538900054
 31
0.0
1001
AcDbBlockRepETag
1000

  0
DIMENSION
  5
237
330
2
100
AcDbEntity
  8
dimension
100
AcDbDimension
  2
*D37
 10
-523740.9940015409
 20
-53947.55538900054
 30
0.0
 11
-523740.9940015409
 21
-53917.68038900063
 31
0.0
 70
    32
  1

 71
     5
 42
59.75
 73
     0
 74
     0
 75
     0
  3
1-2
100
AcDbAlignedDimension
 13
-523729.4849490091
 23
-53887.80538900054
 33
0.0
 14
-523729.4849490091
 24
-53947.55538900054
 34
0.0
 52
0.0
 50
90.0
100
AcDbRotatedDimension
1001
AcDbBlockRepETag
1000

1001
ACAD
1000
DSTYLE
1002
{
1070
    49
1040
12.0
1070
    90
1070
     1
1070
   176
1070
     5
1070
   177
1070
     5
1070
   178
1070
     5
1070
   290
1070
     1
1070
   340
1005
44
1070
   345
1005
24
1070
   346
1005
24
1070
   347
1005
24
1002
}
  0
DIMENSION
  5
245
330
2
100
AcDbEntity
  8
dimension
100
AcDbDimension
  2
*D38
 10
-523405.3847647737
 20
-53407.55538900054
 30
0.0
 11
-523405.3847647737
 21
-53677.55538900063
 31
0.0
 70
    32
  1

 71
     5
 42
540.0
 73
     0
 74
     0
 75
     0
  3
1-2
100
AcDbAlignedDimension
 13
-523429.4849490091
 23
-53947.55538900054
 33
0.0
 14
-523429.4849490091
 24
-53407.55538900054
 34
0.0
 52
0.0
 50
90.0
100
AcDbRotatedDimension
1001
AcDbBlockRepETag
1000

1001
ACAD
1000
DSTYLE
1002
{
1070
    49
1040
12.0
1070
    90
1070
     1
1070
   176
1070
     5
1070
   177
1070
     5
1070
   178
1070
     5
1070
   290
1070
     1
1070
   340
1005
44
1070
   345
1005
24
1070
   346
1005
24
1070
   347
1005
24
1002
}
  0
LINE
  5
253
330
2
100
AcDbEntity
  8
HATCH..
  6
HIDDEN
 48
20.0
100
AcDbLine
 10
-523654.4106533091
 20
-53911.3078526835
 30
0.0
 11
-523704.3176581952
 21
-53911.3078526835
 31
0.0
1001
AcDbBlockRepETag
1000

  0
LINE
  5
254
330
2
100
AcDbEntity
  8
HATCH..
  6
HIDDEN
 48
20.0
100
AcDbLine
 10
-523704.3176581952
 20
-53928.07902277066
 30
0.0
 11
-523654.4106533091
 21
-53928.07902277066
 31
0.0
1001
AcDbBlockRepETag
1000

  0
LINE
  5
255
330
2
100
AcDbEntity
  8
HATCH..
  6
HIDDEN
 48
20.0
100
AcDbLine
 10
-523654.4106533091
 20
-53928.07902277066
 30
0.0
 11
-523654.4106533091
 21
-53921.61224594002
 31
0.0
1001
AcDbBlockRepETag
1000

  0
LINE
  5
256
330
2
100
AcDbEntity
  8
HATCH..
  6
HIDDEN
 48
20.0
100
AcDbLine
 10
-523654.4106533091
 20
-53919.36224594002
 30
0.0
 11
-523654.4106533091
 21
-53911.3078526835
 31
0.0
1001
AcDbBlockRepETag
1000

  0
MTEXT
  5
257
330
2
100
AcDbEntity
  8
text
 48
22.5
100
AcDbMText
 10
-523705.6848276851
 20
-53904.51006739165
 30
0.0
210
0.0
220
0.0
230
1.0
 11
1.0
 21
0.0
 31
0.0
 40
5.249999999999998
 41
86.25000000000004
 46
0.0
 71
     1
 72
     5
  1
RECHARGE PIT
  7
style4
 73
     1
 44
1.0
1001
AcDbBlockRepETag
1000

  0
LWPOLYLINE
  5
259
330
2
100
AcDbEntity
  8
HATCH..
  6
HIDDEN
 48
20.0
100
AcDbPolyline
 90
        6
 70
     0
 43
0.0
 10
-523647.5266862219
 20
-53919.36224594002
 10
-523647.5266862219
 20
-53902.70229417042
 10
-523610.0043406562
 20
-53902.70229417042
 10
-523610.0043406562
 20
-53928.38998095898
 10
-523647.5266862219
 20
-53928.38998095898
 10
-523647.5266862219
 20
-53921.61224594002
1001
AcDbBlockRepETag
1000

  0
LINE
  5
25A
330
2
100
AcDbEntity
  8
HATCH..
  6
HIDDEN
 48
20.0
100
AcDbLine
 10
-523661.1807736077
 20
-53921.61224594002
 30
0.0
 11
-523640.7565659232
 21
-53921.61224594002
 31
0.0
1001
AcDbBlockRepETag
1000

  0
LINE
  5
25B
330
2
100
AcDbEntity
  8
HATCH..
  6
HIDDEN
 48
20.0
100
AcDbLine
 10
-523661.1807736077
 20
-53919.36224594002
 30
0.0
 11
-523640.7565659232
 21
-53919.36224594002
 31
0.0
1001
AcDbBlockRepETag
1000

  0
ARC
  5
25C
330
2
100
AcDbEntity
  8
HATCH..
  6
HIDDEN
 48
20.0
100
AcDbCircle
 10
-523661.498163896
 20
-53920.48724593999
 30
0.0
 40
1.16891470817262
100
AcDbArc
 50
74.244929823674
 51
285.755070176326
1001
AcDbBlockRepETag
1000

  0
ARC
  5
25D
330
2
100
AcDbEntity
  8
HATCH..
  6
HIDDEN
 48
20.0
100
AcDbCircle
 10
-523640.439175635
 20
-53920.48724593999
 30
0.0
 40
1.16891470817262
100
AcDbArc
 50
254.244929823674
 51
105.755070176326
1001
AcDbBlockRepETag
1000

  0
TEXT
  5
25E
330
2
100
AcDbEntity
  8
text
 48
22.5
100
AcDbText
 10
-523647.1241224572
 20
-53918.62149273694
 30
0.0
 40
5.249999999999998
  1
FOR R.W.T
  7
style4
 11
0.0
 21
0.0
 31
0.0
100
AcDbText
1001
AcDbBlockRepETag
1000

  0
TEXT
  5
25F
330
2
100
AcDbEntity
  8
text
 48
22.5
100
AcDbText
 10
-523643.9692094916
 20
-53927.28597713806
 30
0.0
 40
5.249999999999998
  1
300 GLN.
  7
style4
 11
0.0
 21
0.0
 31
0.0
100
AcDbText
1001
AcDbBlockRepETag
1000

  0
TEXT
  5
260
330
2
100
AcDbEntity
  8
text
 48
22.5
100
AcDbText
 10
-523643.2388084197
 20
-53909.30496145703
 30
0.0
 40
5.249999999999998
  1
U.G.W.T
  7
style4
 11
0.0
 21
0.0
 31
0.0
100
AcDbText
1001
AcDbBlockRepETag
1000

  0
LINE
  5
261
330
2
100
AcDbEntity
  8
HATCH..
  6
HIDDEN
 48
20.0
100
AcDbLine
 10
-523704.3176581952
 20
-53928.07902277066
 30
0.0
 11
-523704.3176581952
 21
-53911.3078526835
 31
0.0
1001
AcDbBlockRepETag
1000

  0
TEXT
  5
262
330
2
100
AcDbEntity
  8
text
100
AcDbText
 10
-523730.8395286116
 20
-53973.45154915625
 30
0.0
 40
11.997
  1
%%UGROUND FLOOR PLAN
  7
Standard
 11
0.0
 21
0.0
 31
0.0
100
AcDbText
1001
AcDbBlockRepETag
1000

  0
MTEXT
  5
263
330
2
100
AcDbEntity
  8
text
100
AcDbMText
 10
-523495.7220258806
 20
-53941.65665152643
 30
0.0
210
0.0
220
0.0
230
1.0
 11
1.0
 21
0.0
 31
0.0
 40
5.6
 41
0.0
 46
0.0
 71
     5
 72
     1
  1
M.GATE
  7
style1
 73
     1
 44
1.0
1001
AcDbBlockRepETag
1000

  0
MTEXT
  5
264
330
2
100
AcDbEntity
  8
text
100
AcDbMText
 10
-523496.2502966454
 20
-53929.54138688682
 30
0.0
210
0.0
220
0.0
230
1.0
 11
1.0
 21
0.0
 31
0.0
 40
5.6
 41
0.0
 46
0.0
 71
     5
 72
     1
  1
RAMP
  7
style1
 73
     1
 44
1.0
1001
AcDbBlockRepETag
1000

  0
LINE
  5
265
330
2
100
AcDbEntity
  8
HATCH..
  6
CENTER
 48
17.0
100
AcDbLine
 10
-523467.2466985442
 20
-53847.06306455869
 30
0.0
 11
-523467.2466985445
 21
-53959.27524612201
 31
0.0
1001
AcDbBlockRepETag
1000

  0
TEXT
  5
267
330
2
100
AcDbEntity
  8
text
100
AcDbText
 10
-523508.4995734059
 20
-53966.81534008976
 30
0.0
 40
7.0
  1
TO MAIN SEWER
  7
Standard
 11
0.0
 21
0.0
 31
0.0
100
AcDbText
1001
AcDbBlockRepETag
1000

  0
LINE
  5
268
330
2
100
AcDbEntity
  8
HATCH..
  6
CENTER
 48
17.0
100
AcDbLine
 10
-523467.2466985445
 20
-53959.27524612201
 30
0.0
 11
-523429.0682161649
 21
-53959.27524612201
 31
0.0
1001
AcDbBlockRepETag
1000

  0
LINE
  5
269
330
2
100
AcDbEntity
  8
HATCH..
  6
CENTER
 48
17.0
100
AcDbLine
 10
-523467.2466985445
 20
-53959.27524612201
 30
0.0
 11
-523506.0393338635
 21
-53959.27524612201
 31
0.0
1001
AcDbBlockRepETag
1000

  0
LINE
  5
26A
330
2
100
AcDbEntity
  8
HATCH..
  6
CENTER
 48
17.0
100
AcDbLine
 10
-523514.8050074923
 20
-53423.82852018412
 30
0.0
 11
-523423.7344859332
 21
-53423.82852018412
 31
0.0
1001
AcDbBlockRepETag
1000

  0
MTEXT
  5
26E
330
2
100
AcDbEntity
  8
text
100
AcDbMText
 10
-523425.8375924906
 20
-53420.34696757267
 30
0.0
210
0.0
220
0.0
230
1.0
 11
1.0
 21
0.0
 31
0.0
 40
5.6
 41
0.0
 46
0.0
 71
     5
 72
     1
  1
B
  7
style1
 73
     1
 44
1.0
1001
AcDbBlockRepETag
1000

  0
MTEXT
  5
26F
330
2
100
AcDbEntity
  8
text
100
AcDbMText
 10
-523512.4988621488
 20
-53420.34696757267
 30
0.0
210
0.0
220
0.0
230
1.0
 11
1.0
 21
0.0
 31
0.0
 40
5.6
 41
0.0
 46
0.0
 71
     5
 72
     1
  1
B
  7
style1
 73
     1
 44
1.0
1001
AcDbBlockRepETag
1000

  0
MTEXT
  5
270
330
2
100
AcDbEntity
  8
text
100
AcDbMText
 10
-523509.9409357919
 20
-53446.57813217156
 30
0.0
210
0.0
220
0.0
230
1.0
 11
1.0
 21
0.0
 31
0.0
 40
5.6
 41
0.0
 46
0.0
 71
     5
 72
     1
  1
V
  7
style1
 73
     1
 44
1.0
1001
AcDbBlockRepETag
1000

  0
LINE
  5
271
330
2
100
AcDbEntity
  8
wall
100
AcDbLine
 10
-523524.2835865541
 20
-53473.55538900054
 30
0.0
 11
-523506.4849490094
 21
-53473.55538900057
 31
0.0
  0
MTEXT
  5
272
330
2
100
AcDbEntity
  8
text
100
AcDbMText
 10
-523561.8262526909
 20
-53469.73868707812
 30
0.0
210
0.0
220
0.0
230
1.0
 11
1.0
 21
0.0
 31
0.0
 40
5.6
 41
0.0
 46
0.0
 71
     5
 72
     1
  1
W2
  7
style1
 73
     1
 44
1.0
1001
AcDbBlockRepETag
1000

  0
MTEXT
  5
273
330
2
100
AcDbEntity
  8
text
100
AcDbMText
 10
-523687.3030439225
 20
-53469.73868707812
 30
0.0
210
0.0
220
0.0
230
1.0
 11
1.0
 21
0.0
 31
0.0
 40
5.6
 41
0.0
 46
0.0
 71
     5
 72
     1
  1
W4
  7
style1
 73
     1
 44
1.0
1001
AcDbBlockRepETag
1000

  0
MTEXT
  5
274
330
2
100
AcDbEntity
  8
text
100
AcDbMText
 10
-523634.5487829957
 20
-53477.92260125198
 30
0.0
210
0.0
220
0.0
230
1.0
 11
1.0
 21
0.0
 31
0.0
 40
5.6
 41
0.0
 46
0.0
 71
     5
 72
     1
  1
D3
  7
style1
 73
     1
 44
1.0
1001
AcDbBlockRepETag
1000

  0
MTEXT
  5
275
330
2
100
AcDbEntity
  8
text
100
AcDbMText
 10
-523477.6070953102
 20
-53479.93179434072
 30
0.0
210
0.0
220
0.0
230
1.0
 11
1.0
 21
0.0
 31
0.0
 40
5.6
 41
0.0
 46
0.0
 71
     5
 72
     1
  1
D4
  7
style1
 73
     1
 44
1.0
1001
AcDbBlockRepETag
1000

  0
MTEXT
  5
276
330
2
100
AcDbEntity
  8
text
100
AcDbMText
 10
-523580.9597778992
 20
-53620.70861757107
 30
0.0
210
0.0
220
0.0
230
1.0
 11
1.0
 21
0.0
 31
0.0
 40
5.6
 41
0.0
 46
0.0
 71
     5
 72
     1
  1
D2
  7
style1
 73
     1
 44
1.0
1001
AcDbBlockRepETag
1000

  0
MTEXT
  5
277
330
2
100
AcDbEntity
  8
text
100
AcDbMText
 10
-523634.2636893336
 20
-53620.70861757107
 30
0.0
210
0.0
220
0.0
230
1.0
 11
1.0
 21
0.0
 31
0.0
 40
5.6
 41
0.0
 46
0.0
 71
     5
 72
     1
  1
D3
  7
style1
 73
     1
 44
1.0
1001
AcDbBlockRepETag
1000

  0
MTEXT
  5
278
330
2
100
AcDbEntity
  8
text
100
AcDbMText
 10
-523537.031714319
 20
-53743.02017776514
 30
0.0
210
0.0
220
0.0
230
1.0
 11
1.0
 21
0.0
 31
0.0
 40
5.6
 41
0.0
 46
0.0
 71
     5
 72
     1
  1
D1
  7
style1
 73
     1
 44
1.0
1001
AcDbBlockRepETag
1000

  0
MTEXT
  5
279
330
2
100
AcDbEntity
  8
text
100
AcDbMText
 10
-523471.3269963835
 20
-53743.02017776514
 30
0.0
210
0.0
220
0.0
230
1.0
 11
1.0
 21
0.0
 31
0.0
 40
5.6
 41
0.0
 46
0.0
 71
     5
 72
     1
  1
D3
  7
style1
 73
     1
 44
1.0
1001
AcDbBlockRepETag
1000

  0
MTEXT
  5
27A
330
2
100
AcDbEntity
  8
text
100
AcDbMText
 10
-523584.9520275139
 20
-53773.16094508328
 30
0.0
210
0.0
220
0.0
230
1.0
 11
1.0
 21
0.0
 31
0.0
 40
5.6
 41
0.0
 46
0.0
 71
     5
 72
     1
  1
D2
  7
style1
 73
     1
 44
1.0
1001
AcDbBlockRepETag
1000

  0
MTEXT
  5
27B
330
2
100
AcDbEntity
  8
text
100
AcDbMText
 10
-523642.4080834438
 20
-53874.95582541119
 30
0.0
210
0.0
220
0.0
230
1.0
 11
1.0
 21
0.0
 31
0.0
 40
5.6
 41
0.0
 46
0.0
 71
     5
 72
     1
  1
W1
  7
style1
 73
     1
 44
1.0
1001
AcDbBlockRepETag
1000

  0
LINE
  5
27C
330
2
100
AcDbEntity
  8
HATCH..
  6
CENTER
 48
17.0
100
AcDbLine
 10
-523457.2875020792
 20
-53847.06306455869
 30
0.0
 11
-523477.2058950096
 21
-53847.06306455869
 31
0.0
1001
AcDbBlockRepETag
1000

  0
LINE
  5
27D
330
2
100
AcDbEntity
  8
HATCH..
  6
CENTER
 48
17.0
100
AcDbLine
 10
-523679.723199474
 20
-53456.79353381402
 30
-5.21E-14
 11
-523703.723199474
 21
-53456.79353381402
 31
-5.21E-14
1001
AcDbBlockRepETag
1000

  0
MTEXT
  5
27E
330
2
100
AcDbEntity
  8
text
100
AcDbMText
 10
-523682.5020429395
 20
-53441.01517967673
 30
-5.21E-14
210
0.0
220
0.0
230
1.0
 11
1.0
 21
0.0
 31
0.0
 40
7.749999999999997
 41
279.6801214774095
 46
0.0
 71
     3
 72
     5
  1
M.H
  7
Standard
 73
     1
 44
1.0
1001
AcDbBlockRepETag
1000

  0
LINE
  5
27F
330
2
100
AcDbEntity
  8
HATCH..
  6
CENTER
 48
17.0
100
AcDbLine
 10
-523703.723199474
 20
-53456.79353381402
 30
-5.21E-14
 11
-523703.723199474
 21
-53432.79353381402
 31
-5.21E-14
1001
AcDbBlockRepETag
1000

  0
LINE
  5
280
330
2
100
AcDbEntity
  8
wall
100
AcDbLine
 10
-523703.723199474
 20
-53432.79353381402
 30
-5.21E-14
 11
-523679.723199474
 21
-53432.79353381402
 31
-5.21E-14
1001
AcDbBlockRepETag
1000

  0
LINE
  5
281
330
2
100
AcDbEntity
  8
HATCH..
  6
CENTER
 48
17.0
100
AcDbLine
 10
-523679.723199474
 20
-53432.79353381402
 30
-5.21E-14
 11
-523679.723199474
 21
-53456.79353381402
 31
-5.21E-14
1001
AcDbBlockRepETag
1000

  0
LINE
  5
282
330
2
100
AcDbEntity
  8
HATCH..
  6
CENTER
 48
17.0
100
AcDbLine
 10
-523679.723199474
 20
-53432.79353381402
 30
0.0
 11
-523703.723199474
 21
-53432.79353381402
 31
0.0
1001
AcDbBlockRepETag
1000

  0
LINE
  5
283
330
2
100
AcDbEntity
  8
HATCH..
  6
CENTER
 48
17.0
100
AcDbLine
 10
-523703.723199474
 20
-53432.79353381402
 30
0.0
 11
-523703.723199474
 21
-53456.79353381402
 31
0.0
1001
AcDbBlockRepETag
1000

  0
LINE
  5
284
330
2
100
AcDbEntity
  8
HATCH..
  6
CENTER
 48
17.0
100
AcDbLine
 10
-523703.723199474
 20
-53456.79353381402
 30
0.0
 11
-523679.723199474
 21
-53456.79353381402
 31
0.0
1001
AcDbBlockRepETag
1000

  0
LINE
  5
285
330
2
100
AcDbEntity
  8
HATCH..
  6
CENTER
 48
17.0
100
AcDbLine
 10
-523679.723199474
 20
-53456.79353381402
 30
0.0
 11
-523679.723199474
 21
-53432.79353381402
 31
0.0
1001
AcDbBlockRepETag
1000

  0
LINE
  5
286
330
2
100
AcDbEntity
  8
HATCH..
  6
CENTER
 48
17.0
100
AcDbLine
 10
-523477.2058950096
 20
-53803.09992163311
 30
0.0
 11
-523457.2875020792
 21
-53803.09992163311
 31
0.0
1001
AcDbBlockRepETag
1000

  0
LINE
  5
287
330
2
100
AcDbEntity
  8
HATCH..
  6
CENTER
 48
17.0
100
AcDbLine
 10
-523457.2875020792
 20
-53803.09992163311
 30
0.0
 11
-523457.2875020792
 21
-53847.06306455869
 31
0.0
1001
AcDbBlockRepETag
1000

  0
LINE
  5
288
330
2
100
AcDbEntity
  8
WIN
100
AcDbLine
 10
-523325.4921481537
 20
-53506.55538900054
 30
0.0
 11
-523325.4921481537
 21
-53614.55538900057
 31
0.0
1001
AcDbBlockRepETag
1000

  0
LINE
  5
289
330
2
100
AcDbEntity
  8
HATCH..
  6
CENTER
 48
17.0
100
AcDbLine
 10
-523477.2058950096
 20
-53847.06306455869
 30
0.0
 11
-523477.2058950096
 21
-53803.09992163311
 31
0.0
1001
AcDbBlockRepETag
1000

  0
TEXT
  5
28A
330
2
100
AcDbEntity
  8
text
100
AcDbText
 10
-523463.7717180781
 20
-53838.11005119188
 30
0.0
 40
7.0
  1
S.P.T
 50
90.0
  7
Standard
 11
0.0
 21
0.0
 31
0.0
100
AcDbText
1001
AcDbBlockRepETag
1000

  0
LINE
  5
28B
330
2
100
AcDbEntity
  8
HATCH..
  6
CENTER
 48
17.0
100
AcDbLine
 10
-523467.2466985445
 20
-53803.09992163311
 30
0.0
 11
-523467.2466985445
 21
-53746.55538900054
 31
0.0
  0
LINE
  5
28C
330
2
100
AcDbEntity
  8
HATCH..
  6
CENTER
 48
17.0
100
AcDbLine
 10
-523691.723199474
 20
-53473.55538900054
 30
0.0
 11
-523691.723199474
 21
-53456.79353381402
 31
0.0
  0
LINE
  5
28D
330
2
100
AcDbEntity
  8
HATCH..
  6
CENTER
 48
17.0
100
AcDbLine
 10
-523691.723199474
 20
-53456.79353381402
 30
0.0
 11
-523633.9080284903
 21
-53473.55538900054
 31
0.0
  0
MTEXT
  5
28E
330
2
100
AcDbEntity
  8
text
100
AcDbMText
 10
-523214.5369410785
 20
-53620.70861757107
 30
0.0
210
0.0
220
0.0
230
1.0
 11
1.0
 21
0.0
 31
0.0
 40
5.6
 41
0.0
 46
0.0
 71
     5
 72
     1
  1
D2
  7
style1
 73
     1
 44
1.0
1001
AcDbBlockRepETag
1000

  0
MTEXT
  5
28F
330
2
100
AcDbEntity
  8
text
100
AcDbMText
 10
-523181.4235065101
 20
-53501.71354183365
 30
0.0
210
0.0
220
0.0
230
1.0
 11
1.0
 21
0.0
 31
0.0
 40
5.6
 41
0.0
 46
0.0
 71
     5
 72
     1
  1
D4
  7
style1
 73
     1
 44
1.0
1001
AcDbBlockRepETag
1000

  0
MTEXT
  5
290
330
2
100
AcDbEntity
  8
text
100
AcDbMText
 10
-523127.4494820166
 20
-53469.73868707812
 30
0.0
210
0.0
220
0.0
230
1.0
 11
1.0
 21
0.0
 31
0.0
 40
5.6
 41
0.0
 46
0.0
 71
     5
 72
     1
  1
W2
  7
style1
 73
     1
 44
1.0
1001
AcDbBlockRepETag
1000

  0
MTEXT
  5
291
330
2
100
AcDbEntity
  8
text
100
AcDbMText
 10
-523222.6994820166
 20
-53469.73868707812
 30
0.0
210
0.0
220
0.0
230
1.0
 11
1.0
 21
0.0
 31
0.0
 40
5.6
 41
0.0
 46
0.0
 71
     5
 72
     1
  1
V1
  7
style1
 73
     1
 44
1.0
1001
AcDbBlockRepETag
1000

  0
MTEXT
  5
292
330
2
100
AcDbEntity
  8
text
100
AcDbMText
 10
-523314.9494820166
 20
-53469.73868707812
 30
0.0
210
0.0
220
0.0
230
1.0
 11
1.0
 21
0.0
 31
0.0
 40
5.6
 41
0.0
 46
0.0
 71
     5
 72
     1
  1
W3
  7
style1
 73
     1
 44
1.0
1001
AcDbBlockRepETag
1000

  0
TEXT
  5
293
330
2
100
AcDbEntity
  8
text
100
AcDbText
 10
-523362.0687644563
 20
-53925.69538689064
 30
0.0
 40
7.999999999999997
  1
SCALE  1/8"=1'-0"
  7
Standard
 11
0.0
 21
0.0
 31
0.0
100
AcDbText
1001
AcDbBlockRepETag
1000

  0
TEXT
  5
294
330
2
100
AcDbEntity
  8
text
100
AcDbText
 10
-523362.1131265828
 20
-53912.51753079839
 30
0.0
 40
11.997
  1
%%UFIRST FLOOR PLAN
  7
Standard
 11
0.0
 21
0.0
 31
0.0
100
AcDbText
1001
AcDbBlockRepETag
1000

  0
MTEXT
  5
295
330
2
100
AcDbEntity
  8
text
100
AcDbMText
 10
-523295.8939288022
 20
-53874.95582541116
 30
0.0
210
0.0
220
0.0
230
1.0
 11
1.0
 21
0.0
 31
0.0
 40
5.6
 41
0.0
 46
0.0
 71
     5
 72
     1
  1
W1
  7
style1
 73
     1
 44
1.0
1001
AcDbBlockRepETag
1000

  0
LINE
  5
296
330
2
100
AcDbEntity
  8
HATCH..
  6
HIDDEN
 48
20.0
100
AcDbLine
 10
-523275.059698069
 20
-53746.55538900092
 30
0.0
 11
-523220.2727292847
 21
-53746.55538900066
 31
0.0
1001
AcDbBlockRepETag
1000

  0
LINE
  5
297
330
2
100
AcDbEntity
  8
A-WALL
100
AcDbLine
 10
-523217.4921481536
 20
-53746.55538900066
 30
0.0
 11
-523220.2727292847
 21
-53746.55538900066
 31
0.0
1001
AcDbBlockRepETag
1000

  0
LINE
  5
298
330
2
100
AcDbEntity
  8
A-WALL
100
AcDbLine
 10
-523113.5807988944
 20
-53737.55538899993
 30
0.0
 11
-523220.2727292848
 21
-53737.55538900066
 31
0.0
1001
AcDbBlockRepETag
1000

  0
LINE
  5
299
330
2
100
AcDbEntity
  8
HATCH..
  6
HIDDEN
 48
20.0
100
AcDbLine
 10
-523220.2727292847
 20
-53737.55538900066
 30
0.0
 11
-523275.059698069
 21
-53737.55538900092
 31
0.0
1001
AcDbBlockRepETag
1000

  0
MTEXT
  5
29A
330
2
100
AcDbEntity
  8
text
100
AcDbMText
 10
-523275.8870564485
 20
-53814.46690875571
 30
0.0
210
0.0
220
0.0
230
1.0
 11
1.0
 21
0.0
 31
0.0
 40
5.6
 41
0.0
 46
0.0
 71
     5
 72
     1
  1
DRAWING \P11'-0"X11'-0"
  7
style1
 73
     1
 44
1.0
1001
AcDbBlockRepETag
1000

  0
LINE
  5
29B
330
2
100
AcDbEntity
  8
wall
100
AcDbLine
 10
-523275.0596980691
 20
-53737.55538900092
 30
0.0
 11
-523277.4921481536
 21
-53737.55538900092
 31
0.0
  0
LINE
  5
29C
330
2
100
AcDbEntity
  8
wall
100
AcDbLine
 10
-523275.059698069
 20
-53746.55538900092
 30
0.0
 11
-523286.4921481535
 21
-53746.55538900092
 31
0.0
  0
LINE
  5
29D
330
2
100
AcDbEntity
  8
A-WALL
100
AcDbLine
 10
-523275.0596980691
 20
-53737.55538900092
 30
0.0
 11
-523275.059698069
 21
-53746.55538900092
 31
0.0
1001
AcDbBlockRepETag
1000

  0
LINE
  5
29E
330
2
100
AcDbEntity
  8
wall
100
AcDbLine
 10
-523220.2727292847
 20
-53746.55538900066
 30
0.0
 11
-523220.2727292847
 21
-53737.55538900066
 31
0.0
  0
LINE
  5
29F
330
2
100
AcDbEntity
  8
wall
100
AcDbLine
 10
-523286.4921481535
 20
-53632.55538900092
 30
0.0
 11
-523277.4921481536
 21
-53632.55538900092
 31
0.0
  0
LINE
  5
2A0
330
2
100
AcDbEntity
  8
wall
100
AcDbLine
 10
-523286.4921481535
 20
-53728.55538900092
 30
0.0
 11
-523277.4921481536
 21
-53728.55538900092
 31
0.0
  0
LINE
  5
2A1
330
2
100
AcDbEntity
  8
WIN
100
AcDbLine
 10
-523280.4921481535
 20
-53632.55538900092
 30
0.0
 11
-523280.4921481535
 21
-53728.55538900092
 31
0.0
1001
AcDbBlockRepETag
1000

  0
LINE
  5
2A2
330
2
100
AcDbEntity
  8
WIN
100
AcDbLine
 10
-523283.4921481536
 20
-53728.55538900092
 30
0.0
 11
-523283.4921481536
 21
-53632.55538900092
 31
0.0
1001
AcDbBlockRepETag
1000

  0
LINE
  5
2A3
330
2
100
AcDbEntity
  8
WIN
100
AcDbLine
 10
-523286.4921481535
 20
-53728.55538900092
 30
0.0
 11
-523286.4921481535
 21
-53632.55538900092
 31
0.0
1001
AcDbBlockRepETag
1000

  0
LINE
  5
2A4
330
2
100
AcDbEntity
  8
WIN
100
AcDbLine
 10
-523277.4921481536
 20
-53632.55538900092
 30
0.0
 11
-523277.4921481536
 21
-53728.55538900092
 31
0.0
1001
AcDbBlockRepETag
1000

  0
LINE
  5
2A5
330
2
100
AcDbEntity
  8
HATCH..
  6
HIDDEN
 48
20.0
100
AcDbLine
 10
-523245.9921481538
 20
-53623.55538900054
 30
0.0
 11
-523277.4921481536
 21
-53623.55538900092
 31
0.0
  0
LINE
  5
2A6
330
2
100
AcDbEntity
  8
HATCH..
  6
HIDDEN
 48
20.0
100
AcDbLine
 10
-523245.9921481538
 20
-53614.55538900054
 30
0.0
 11
-523277.4921481536
 21
-53614.55538900092
 31
0.0
  0
DIMENSION
  5
2A7
102
{ACAD_REACTORS
330
2A9
102
}
102
{ACAD_XDICTIONARY
360
2A8
102
}
330
2
100
AcDbEntity
  8
dimension
100
AcDbDimension
  2
*D46
 10
-523358.4921481536
 20
-53631.47739300434
 30
0.0
 11
-523322.4921481535
 21
-53631.47739300434
 31
0.0
 70
    32
  1

 71
     5
 42
72.00000000011642
 73
     0
 74
     0
 75
     0
  3
1-2
100
AcDbAlignedDimension
 13
-523286.4921481535
 23
-53623.55538900095
 33
0.0
 14
-523358.4921481536
 24
-53623.55538900057
 34
0.0
 52
0.0
 50
180.0
100
AcDbRotatedDimension
1001
ACAD
1000
DSTYLE
1002
{
1070
    49
1040
12.0
1070
    90
1070
     1
1070
   176
1070
     5
1070
   177
1070
     5
1070
   178
1070
     5
1070
   290
1070
     1
1070
   340
1005
44
1070
   345
1005
24
1070
   346
1005
24
1070
   347
1005
24
1002
}
  0
MTEXT
  5
2B7
330
2
100
AcDbEntity
  8
text
100
AcDbMText
 10
-523270.612830037
 20
-53681.96732530082
 30
0.0
210
0.0
220
0.0
230
1.0
 11
1.0
 21
0.0
 31
0.0
 40
5.6
 41
0.0
 46
0.0
 71
     5
 72
     1
  1
W1
  7
style1
 73
     1
 44
1.0
1001
AcDbBlockRepETag
1000

  0
LINE
  5
2B8
330
2
100
AcDbEntity
  8
WIN
100
AcDbLine
 10
-523286.4921481535
 20
-53746.55538900092
 30
0.0
 11
-523349.4921481536
 21
-53746.55538900057
 31
0.0
  0
LINE
  5
2B9
330
2
100
AcDbEntity
  8
WIN
100
AcDbLine
 10
-523286.4921481535
 20
-53743.55538900092
 30
0.0
 11
-523349.4921481536
 21
-53743.55538900057
 31
0.0
  0
LINE
  5
2BA
330
2
100
AcDbEntity
  8
WIN
100
AcDbLine
 10
-523286.4921481535
 20
-53737.55538900092
 30
0.0
 11
-523349.4921481536
 21
-53737.55538900057
 31
0.0
  0
LINE
  5
2BB
330
2
100
AcDbEntity
  8
WIN
100
AcDbLine
 10
-523286.4921481535
 20
-53740.55538900092
 30
0.0
 11
-523349.4921481536
 21
-53740.55538900057
 31
0.0
  0
MTEXT
  5
2BC
330
2
100
AcDbEntity
  8
text
100
AcDbMText
 10
-523321.5469273991
 20
-53733.69698383802
 30
0.0
210
0.0
220
0.0
230
1.0
 11
1.0
 21
0.0
 31
0.0
 40
5.6
 41
0.0
 46
0.0
 71
     5
 72
     1
  1
W3
  7
style1
 73
     1
 44
1.0
1001
AcDbBlockRepETag
1000

  0
LINE
  5
2BD
330
2
100
AcDbEntity
  8
wall
100
AcDbLine
 10
-523071.5807988944
 20
-53737.55538899996
 30
0.0
 11
-523071.5807988944
 21
-53746.55538899993
 31
0.0
  0
LINE
  5
2BE
330
2
100
AcDbEntity
  8
wall
100
AcDbLine
 10
-523113.5807988944
 20
-53737.55538899999
 30
0.0
 11
-523113.5807988944
 21
-53746.55538899993
 31
0.0
  0
LINE
  5
2BF
330
2
100
AcDbEntity
  8
WIN
100
AcDbLine
 10
-523113.5807988944
 20
-53746.55538899993
 30
0.0
 11
-523071.5807988944
 21
-53746.55538899993
 31
0.0
  0
LINE
  5
2C0
330
2
100
AcDbEntity
  8
WIN
100
AcDbLine
 10
-523113.5807988944
 20
-53743.55538899993
 30
0.0
 11
-523071.5807988944
 21
-53743.55538899993
 31
0.0
  0
LINE
  5
2C1
330
2
100
AcDbEntity
  8
WIN
100
AcDbLine
 10
-523113.5807988944
 20
-53737.55538899993
 30
0.0
 11
-523071.5807988944
 21
-53737.55538899993
 31
0.0
  0
LINE
  5
2C2
330
2
100
AcDbEntity
  8
WIN
100
AcDbLine
 10
-523113.5807988944
 20
-53740.55538899993
 30
0.0
 11
-523071.5807988944
 21
-53740.55538899993
 31
0.0
  0
MTEXT
  5
2C3
330
2
100
AcDbEntity
  8
text
100
AcDbMText
 10
-523094.0506610234
 20
-53733.89470942621
 30
0.0
210
0.0
220
0.0
230
1.0
 11
1.0
 21
0.0
 31
0.0
 40
5.6
 41
0.0
 46
0.0
 71
     5
 72
     1
  1
W3
  7
style1
 73
     1
 44
1.0
1001
AcDbBlockRepETag
1000

  0
DIMENSION
  5
2C4
102
{ACAD_REACTORS
330
2C6
102
}
102
{ACAD_XDICTIONARY
360
2C5
102
}
330
2
100
AcDbEntity
  8
dimension
100
AcDbDimension
  2
*D48
 10
-523370.97755236
 20
-53473.55538900054
 30
0.0
 11
-523370.97755236
 21
-53548.55538900064
 31
0.0
 70
    32
  1

 71
     5
 42
150.0000000000291
 73
     0
 74
     0
 75
     0
  3
1-2
100
AcDbAlignedDimension
 13
-523358.4921481535
 23
-53623.55538900057
 33
0.0
 14
-523358.4921481535
 24
-53473.55538900054
 34
0.0
 52
0.0
 50
90.0
100
AcDbRotatedDimension
1001
ACAD
1000
DSTYLE
1002
{
1070
    49
1040
12.0
1070
    90
1070
     1
1070
   176
1070
     5
1070
   177
1070
     5
1070
   178
1070
     5
1070
   290
1070
     1
1070
   340
1005
44
1070
   345
1005
24
1070
   346
1005
24
1070
   347
1005
24
1002
}
  0
DIMENSION
  5
2D4
330
2
100
AcDbEntity
  8
dimension
100
AcDbDimension
  2
*D47
 10
-523370.97755236
 20
-53737.55538900057
 30
0.0
 11
-523370.97755236
 21
-53680.55538900066
 31
0.0
 70
    32
  1

 71
     5
 42
114.0
 73
     0
 74
     0
 75
     0
  3
1-2
100
AcDbAlignedDimension
 13
-523358.4921481535
 23
-53623.55538900057
 33
0.0
 14
-523358.4921481535
 24
-53737.55538900057
 34
0.0
 52
0.0
 50
270.0
100
AcDbRotatedDimension
1001
ACAD
1000
DSTYLE
1002
{
1070
    49
1040
12.0
1070
    90
1070
     1
1070
   176
1070
     5
1070
   177
1070
     5
1070
   178
1070
     5
1070
   290
1070
     1
1070
   340
1005
44
1070
   345
1005
24
1070
   346
1005
24
1070
   347
1005
24
1002
}
  0
DIMENSION
  5
2E2
330
2
100
AcDbEntity
  8
dimension
100
AcDbDimension
  2
*D44
 10
-523370.97755236
 20
-53737.55538900057
 30
0.0
 11
-523370.97755236
 21
-53812.68038900064
 31
0.0
 70
    32
  1

 71
     5
 42
150.2499999999709
 73
     0
 74
     0
 75
     0
  3
1-2
100
AcDbAlignedDimension
 13
-523358.4921481535
 23
-53887.80538900054
 33
0.0
 14
-523358.4921481535
 24
-53737.55538900057
 34
0.0
 52
0.0
 50
90.0
100
AcDbRotatedDimension
1001
ACAD
1000
DSTYLE
1002
{
1070
    49
1040
12.0
1070
    90
1070
     1
1070
   176
1070
     5
1070
   177
1070
     5
1070
   178
1070
     5
1070
   290
1070
     1
1070
   340
1005
44
1070
   345
1005
24
1070
   346
1005
24
1070
   347
1005
24
1002
}
  0
LINE
  5
2F0
330
2
100
AcDbEntity
  8
wall
100
AcDbLine
 10
-523643.9849490091
 20
-53746.55538900054
 30
0.0
 11
-523643.9849490091
 21
-53737.55538900054
 31
0.0
  0
LINE
  5
2F1
330
2
100
AcDbEntity
  8
wall
100
AcDbLine
 10
-523643.9849490091
 20
-53746.55538900054
 30
0.0
 11
-523720.4849490091
 21
-53746.55538900051
 31
0.0
  0
DIMENSION
  5
2F2
330
2
100
AcDbEntity
  8
dimension
100
AcDbDimension
  2
*D42
 10
-523415.5985328633
 20
-53887.80538900054
 30
0.0
 11
-523415.5985328633
 21
-53680.68038900063
 31
0.0
 70
    33
  1
34'-6"
 71
     5
 42
414.25
 73
     0
 74
     0
 75
     0
  3
1-2
100
AcDbAlignedDimension
 13
-523429.4849490091
 23
-53473.55538900054
 33
0.0
 14
-523429.4849490091
 24
-53887.80538900054
 34
0.0
 50
0.0
1001
ACAD
1000
DSTYLE
1002
{
1070
    49
1040
12.0
1070
    90
1070
     1
1070
   176
1070
     5
1070
   177
1070
     5
1070
   178
1070
     5
1070
   290
1070
     1
1070
   340
1005
44
1070
   345
1005
24
1070
   346
1005
24
1070
   347
1005
24
1002
}
  0
DIMENSION
  5
300
102
{ACAD_REACTORS
330
302
102
}
102
{ACAD_XDICTIONARY
360
301
102
}
330
2
100
AcDbEntity
  8
dimension
100
AcDbDimension
  2
*D45
 10
-523358.4921481535
 20
-53893.15898528718
 30
0.0
 11
-523283.4921481536
 21
-53893.15898528724
 31
0.0
 70
    33
  1

 71
     5
 42
149.9999999997672
 73
     0
 74
     0
 75
     0
  3
1-2
100
AcDbAlignedDimension
 13
-523208.4921481537
 23
-53887.80538900066
 33
0.0
 14
-523358.4921481535
 24
-53887.80538900054
 34
0.0
 50
0.0
1001
ACAD
1000
DSTYLE
1002
{
1070
    49
1040
12.0
1070
    90
1070
     1
1070
   176
1070
     5
1070
   177
1070
     5
1070
   178
1070
     5
1070
   290
1070
     1
1070
   340
1005
44
1070
   345
1005
24
1070
   346
1005
24
1070
   347
1005
24
1002
}
  0
LINE
  5
310
330
2
100
AcDbEntity
  8
wall
100
AcDbLine
 10
-523438.4849490091
 20
-53665.55538900054
 30
0.0
 11
-523438.4849490091
 21
-53665.55538900054
 31
0.0
  0
LINE
  5
311
330
2
100
AcDbEntity
  8
DET
100
AcDbLine
 10
-523438.4849490091
 20
-53695.55538900054
 30
0.0
 11
-523459.4849490091
 21
-53685.55538900054
 31
0.0
  0
LINE
  5
312
330
2
100
AcDbEntity
  8
stair
100
AcDbLine
 10
-523459.4849490091
 20
-53685.55538900054
 30
0.0
 11
-523480.4849490091
 21
-53695.55538900054
 31
0.0
  0
LINE
  5
313
330
2
100
AcDbEntity
  8
stair
100
AcDbLine
 10
-523459.4849490091
 20
-53685.55538900054
 30
0.0
 11
-523459.4849490091
 21
-53716.55538900054
 31
0.0
  0
LINE
  5
314
330
2
100
AcDbEntity
  8
stair
100
AcDbLine
 10
-523480.4849490091
 20
-53716.55538900054
 30
0.0
 11
-523459.4849490091
 21
-53716.55538900054
 31
0.0
  0
LINE
  5
315
330
2
100
AcDbEntity
  8
boundary wall
100
AcDbLine
 10
-523433.9849490091
 20
-53938.55538900054
 30
0.0
 11
-523433.9849490091
 21
-53887.80538900054
 31
0.0
  0
MTEXT
  5
316
330
2
100
AcDbEntity
  8
text
100
AcDbMText
 10
-523486.5549869733
 20
-53715.97573927749
 30
0.0
210
0.0
220
0.0
230
1.0
 11
1.0
 21
0.0
 31
0.0
 40
5.6
 41
0.0
 46
0.0
 71
     5
 72
     1
  1
UP
  7
style1
 73
     1
 44
1.0
1001
AcDbBlockRepETag
1000

  0
DIMENSION
  5
317
330
2
100
AcDbEntity
  8
dimension
100
AcDbDimension
  2
*D43
 10
-523415.5985328632
 20
-53947.55538900054
 30
0.0
 11
-523415.5985328632
 21
-53917.68038900063
 31
0.0
 70
    33
  1

 71
     5
 42
59.75
 73
     0
 74
     0
 75
     0
  3
1-2
100
AcDbAlignedDimension
 13
-523429.4849490091
 23
-53887.80538900054
 33
0.0
 14
-523429.4849490091
 24
-53947.55538900054
 34
0.0
 50
0.0
1001
ACAD
1000
DSTYLE
1002
{
1070
    49
1040
12.0
1070
    90
1070
     1
1070
   176
1070
     5
1070
   177
1070
     5
1070
   178
1070
     5
1070
   290
1070
     1
1070
   340
1005
44
1070
   345
1005
24
1070
   346
1005
24
1070
   347
1005
24
1002
}
  0
LINE
  5
325
330
2
100
AcDbEntity
  8
wall
100
AcDbLine
 10
-523657.4849490091
 20
-53632.55538900054
 30
0.0
 11
-523648.484949009
 21
-53632.55538900057
 31
0.0
  0
LINE
  5
326
330
2
100
AcDbEntity
  8
wall
100
AcDbLine
 10
-523657.4849490091
 20
-53728.55538900054
 30
0.0
 11
-523648.484949009
 21
-53728.55538900054
 31
0.0
  0
LINE
  5
327
330
2
100
AcDbEntity
  8
WIN
100
AcDbLine
 10
-523648.484949009
 20
-53728.55538900054
 30
0.0
 11
-523648.4849490089
 21
-53632.55538900057
 31
0.0
  0
LINE
  5
328
330
2
100
AcDbEntity
  8
WIN
100
AcDbLine
 10
-523652.484949009
 20
-53728.55538900054
 30
0.0
 11
-523652.484949009
 21
-53632.55538900057
 31
0.0
  0
LINE
  5
329
330
2
100
AcDbEntity
  8
WIN
100
AcDbLine
 10
-523657.484949009
 20
-53728.55538900054
 30
0.0
 11
-523657.4849490089
 21
-53632.55538900054
 31
0.0
  0
LINE
  5
32A
330
2
100
AcDbEntity
  8
WIN
100
AcDbLine
 10
-523653.484949009
 20
-53728.55538900054
 30
0.0
 11
-523653.484949009
 21
-53632.55538900054
 31
0.0
  0
DIMENSION
  5
32B
102
{ACAD_REACTORS
330
32D
102
}
102
{ACAD_XDICTIONARY
360
32C
102
}
330
2
100
AcDbEntity
  8
dimension
100
AcDbDimension
  2
*D58
 10
-523657.4849490091
 20
-53630.75122701115
 30
0.0
 11
-523693.4849490091
 21
-53630.75122701115
 31
0.0
 70
    33
  1

 71
     5
 42
72.0
 73
     0
 74
     0
 75
     0
  3
1-2
100
AcDbAlignedDimension
 13
-523729.4849490091
 23
-53623.55538900057
 33
0.0
 14
-523657.4849490091
 24
-53623.55538900057
 34
0.0
 50
0.0
1001
ACAD
1000
DSTYLE
1002
{
1070
    49
1040
12.0
1070
    90
1070
     1
1070
   176
1070
     5
1070
   177
1070
     5
1070
   178
1070
     5
1070
   290
1070
     1
1070
   340
1005
44
1070
   345
1005
24
1070
   346
1005
24
1070
   347
1005
24
1002
}
  0
DIMENSION
  5
33B
102
{ACAD_REACTORS
330
33D
102
}
102
{ACAD_XDICTIONARY
360
33C
102
}
330
2
100
AcDbEntity
  8
dimension
100
AcDbDimension
  2
*D57
 10
-523715.5985328631
 20
-53737.55538900054
 30
0.0
 11
-523715.5985328631
 21
-53680.55538900064
 31
0.0
 70
    33
  1

 71
     5
 42
113.9999999999709
 73
     0
 74
     0
 75
     0
  3
1-2
100
AcDbAlignedDimension
 13
-523729.4849490091
 23
-53623.55538900057
 33
0.0
 14
-523729.4849490091
 24
-53737.55538900054
 34
0.0
 50
0.0
1001
ACAD
1000
DSTYLE
1002
{
1070
    49
1040
12.0
1070
    90
1070
     1
1070
   176
1070
     5
1070
   177
1070
     5
1070
   178
1070
     5
1070
   290
1070
     1
1070
   340
1005
44
1070
   345
1005
24
1070
   346
1005
24
1070
   347
1005
24
1002
}
  0
MTEXT
  5
34B
330
2
100
AcDbEntity
  8
text
100
AcDbMText
 10
-523687.1164033489
 20
-53692.43212019996
 30
0.0
210
0.0
220
0.0
230
1.0
 11
1.0
 21
0.0
 31
0.0
 40
5.6
 41
0.0
 46
0.0
 71
     5
 72
     1
  1
OPEN\P6'-0"X9'-6"
  7
style1
 73
     1
 44
1.0
1001
AcDbBlockRepETag
1000

  0
LINE
  5
34C
330
2
100
AcDbEntity
  8
stair
100
AcDbLine
 10
-523119.9921481537
 20
-53695.55538900054
 30
0.0
 11
-523119.9921481537
 21
-53737.55538899993
 31
0.0
  0
LINE
  5
34D
330
2
100
AcDbEntity
  8
stair
100
AcDbLine
 10
-523109.4921481537
 20
-53695.55538900054
 30
0.0
 11
-523109.4921481537
 21
-53737.55538899993
 31
0.0
  0
LINE
  5
34E
330
2
100
AcDbEntity
  8
wall
100
AcDbLine
 10
-523208.4921481536
 20
-53873.72971738336
 30
0.0
 11
-523217.4921481536
 21
-53873.72971738336
 31
0.0
  0
LINE
  5
34F
330
2
100
AcDbEntity
  8
wall
100
AcDbLine
 10
-523208.4921481536
 20
-53843.72971738336
 30
0.0
 11
-523217.4921481536
 21
-53843.72971738336
 31
0.0
  0
MTEXT
  5
350
330
2
100
AcDbEntity
  8
text
100
AcDbMText
 10
-523214.9791072252
 20
-53859.32804294734
 30
0.0
210
0.0
220
0.0
230
1.0
 11
1.0
 21
0.0
 31
0.0
 40
5.6
 41
0.0
 46
0.0
 71
     5
 72
     1
  1
D4
  7
style1
 73
     1
 44
1.0
1001
AcDbBlockRepETag
1000

  0
LINE
  5
351
330
2
100
AcDbEntity
  8
wall
100
AcDbLine
 10
-523615.4849490094
 20
-53623.55538900054
 30
0.0
 11
-523601.9849490091
 21
-53623.55538900054
 31
0.0
  0
DIMENSION
  5
352
330
2
100
AcDbEntity
  8
dimension
100
AcDbDimension
  2
*D40
 10
-523757.5051799043
 20
-53407.55538900054
 30
0.0
 11
-523757.5051799043
 21
-53677.55538900063
 31
0.0
 70
    33
  1

 71
     5
 42
540.0
 73
     0
 74
     0
 75
     0
  3
1-2
100
AcDbAlignedDimension
 13
-523729.4849490091
 23
-53947.55538900054
 33
0.0
 14
-523729.4849490091
 24
-53407.55538900054
 34
0.0
 50
0.0
1001
ACAD
1000
DSTYLE
1002
{
1070
    49
1040
12.0
1070
    90
1070
     1
1070
   176
1070
     5
1070
   177
1070
     5
1070
   178
1070
     5
1070
   290
1070
     1
1070
   340
1005
44
1070
   345
1005
24
1070
   346
1005
24
1070
   347
1005
24
1002
}
  0
LINE
  5
360
102
{ACAD_REACTORS
330
3C3
102
}
330
2
100
AcDbEntity
  8
A-WALL
100
AcDbLine
 10
-522711.7903230994
 20
-53746.55538900054
 30
0.0
 11
-522711.7903230992
 21
-53473.55538900054
 31
0.0
1001
AcDbBlockRepETag
1000

  0
LINE
  5
361
330
2
100
AcDbEntity
  8
boundary wall
100
AcDbLine
 10
-523011.7903230992
 20
-53473.55538900054
 30
0.0
 11
-523011.7903230992
 21
-53623.55538900057
 31
0.0
1001
AcDbBlockRepETag
1000

  0
LINE
  5
362
330
2
100
AcDbEntity
  8
boundary wall
100
AcDbLine
 10
-523007.2903230994
 20
-53521.55538900054
 30
0.0
 11
-523007.2903230992
 21
-53619.0553890006
 31
0.0
1001
AcDbBlockRepETag
1000

  0
LINE
  5
363
330
2
100
AcDbEntity
  8
boundary wall
100
AcDbLine
 10
-523011.7903230991
 20
-53737.55538900057
 30
0.0
 11
-523011.7903230991
 21
-53887.80538900054
 31
0.0
1001
AcDbBlockRepETag
1000

  0
LINE
  5
364
330
2
100
AcDbEntity
  8
boundary wall
100
AcDbLine
 10
-523007.290323099
 20
-53742.05538900054
 30
0.0
 11
-523007.290323099
 21
-53883.30538900054
 31
0.0
1001
AcDbBlockRepETag
1000

  0
LINE
  5
365
330
2
100
AcDbEntity
  8
boundary wall
100
AcDbLine
 10
-523011.7903230991
 20
-53623.55538900057
 30
0.0
 11
-522951.7903230991
 21
-53623.55538900089
 31
0.0
1001
AcDbBlockRepETag
1000

  0
LINE
  5
366
330
2
100
AcDbEntity
  8
boundary wall
100
AcDbLine
 10
-523007.2903230992
 20
-53619.0553890006
 30
0.0
 11
-522947.290323099
 21
-53619.05538900092
 31
0.0
1001
AcDbBlockRepETag
1000

  0
LINE
  5
367
330
2
100
AcDbEntity
  8
A-WALL
100
AcDbLine
 10
-522903.7903230992
 20
-53473.55538900054
 30
0.0
 11
-522903.7903230995
 21
-53691.05538900077
 31
0.0
1001
AcDbBlockRepETag
1000

  0
LINE
  5
368
330
2
100
AcDbEntity
  8
A-WALL
100
AcDbLine
 10
-522903.7903230996
 20
-53733.05538900077
 30
0.0
 11
-522903.7903230997
 21
-53746.55538900185
 31
0.0
1001
AcDbBlockRepETag
1000

  0
LINE
  5
369
330
2
100
AcDbEntity
  8
A-WALL
100
AcDbLine
 10
-522894.7903230992
 20
-53553.05538900054
 30
0.0
 11
-522894.7903230992
 21
-53614.55538900054
 31
0.0
1001
AcDbBlockRepETag
1000

  0
LINE
  5
36A
330
2
100
AcDbEntity
  8
A-WALL
100
AcDbLine
 10
-522894.7903230992
 20
-53614.55538900054
 30
0.0
 11
-522890.2903230992
 21
-53614.55538900054
 31
0.0
1001
AcDbBlockRepETag
1000

  0
LINE
  5
36B
330
2
100
AcDbEntity
  8
A-WALL
100
AcDbLine
 10
-522894.7903230992
 20
-53482.55538900054
 30
0.0
 11
-522894.7903230992
 21
-53614.55538900054
 31
0.0
1001
AcDbBlockRepETag
1000

  0
LINE
  5
36C
330
2
100
AcDbEntity
  8
A-WALL
100
AcDbLine
 10
-522894.7903230992
 20
-53623.55538900054
 30
0.0
 11
-522894.7903230992
 21
-53691.05538900079
 31
0.0
1001
AcDbBlockRepETag
1000

  0
LINE
  5
36D
330
2
100
AcDbEntity
  8
A-WALL
100
AcDbLine
 10
-522894.7903230992
 20
-53733.05538900079
 30
0.0
 11
-522894.7903230992
 21
-53737.55538900077
 31
0.0
1001
AcDbBlockRepETag
1000

  0
LINE
  5
36E
330
2
100
AcDbEntity
  8
A-WALL
100
AcDbLine
 10
-522894.7903230992
 20
-53482.55538900054
 30
0.0
 11
-522817.5403230992
 21
-53482.55538900054
 31
0.0
1001
AcDbBlockRepETag
1000

  0
LINE
  5
36F
330
2
100
AcDbEntity
  8
A-WALL
100
AcDbLine
 10
-522894.7903230992
 20
-53623.55538900054
 30
0.0
 11
-522890.2903230992
 21
-53623.55538900054
 31
0.0
1001
AcDbBlockRepETag
1000

  0
LINE
  5
370
330
2
100
AcDbEntity
  8
A-WALL
100
AcDbLine
 10
-522903.7903230992
 20
-53553.05538900057
 30
0.0
 11
-522903.7903230992
 21
-53553.05538900057
 31
0.0
1001
AcDbBlockRepETag
1000

  0
LINE
  5
371
330
2
100
AcDbEntity
  8
A-WALL
100
AcDbLine
 10
-522903.7903230992
 20
-53473.55538900054
 30
0.0
 11
-522817.5403230992
 21
-53473.55538900054
 31
0.0
1001
AcDbBlockRepETag
1000

  0
LINE
  5
372
330
2
100
AcDbEntity
  8
boundary wall
100
AcDbLine
 10
-523011.7903230994
 20
-53473.55538900054
 30
0.0
 11
-522903.7903230992
 21
-53473.55538900054
 31
0.0
1001
AcDbBlockRepETag
1000

  0
LINE
  5
373
330
2
100
AcDbEntity
  8
boundary wall
100
AcDbLine
 10
-522975.7903230994
 20
-53478.05538900054
 30
0.0
 11
-522903.7903230992
 21
-53478.05538900054
 31
0.0
1001
AcDbBlockRepETag
1000

  0
LINE
  5
374
330
2
100
AcDbEntity
  8
A-WALL
100
AcDbLine
 10
-522745.5403230992
 20
-53482.55538900054
 30
0.0
 11
-522745.5403230992
 21
-53473.55538900054
 31
0.0
1001
AcDbBlockRepETag
1000

  0
LINE
  5
375
330
2
100
AcDbEntity
  8
A-WALL
100
AcDbLine
 10
-522817.5403230992
 20
-53482.55538900054
 30
0.0
 11
-522817.5403230992
 21
-53473.55538900054
 31
0.0
1001
AcDbBlockRepETag
1000

  0
LINE
  5
376
330
2
100
AcDbEntity
  8
A-WALL
100
AcDbLine
 10
-522745.5403230992
 20
-53482.55538900054
 30
0.0
 11
-522720.7903230992
 21
-53482.55538900054
 31
0.0
1001
AcDbBlockRepETag
1000

  0
LINE
  5
377
102
{ACAD_REACTORS
330
3B3
102
}
330
2
100
AcDbEntity
  8
A-WALL
100
AcDbLine
 10
-522745.5403230992
 20
-53473.55538900054
 30
0.0
 11
-522711.7903230992
 21
-53473.55538900054
 31
0.0
1001
AcDbBlockRepETag
1000

  0
LINE
  5
378
330
2
100
AcDbEntity
  8
WIN
100
AcDbLine
 10
-522745.5403230992
 20
-53479.55538900054
 30
0.0
 11
-522817.5403230992
 21
-53479.55538900054
 31
0.0
1001
AcDbBlockRepETag
1000

  0
LINE
  5
379
330
2
100
AcDbEntity
  8
WIN
100
AcDbLine
 10
-522817.5403230992
 20
-53476.55538900054
 30
0.0
 11
-522745.5403230992
 21
-53476.55538900054
 31
0.0
1001
AcDbBlockRepETag
1000

  0
LINE
  5
37A
330
2
100
AcDbEntity
  8
WIN
100
AcDbLine
 10
-522817.5403230992
 20
-53473.55538900054
 30
0.0
 11
-522745.5403230992
 21
-53473.55538900054
 31
0.0
1001
AcDbBlockRepETag
1000

  0
LINE
  5
37B
330
2
100
AcDbEntity
  8
WIN
100
AcDbLine
 10
-522745.5403230992
 20
-53482.55538900054
 30
0.0
 11
-522817.5403230992
 21
-53482.55538900054
 31
0.0
1001
AcDbBlockRepETag
1000

  0
LINE
  5
37C
330
2
100
AcDbEntity
  8
A-WALL
100
AcDbLine
 10
-522720.7903230992
 20
-53614.55538900054
 30
0.0
 11
-522720.7903230992
 21
-53482.55538900054
 31
0.0
1001
AcDbBlockRepETag
1000

  0
LINE
  5
37D
330
2
100
AcDbEntity
  8
A-WALL
100
AcDbLine
 10
-522720.7903230992
 20
-53737.55538900054
 30
0.0
 11
-522724.87897384
 21
-53737.55538899993
 31
0.0
1001
AcDbBlockRepETag
1000

  0
LINE
  5
37E
330
2
100
AcDbEntity
  8
A-WALL
100
AcDbLine
 10
-522890.2903230992
 20
-53614.55538900054
 30
0.0
 11
-522890.2903230992
 21
-53623.55538900054
 31
0.0
1001
AcDbBlockRepETag
1000

  0
LINE
  5
37F
330
2
100
AcDbEntity
  8
A-WALL
100
AcDbLine
 10
-522848.2903230992
 20
-53614.55538900054
 30
0.0
 11
-522848.2903230992
 21
-53623.55538900054
 31
0.0
1001
AcDbBlockRepETag
1000

  0
LINE
  5
380
330
2
100
AcDbEntity
  8
A-WALL
100
AcDbLine
 10
-522848.2903230992
 20
-53614.55538900054
 30
0.0
 11
-522720.7903230992
 21
-53614.55538900054
 31
0.0
1001
AcDbBlockRepETag
1000

  0
LINE
  5
381
330
2
100
AcDbEntity
  8
A-WALL
100
AcDbLine
 10
-522848.2903230992
 20
-53623.55538900054
 30
0.0
 11
-522720.7903230992
 21
-53623.55538900054
 31
0.0
1001
AcDbBlockRepETag
1000

  0
INSERT
  5
382
330
2
100
AcDbEntity
  8
DOOR
100
AcDbBlockReference
  2
D1
 10
-522890.2903230992
 20
-53621.68038900054
 30
0.0
1001
AEC_XDATA_BOUND_SPACE
1000

1001
AcDbBlockRepETag
1000

  0
LINE
  5
383
330
2
100
AcDbEntity
  8
stair
100
AcDbLine
 10
-522762.7903230994
 20
-53737.55538899993
 30
0.0
 11
-522762.7903230994
 21
-53665.55538900054
 31
0.0
1001
AcDbBlockRepETag
1000

  0
LINE
  5
384
330
2
100
AcDbEntity
  8
stair
100
AcDbLine
 10
-522761.7903230992
 20
-53737.55538899993
 30
0.0
 11
-522761.7903230992
 21
-53664.55538900054
 31
0.0
1001
AcDbBlockRepETag
1000

  0
LINE
  5
385
330
2
100
AcDbEntity
  8
stair
100
AcDbLine
 10
-522760.7903230992
 20
-53737.55538899993
 30
0.0
 11
-522760.7903230992
 21
-53663.55538900054
 31
0.0
1001
AcDbBlockRepETag
1000

  0
LINE
  5
386
330
2
100
AcDbEntity
  8
stair
100
AcDbLine
 10
-522762.7903230994
 20
-53695.55538900054
 30
0.0
 11
-522720.7903230992
 21
-53695.55538900054
 31
0.0
1001
AcDbBlockRepETag
1000

  0
LINE
  5
387
330
2
100
AcDbEntity
  8
stair
100
AcDbLine
 10
-522762.7903230994
 20
-53665.55538900054
 30
0.0
 11
-522762.7903230994
 21
-53623.55538900054
 31
0.0
  0
LINE
  5
388
330
2
100
AcDbEntity
  8
stair
100
AcDbLine
 10
-522762.7903230994
 20
-53665.55538900054
 30
0.0
 11
-522720.7903230991
 21
-53665.55538900054
 31
0.0
  0
LINE
  5
389
330
2
100
AcDbEntity
  8
stair
100
AcDbLine
 10
-522839.7903230992
 20
-53644.55538900054
 30
0.0
 11
-522741.7903230991
 21
-53644.55538900054
 31
0.0
  0
LINE
  5
38A
330
2
100
AcDbEntity
  8
stair
100
AcDbLine
 10
-522741.7903230991
 20
-53644.55538900054
 30
0.0
 11
-522741.7903230992
 21
-53716.55538900054
 31
0.0
  0
LINE
  5
38B
330
2
100
AcDbEntity
  8
stair
100
AcDbLine
 10
-522762.7903230994
 20
-53665.55538900054
 30
0.0
 11
-522839.7903230992
 21
-53665.55538900054
 31
0.0
1001
AcDbBlockRepETag
1000

  0
LINE
  5
38C
330
2
100
AcDbEntity
  8
stair
100
AcDbLine
 10
-522761.7903230992
 20
-53664.55538900054
 30
0.0
 11
-522839.7903230992
 21
-53664.55538900054
 31
0.0
1001
AcDbBlockRepETag
1000

  0
LINE
  5
38D
330
2
100
AcDbEntity
  8
stair
100
AcDbLine
 10
-522760.7903230992
 20
-53663.55538900054
 30
0.0
 11
-522839.7903230992
 21
-53663.55538900054
 31
0.0
1001
AcDbBlockRepETag
1000

  0
LINE
  5
38E
330
2
100
AcDbEntity
  8
stair
100
AcDbLine
 10
-522773.2903230994
 20
-53623.55538900054
 30
0.0
 11
-522773.2903230994
 21
-53665.55538900054
 31
0.0
1001
AcDbBlockRepETag
1000

  0
LINE
  5
38F
330
2
100
AcDbEntity
  8
stair
100
AcDbLine
 10
-522783.7903230992
 20
-53623.55538900054
 30
0.0
 11
-522783.7903230992
 21
-53665.55538900054
 31
0.0
1001
AcDbBlockRepETag
1000

  0
LINE
  5
390
330
2
100
AcDbEntity
  8
stair
100
AcDbLine
 10
-522793.7903230992
 20
-53623.55538900054
 30
0.0
 11
-522793.7903230992
 21
-53665.55538900054
 31
0.0
1001
AcDbBlockRepETag
1000

  0
LINE
  5
391
330
2
100
AcDbEntity
  8
stair
100
AcDbLine
 10
-522803.7903230992
 20
-53623.55538900054
 30
0.0
 11
-522803.7903230992
 21
-53665.55538900054
 31
0.0
1001
AcDbBlockRepETag
1000

  0
LINE
  5
392
330
2
100
AcDbEntity
  8
stair
100
AcDbLine
 10
-522812.7903230992
 20
-53623.55538900054
 30
0.0
 11
-522812.7903230992
 21
-53665.55538900054
 31
0.0
1001
AcDbBlockRepETag
1000

  0
LINE
  5
393
330
2
100
AcDbEntity
  8
stair
100
AcDbLine
 10
-522821.7903230992
 20
-53623.55538900054
 30
0.0
 11
-522821.7903230992
 21
-53665.55538900054
 31
0.0
1001
AcDbBlockRepETag
1000

  0
LINE
  5
394
330
2
100
AcDbEntity
  8
stair
100
AcDbLine
 10
-522830.7903230992
 20
-53623.55538900054
 30
0.0
 11
-522830.7903230992
 21
-53665.55538900054
 31
0.0
1001
AcDbBlockRepETag
1000

  0
LINE
  5
395
330
2
100
AcDbEntity
  8
stair
100
AcDbLine
 10
-522839.7903230992
 20
-53623.55538900054
 30
0.0
 11
-522839.7903230992
 21
-53665.55538900054
 31
0.0
1001
AcDbBlockRepETag
1000

  0
MTEXT
  5
396
330
2
100
AcDbEntity
  8
text
100
AcDbMText
 10
-522850.9247050021
 20
-53643.70233927123
 30
0.0
210
0.0
220
0.0
230
1.0
 11
1.0
 21
0.0
 31
0.0
 40
5.6
 41
0.0
 46
0.0
 71
     5
 72
     1
  1
DN
  7
style1
 73
     1
 44
1.0
1001
AcDbBlockRepETag
1000

  0
LINE
  5
397
330
2
100
AcDbEntity
  8
stair
100
AcDbLine
 10
-522762.7903230994
 20
-53716.55538900054
 30
0.0
 11
-522741.7903230992
 21
-53716.55538900054
 31
0.0
  0
LINE
  5
398
330
2
100
AcDbEntity
  8
A-WALL
100
AcDbLine
 10
-522711.7903230994
 20
-53746.55538900054
 30
0.0
 11
-522724.87897384
 21
-53746.55538899993
 31
0.0
1001
AcDbBlockRepETag
1000

  0
LINE
  5
399
330
2
100
AcDbEntity
  8
A-WALL
100
AcDbLine
 10
-522766.87897384
 20
-53746.55538899996
 30
0.0
 11
-522903.7903230997
 21
-53746.55538900185
 31
0.0
1001
AcDbBlockRepETag
1000

  0
MTEXT
  5
39A
330
2
100
AcDbEntity
  8
text
100
AcDbMText
 10
-522814.1052064995
 20
-53550.99708210459
 30
0.0
210
0.0
220
0.0
230
1.0
 11
1.0
 21
0.0
 31
0.0
 40
5.6
 41
0.0
 46
0.0
 71
     5
 72
     1
  1
\A1;STORE\P14'-6"X10'-6"
  7
style1
 73
     1
 44
1.0
1001
AcDbBlockRepETag
1000

  0
LINE
  5
39B
330
2
100
AcDbEntity
  8
stair
100
AcDbLine
 10
-522762.7903230994
 20
-53675.55538900054
 30
0.0
 11
-522720.7903230991
 21
-53675.55538900054
 31
0.0
  0
LINE
  5
39C
330
2
100
AcDbEntity
  8
stair
100
AcDbLine
 10
-522762.7903230994
 20
-53685.55538900054
 30
0.0
 11
-522720.7903230991
 21
-53685.55538900054
 31
0.0
  0
MTEXT
  5
39D
330
2
100
AcDbEntity
  8
text
100
AcDbMText
 10
-522867.8351160241
 20
-53620.70861757107
 30
0.0
210
0.0
220
0.0
230
1.0
 11
1.0
 21
0.0
 31
0.0
 40
5.6
 41
0.0
 46
0.0
 71
     5
 72
     1
  1
D2
  7
style1
 73
     1
 44
1.0
1001
AcDbBlockRepETag
1000

  0
MTEXT
  5
39E
330
2
100
AcDbEntity
  8
text
100
AcDbMText
 10
-522780.7476569623
 20
-53469.73868707812
 30
0.0
210
0.0
220
0.0
230
1.0
 11
1.0
 21
0.0
 31
0.0
 40
5.6
 41
0.0
 46
0.0
 71
     5
 72
     1
  1
W2
  7
style1
 73
     1
 44
1.0
1001
AcDbBlockRepETag
1000

  0
LINE
  5
39F
330
2
100
AcDbEntity
  8
A-WALL
100
AcDbLine
 10
-522766.87897384
 20
-53737.55538899993
 30
0.0
 11
-522894.7903230992
 21
-53737.5553890008
 31
0.0
1001
AcDbBlockRepETag
1000

  0
LINE
  5
3A0
330
2
100
AcDbEntity
  8
boundary wall
100
AcDbLine
 10
-522951.790323099
 20
-53737.55538900092
 30
0.0
 11
-522951.7903230991
 21
-53623.55538900089
 31
0.0
1001
AcDbBlockRepETag
1000

  0
LINE
  5
3A1
330
2
100
AcDbEntity
  8
boundary wall
100
AcDbLine
 10
-522947.290323099
 20
-53742.05538900095
 30
0.0
 11
-522947.290323099
 21
-53619.05538900092
 31
0.0
1001
AcDbBlockRepETag
1000

  0
LINE
  5
3A2
330
2
100
AcDbEntity
  8
boundary wall
100
AcDbLine
 10
-522951.790323099
 20
-53737.55538900092
 30
0.0
 11
-523011.7903230991
 21
-53737.55538900048
 31
0.0
  0
LINE
  5
3A3
330
2
100
AcDbEntity
  8
boundary wall
100
AcDbLine
 10
-522947.290323099
 20
-53742.05538900095
 30
0.0
 11
-523007.290323099
 21
-53742.05538900054
 31
0.0
  0
LINE
  5
3A4
330
2
100
AcDbEntity
  8
wall
100
AcDbLine
 10
-522724.87897384
 20
-53737.55538899996
 30
0.0
 11
-522724.87897384
 21
-53746.55538899993
 31
0.0
  0
LINE
  5
3A5
330
2
100
AcDbEntity
  8
wall
100
AcDbLine
 10
-522766.87897384
 20
-53737.55538899999
 30
0.0
 11
-522766.87897384
 21
-53746.55538899993
 31
0.0
  0
LINE
  5
3A6
330
2
100
AcDbEntity
  8
WIN
100
AcDbLine
 10
-522766.87897384
 20
-53746.55538899993
 30
0.0
 11
-522724.87897384
 21
-53746.55538899993
 31
0.0
  0
LINE
  5
3A7
330
2
100
AcDbEntity
  8
WIN
100
AcDbLine
 10
-522766.87897384
 20
-53743.55538899993
 30
0.0
 11
-522724.87897384
 21
-53743.55538899993
 31
0.0
  0
LINE
  5
3A8
330
2
100
AcDbEntity
  8
WIN
100
AcDbLine
 10
-522766.87897384
 20
-53737.55538899993
 30
0.0
 11
-522724.87897384
 21
-53737.55538899993
 31
0.0
  0
LINE
  5
3A9
330
2
100
AcDbEntity
  8
WIN
100
AcDbLine
 10
-522766.87897384
 20
-53740.55538899993
 30
0.0
 11
-522724.87897384
 21
-53740.55538899993
 31
0.0
  0
MTEXT
  5
3AA
330
2
100
AcDbEntity
  8
text
100
AcDbMText
 10
-522747.348835969
 20
-53733.89470942621
 30
0.0
210
0.0
220
0.0
230
1.0
 11
1.0
 21
0.0
 31
0.0
 40
5.6
 41
0.0
 46
0.0
 71
     5
 72
     1
  1
W3
  7
style1
 73
     1
 44
1.0
1001
AcDbBlockRepETag
1000

  0
LINE
  5
3AB
330
2
100
AcDbEntity
  8
stair
100
AcDbLine
 10
-522762.7903230994
 20
-53695.55538900054
 30
0.0
 11
-522762.7903230994
 21
-53737.55538899993
 31
0.0
  0
LINE
  5
3AC
330
2
100
AcDbEntity
  8
boundary wall
100
AcDbLine
 10
-522861.7903230992
 20
-53887.80538900054
 30
0.0
 11
-522861.7903230992
 21
-53746.55538900115
 31
0.0
1001
AcDbBlockRepETag
1000

  0
LINE
  5
3AD
330
2
100
AcDbEntity
  8
boundary wall
100
AcDbLine
 10
-522866.2903230992
 20
-53883.30538900054
 30
0.0
 11
-522866.2903230992
 21
-53746.55538900118
 31
0.0
1001
AcDbBlockRepETag
1000

  0
LINE
  5
3AE
330
2
100
AcDbEntity
  8
boundary wall
100
AcDbLine
 10
-523011.7903230991
 20
-53887.80538900054
 30
0.0
 11
-522861.7903230992
 21
-53887.80538900054
 31
0.0
  0
LINE
  5
3AF
330
2
100
AcDbEntity
  8
boundary wall
100
AcDbLine
 10
-523007.290323099
 20
-53883.30538900054
 30
0.0
 11
-522866.2903230992
 21
-53883.30538900054
 31
0.0
  0
LINE
  5
3B0
330
2
100
AcDbEntity
  8
wall
100
AcDbLine
 10
-522720.7903230992
 20
-53737.55538900054
 30
0.0
 11
-522720.7903230992
 21
-53623.55538900054
 31
0.0
  0
DIMENSION
  5
3B1
102
{ACAD_REACTORS
330
3B3
102
}
102
{ACAD_XDICTIONARY
360
3B2
102
}
330
2
100
AcDbEntity
  8
dimension
100
AcDbDimension
  2
*D51
 10
-522711.7903230992
 20
-53465.75582425998
 30
0.0
 11
-522807.7903230992
 21
-53465.75582425998
 31
0.0
 70
    33
  1

 71
     5
 42
192.0
 73
     0
 74
     0
 75
     0
  3
1-2
100
AcDbAlignedDimension
 13
-522903.7903230992
 23
-53473.55538900054
 33
0.0
 14
-522711.7903230992
 24
-53473.55538900054
 34
0.0
 50
0.0
1001
ACAD
1000
DSTYLE
1002
{
1070
    49
1040
12.0
1070
    90
1070
     1
1070
   176
1070
     5
1070
   177
1070
     5
1070
   178
1070
     5
1070
   290
1070
     1
1070
   340
1005
44
1070
   345
1005
24
1070
   346
1005
24
1070
   347
1005
24
1002
}
  0
DIMENSION
  5
3C1
102
{ACAD_REACTORS
330
3C3
102
}
102
{ACAD_XDICTIONARY
360
3C2
102
}
330
2
100
AcDbEntity
  8
dimension
100
AcDbDimension
  2
*D52
 10
-522700.1148514525
 20
-53746.55538900054
 30
0.0
 11
-522700.1148514525
 21
-53610.05538900063
 31
0.0
 70
    33
  1

 71
     5
 42
273.0
 73
     0
 74
     0
 75
     0
  3
1-2
100
AcDbAlignedDimension
 13
-522711.7903230992
 23
-53473.55538900054
 33
0.0
 14
-522711.7903230994
 24
-53746.55538900054
 34
0.0
 50
0.0
1001
ACAD
1000
DSTYLE
1002
{
1070
    49
1040
12.0
1070
    90
1070
     1
1070
   176
1070
     5
1070
   177
1070
     5
1070
   178
1070
     5
1070
   290
1070
     1
1070
   340
1005
44
1070
   345
1005
24
1070
   346
1005
24
1070
   347
1005
24
1002
}
  0
TEXT
  5
3D1
330
2
100
AcDbEntity
  8
text
100
AcDbText
 10
-522857.570172822
 20
-53768.34964928302
 30
0.0
 40
11.997
  1
%%U2ND FLOOR PLAN
  7
Standard
 11
0.0
 21
0.0
 31
0.0
100
AcDbText
1001
AcDbBlockRepETag
1000

  0
LINE
  5
3D2
330
2
100
AcDbEntity
  8
HATCH..
  6
CENTER
 48
17.0
100
AcDbLine
 10
-523566.9590432748
 20
-53426.96748904689
 30
0.0
 11
-523530.9590432748
 21
-53426.96748904689
 31
0.0
  0
LINE
  5
3D3
330
2
100
AcDbEntity
  8
HATCH..
  6
CENTER
 48
17.0
100
AcDbLine
 10
-523530.9590432748
 20
-53426.96748904689
 30
0.0
 11
-523530.9590432748
 21
-53462.96748904689
 31
0.0
  0
LINE
  5
3D4
330
2
100
AcDbEntity
  8
HATCH..
  6
CENTER
 48
17.0
100
AcDbLine
 10
-523530.9590432748
 20
-53462.96748904689
 30
0.0
 11
-523566.9590432748
 21
-53462.96748904689
 31
0.0
  0
LINE
  5
3D5
330
2
100
AcDbEntity
  8
HATCH..
  6
CENTER
 48
17.0
100
AcDbLine
 10
-523566.9590432748
 20
-53426.96748904689
 30
0.0
 11
-523566.9590432748
 21
-53462.96748904689
 31
0.0
  0
LINE
  5
3D6
330
2
100
AcDbEntity
  8
HATCH..
  6
CENTER
 48
17.0
100
AcDbLine
 10
-523566.9590432748
 20
-53462.96748904689
 30
0.0
 11
-523530.9590432748
 21
-53426.96748904689
 31
0.0
  0
LINE
  5
3D7
330
2
100
AcDbEntity
  8
HATCH..
  6
CENTER
 48
17.0
100
AcDbLine
 10
-523530.9590432748
 20
-53462.96748904689
 30
0.0
 11
-523566.9590432748
 21
-53426.96748904689
 31
0.0
  0
MTEXT
  5
3D8
330
2
100
AcDbEntity
  8
text
100
AcDbMText
 10
-523548.617945501
 20
-53434.08065112232
 30
0.0
210
0.0
220
0.0
230
1.0
 11
1.0
 21
0.0
 31
0.0
 40
5.6
 41
118.7285904465243
 46
0.0
 71
     5
 72
     1
  1
U.G.W.T
  7
style1
 73
     1
 44
1.0
1001
AcDbBlockRepETag
1000

  0
MTEXT
  5
3D9
330
2
100
AcDbEntity
  8
text
100
AcDbMText
 10
-523548.617945501
 20
-53443.0755358187
 30
0.0
210
0.0
220
0.0
230
1.0
 11
1.0
 21
0.0
 31
0.0
 40
5.6
 41
118.7285904465243
 46
0.0
 71
     5
 72
     1
  1
3'X3'X2'
  7
style1
 73
     1
 44
1.0
1001
AcDbBlockRepETag
1000

  0
MTEXT
  5
3DA
330
2
100
AcDbEntity
  8
text
100
AcDbMText
 10
-523548.617945501
 20
-53452.24322632694
 30
0.0
210
0.0
220
0.0
230
1.0
 11
1.0
 21
0.0
 31
0.0
 40
5.6
 41
118.7285904465243
 46
0.0
 71
     5
 72
     1
  1
120 GAL.
  7
style1
 73
     1
 44
1.0
1001
AcDbBlockRepETag
1000

  0
LINE
  5
3DB
330
2
100
AcDbEntity
  8
HATCH
  6
CENTER
 48
17.0
100
AcDbLine
 10
-523011.7903230994
 20
-53473.55538900054
 30
0.0
 11
-522975.7903230994
 21
-53473.55538900054
 31
0.0
  0
LINE
  5
3DC
330
2
100
AcDbEntity
  8
HATCH
  6
CENTER
 48
17.0
100
AcDbLine
 10
-522975.7903230994
 20
-53473.55538900054
 30
0.0
 11
-522975.7903230994
 21
-53521.55538900054
 31
0.0
  0
LINE
  5
3DD
330
2
100
AcDbEntity
  8
HATCH
  6
CENTER
 48
17.0
100
AcDbLine
 10
-522975.7903230994
 20
-53521.55538900054
 30
0.0
 11
-523011.7903230994
 21
-53521.55538900054
 31
0.0
  0
LINE
  5
3DE
330
2
100
AcDbEntity
  8
HATCH
  6
CENTER
 48
17.0
100
AcDbLine
 10
-523011.7903230994
 20
-53473.55538900054
 30
0.0
 11
-523011.7903230994
 21
-53521.55538900054
 31
0.0
  0
LINE
  5
3DF
330
2
100
AcDbEntity
  8
HATCH
  6
CENTER
 48
17.0
100
AcDbLine
 10
-523011.7903230994
 20
-53521.55538900054
 30
0.0
 11
-522975.7903230994
 21
-53473.55538900054
 31
0.0
  0
LINE
  5
3E0
330
2
100
AcDbEntity
  8
HATCH
  6
CENTER
 48
17.0
100
AcDbLine
 10
-522975.7903230994
 20
-53521.55538900054
 30
0.0
 11
-523011.7903230994
 21
-53473.55538900054
 31
0.0
  0
MTEXT
  5
3E1
330
2
100
AcDbEntity
  8
text
100
AcDbMText
 10
-522993.7903230994
 20
-53488.56050430416
 30
0.0
210
0.0
220
0.0
230
1.0
 11
1.0
 21
0.0
 31
0.0
 40
5.6
 41
118.7285904465243
 46
0.0
 71
     5
 72
     1
  1
O.H.W.T
  7
style1
 73
     1
 44
1.0
1001
AcDbBlockRepETag
1000

  0
MTEXT
  5
3E2
330
2
100
AcDbEntity
  8
text
100
AcDbMText
 10
-522993.7785601435
 20
-53498.21322958966
 30
0.0
210
0.0
220
0.0
230
1.0
 11
1.0
 21
0.0
 31
0.0
 40
4.48
 41
94.98287235721943
 46
0.0
 71
     5
 72
     1
  1
3'X4'X2'-6"
  7
style1
 73
     1
 44
1.0
1001
AcDbBlockRepETag
1000

  0
MTEXT
  5
3E3
330
2
100
AcDbEntity
  8
text
100
AcDbMText
 10
-522993.7903230994
 20
-53506.72307950878
 30
0.0
210
0.0
220
0.0
230
1.0
 11
1.0
 21
0.0
 31
0.0
 40
5.6
 41
118.7285904465243
 46
0.0
 71
     5
 72
     1
  1
200 GAL.
  7
style1
 73
     1
 44
1.0
1001
AcDbBlockRepETag
1000

  0
MTEXT
  5
3E4
330
2
100
AcDbEntity
  8
text
100
AcDbMText
 10
-522941.0085404769
 20
-53824.97878364273
 30
0.0
210
0.0
220
0.0
230
1.0
 11
1.0
 21
0.0
 31
0.0
 40
5.6
 41
0.0
 46
0.0
 71
     5
 72
     1
  1
TERRACE
  7
style1
 73
     1
 44
1.0
1001
AcDbBlockRepETag
1000

  0
MTEXT
  5
3E5
330
2
100
AcDbEntity
  8
text
100
AcDbMText
 10
-522967.2500637991
 20
-53571.13788648901
 30
0.0
210
0.0
220
0.0
230
1.0
 11
1.0
 21
0.0
 31
0.0
 40
5.6
 41
0.0
 46
0.0
 71
     5
 72
     1
  1
TERRACE
  7
style1
 73
     1
 44
1.0
1001
AcDbBlockRepETag
1000

  0
TEXT
  5
3E6
330
2
100
AcDbEntity
  8
text
100
AcDbText
 10
-522855.3759949591
 20
-53784.56886119905
 30
0.0
 40
7.999999999999997
  1
SCALE  1/8"=1'-0"
  7
Standard
 11
0.0
 21
0.0
 31
0.0
100
AcDbText
1001
AcDbBlockRepETag
1000

  0
MTEXT
  5
3E7
330
2
100
AcDbEntity
  8
text
100
AcDbMText
 10
-522832.9588803872
 20
-53693.74843709203
 30
0.0
210
0.0
220
0.0
230
1.0
 11
1.0
 21
0.0
 31
0.0
 40
5.6
 41
0.0
 46
0.0
 71
     5
 72
     1
  1
\A1;STAIR LOBBY\P14'-6"X9'-6"
  7
style1
 73
     1
 44
1.0
1001
AcDbBlockRepETag
1000

  0
TEXT
  5
3F6
330
2
100
AcDbEntity
  8
text
100
AcDbText
 10
-523730.336639034
 20
-53989.22958045197
 30
0.0
 40
7.999999999999997
  1
SCALE  1/8"=1'-0"
  7
Standard
 11
0.0
 21
0.0
 31
0.0
100
AcDbText
1001
AcDbBlockRepETag
1000

  0
LINE
  5
3F7
330
2
100
AcDbEntity
  8
stair
100
AcDbLine
 10
-523480.4849490091
 20
-53665.55538900054
 30
0.0
 11
-523438.4849490091
 21
-53645.48860873154
 31
0.0
  0
LINE
  5
3F8
330
2
100
AcDbEntity
  8
stair
100
AcDbLine
 10
-523480.4849490091
 20
-53665.55538900054
 30
0.0
 11
-523462.2211991173
 21
-53623.55538900054
 31
0.0
  0
LINE
  5
3F9
330
2
100
AcDbEntity
  8
stair
100
AcDbLine
 10
-523109.4921481536
 20
-53665.55538900054
 30
0.0
 11
-523067.4921481536
 21
-53645.48860873154
 31
0.0
  0
LINE
  5
3FA
330
2
100
AcDbEntity
  8
stair
100
AcDbLine
 10
-523109.4921481536
 20
-53665.55538900054
 30
0.0
 11
-523091.2283982617
 21
-53623.55538900054
 31
0.0
  0
LINE
  5
3FB
330
2
100
AcDbEntity
  8
stair
100
AcDbLine
 10
-522762.7903230994
 20
-53665.55538900054
 30
0.0
 11
-522737.62897384
 21
-53623.55538900054
 31
0.0
  0
LINE
  5
3FC
330
2
100
AcDbEntity
  8
stair
100
AcDbLine
 10
-522762.7903230994
 20
-53665.55538900054
 30
0.0
 11
-522720.7903230992
 21
-53644.55538900054
 31
0.0
  0
LINE
  5
3FD
330
2
100
AcDbEntity
  8
wall
100
AcDbLine
 10
-522894.7903230992
 20
-53733.0553890008
 30
0.0
 11
-522903.7903230997
 21
-53733.05538900077
 31
0.0
  0
LINE
  5
3FE
330
2
100
AcDbEntity
  8
wall
100
AcDbLine
 10
-522894.7903230992
 20
-53691.0553890008
 30
0.0
 11
-522903.7903230996
 21
-53691.05538900077
 31
0.0
  0
MTEXT
  5
3FF
330
2
100
AcDbEntity
  8
text
100
AcDbMText
 10
-522897.9565106522
 20
-53714.61639143227
 30
0.0
210
0.0
220
0.0
230
1.0
 11
1.0
 21
0.0
 31
0.0
 40
5.6
 41
0.0
 46
0.0
 71
     5
 72
     1
  1
D2
  7
style1
 73
     1
 44
1.0
1001
AcDbBlockRepETag
1000

  0
LINE
  5
400
330
2
100
AcDbEntity
  8
wall
100
AcDbLine
 10
-522903.7903230997
 20
-53733.05538900077
 30
0.0
 11
-522903.7903230996
 21
-53691.05538900077
 31
0.0
  0
INSERT
  5
401
330
2
100
AcDbEntity
  8
DOOR
100
AcDbBlockReference
  2
D1
 10
-522901.9153230997
 20
-53733.05538900077
 30
0.0
 41
-1.0
 42
1.0
 43
1.0
 50
270.0
1001
AEC_XDATA_BOUND_SPACE
1000

1001
AcDbBlockRepETag
1000

  0
DIMENSION
  5
402
330
2
100
AcDbEntity
  8
dimension
100
AcDbDimension
  2
*D56
 10
-523480.4849490091
 20
-53680.90181897167
 30
0.0
 11
-523459.4849490091
 21
-53680.90181897167
 31
0.0
 70
    33
  1

 71
     5
 42
42.0
 73
     0
 74
     0
 75
     0
  3
1-2
100
AcDbAlignedDimension
 13
-523438.4849490091
 23
-53675.55538900054
 33
0.0
 14
-523480.4849490091
 24
-53675.55538900054
 34
0.0
 50
0.0
1001
ACAD
1000
DSTYLE
1002
{
1070
    49
1040
12.0
1070
    90
1070
     1
1070
   176
1070
     5
1070
   177
1070
     5
1070
   178
1070
     5
1070
   290
1070
     1
1070
   340
1005
44
1070
   345
1005
24
1070
   346
1005
24
1070
   347
1005
24
1002
}
  0
DIMENSION
  5
410
330
2
100
AcDbEntity
  8
dimension
100
AcDbDimension
  2
*D55
 10
-523109.4921481537
 20
-53681.04319762992
 30
0.0
 11
-523088.4921481536
 21
-53681.04319762992
 31
0.0
 70
    33
  1

 71
     5
 42
42.00000000023283
 73
     0
 74
     0
 75
     0
  3
1-2
100
AcDbAlignedDimension
 13
-523067.4921481535
 23
-53675.55538900054
 33
0.0
 14
-523109.4921481537
 24
-53675.55538900054
 34
0.0
 50
0.0
1001
ACAD
1000
DSTYLE
1002
{
1070
    49
1040
12.0
1070
    90
1070
     1
1070
   176
1070
     5
1070
   177
1070
     5
1070
   178
1070
     5
1070
   290
1070
     1
1070
   340
1005
44
1070
   345
1005
24
1070
   346
1005
24
1070
   347
1005
24
1002
}
  0
DIMENSION
  5
41E
330
2
100
AcDbEntity
  8
dimension
100
AcDbDimension
  2
*D39
 10
-522762.7903230994
 20
-53680.78364875735
 30
0.0
 11
-522741.7903230992
 21
-53680.78364875735
 31
0.0
 70
    33
  1

 71
     5
 42
42.00000000023283
 73
     0
 74
     0
 75
     0
  3
1-2
100
AcDbAlignedDimension
 13
-522720.7903230991
 23
-53675.55538900054
 33
0.0
 14
-522762.7903230994
 24
-53675.55538900054
 34
0.0
 50
0.0
1001
ACAD
1000
DSTYLE
1002
{
1070
    49
1040
12.0
1070
    90
1070
     1
1070
   176
1070
     5
1070
   177
1070
     5
1070
   178
1070
     5
1070
   290
1070
     1
1070
   340
1005
44
1070
   345
1005
24
1070
   346
1005
24
1070
   347
1005
24
1002
}
  0
INSERT
  5
42C
330
2
100
AcDbEntity
  8
DOOR
100
AcDbBlockReference
  2
D1
 10
-523615.4849490094
 20
-53622.21610328626
 30
0.0
 41
-0.714285714289872
 42
0.714285714289872
 43
0.714285714282943
1001
AEC_XDATA_BOUND_SPACE
1000

1001
AcDbBlockRepETag
1000

  0
LINE
  5
42D
330
2
100
AcDbEntity
  8
DET
100
AcDbLine
 10
-523208.4921481536
 20
-53873.72971738336
 30
0.0
 11
-523208.4921481536
 21
-53843.72971738336
 31
0.0
  0
MTEXT
  5
42E
102
{ACAD_XDICTIONARY
360
42F
102
}
330
2
100
AcDbEntity
  8
TEXTS
 62
     4
100
AcDbMText
 10
-523456.2222276119
 20
-53776.41802140883
 30
0.0
210
0.0
220
0.0
230
1.0
 11
1.0
 21
0.0
 31
0.0
 40
7.0
 41
61.87854024556617
 46
0.0
 71
     3
 72
     5
  1
\A1;{\fArial|b0|i0|c0|p34;+0'-6"}
  7
Standard
 73
     1
 44
1.0
  0
MTEXT
  5
434
102
{ACAD_XDICTIONARY
360
435
102
}
330
2
100
AcDbEntity
  8
text
100
AcDbMText
 10
-523577.430274528
 20
-53696.62439373142
 30
0.0
210
0.0
220
0.0
230
1.0
 11
1.0
 21
0.0
 31
0.0
 40
5.6
 41
0.0
 46
0.0
 71
     5
 72
     1
  1
\A1;+1'-6"
  7
style1
 73
     1
 44
1.0
  0
LINE
  5
4E9
330
2
100
AcDbEntity
  8
A-WALL
100
AcDbLine
 10
-523729.4849490091
 20
-53473.55538900054
 30
0.0
 11
-523729.4849490091
 21
-53623.55538900057
 31
0.0
1001
AcDbBlockRepETag
1000

  0
DIMENSION
  5
663
102
{ACAD_REACTORS
330
67C
102
}
102
{ACAD_XDICTIONARY
360
671
102
}
330
2
100
AcDbEntity
  8
dimension
100
AcDbDimension
  2
*D54
 10
-523058.4921481536
 20
-53893.1589852873
 30
0.0
 11
-523133.4921481537
 21
-53893.1589852873
 31
0.0
 70
    33
  1

 71
     5
 42
150.0000000001164
 73
     0
 74
     0
 75
     0
  3
1-2
100
AcDbAlignedDimension
 13
-523208.4921481537
 23
-53887.80538900066
 33
0.0
 14
-523058.4921481536
 24
-53887.80538900054
 34
0.0
 50
0.0
1001
ACAD
1000
DSTYLE
1002
{
1070
    49
1040
12.0
1070
    90
1070
     1
1070
   176
1070
     5
1070
   177
1070
     5
1070
   178
1070
     5
1070
   290
1070
     1
1070
   340
1005
44
1070
   345
1005
24
1070
   346
1005
24
1070
   347
1005
24
1002
}
  0
LWPOLYLINE
  5
68B
330
2
100
AcDbEntity
  8
A-WALL
100
AcDbPolyline
 90
        4
 70
     1
 43
0.0
 10
-523839.7373207973
 20
-53320.98053007576
 10
-522651.854340115
 20
-53320.98053007576
 10
-522651.854340115
 20
-54045.80245065986
 10
-523839.7373207973
 20
-54045.80245065986
  0
LWPOLYLINE
  5
6EB
330
2
100
AcDbEntity
  8
A-WALL
100
AcDbPolyline
 90
        4
 70
     1
 43
0.0
 10
-523827.7373207973
 20
-53332.98053007576
 10
-522663.854340115
 20
-53332.98053007576
 10
-522663.854340115
 20
-54033.80245065986
 10
-523827.7373207973
 20
-54033.80245065986
  0
ENDSEC
  0
SECTION
  2
OBJECTS
  0
DICTIONARY
  5
3
330
2
100
AcDbDictionary
280
     1
281
     1
  3
ACAD_SORTENTS
360
439
  0
DICTIONARY
  5
7
330
6
100
AcDbDictionary
280
     1
281
     1
  3
ADSK_XREC_LAYER_RECONCILED
360
8
  0
XRECORD
  5
8
102
{ACAD_REACTORS
330
7
102
}
330
7
100
AcDbXrecord
280
     1
290
     1
  0
ACDBPLACEHOLDER
  5
9
102
{ACAD_REACTORS
330
A
102
}
330
A
  0
ACDBDICTIONARYWDFLT
  5
A
102
{ACAD_REACTORS
330
B
102
}
330
B
100
AcDbDictionary
281
     1
  3
Normal
350
9
100
AcDbDictionaryWithDefault
340
9
  0
DICTIONARY
  5
B
330
0
100
AcDbDictionary
281
     1
  3
ACAD_COLOR
350
4E
  3
ACAD_GROUP
350
49
  3
ACAD_LAYOUT
350
11
  3
ACAD_MATERIAL
350
D
  3
ACAD_MLINESTYLE
350
4A
  3
ACAD_PLOTSETTINGS
350
4B
  3
ACAD_PLOTSTYLENAME
350
A
  3
ACAD_TABLESTYLE
350
4F
  3
ACAD_VISUALSTYLE
350
2A
  3
AcDbVariableDictionary
350
45E
  0
DICTIONARY
  5
D
102
{ACAD_REACTORS
330
B
102
}
330
B
100
AcDbDictionary
281
     1
  3
ByBlock
350
4D
  3
ByLayer
350
4C
  3
Global
350
C
  0
LAYOUT
  5
10
102
{ACAD_REACTORS
330
11
102
}
330
11
100
AcDbPlotSettings
  1

  2
DWG To PDF.pc3
  4
ISO_expand_A3_(297.00_x_420.00_MM)
  6

 40
5.793749809265137
 41
10.79374980926514
 42
5.79376220703125
 43
10.79376220703125
 44
297.0
 45
420.0
 46
28.17726762945955
 47
2.842170943040401E-14
 48
-523840.2412082248
 49
-54041.14053085596
140
-522610.0924014637
141
-53333.89521169045
142
1.0
143
3.087626125844506
 70
  3764
 72
     1
 73
     1
 74
     4
  7
acad.ctb
 75
     0
147
0.3238734092931951
148
523840.2412082248
149
54041.14053085596
 76
     1
 77
     2
 78
   300
333
0
100
AcDbLayout
  1
Model
 70
     1
 71
     0
 10
0.0
 20
0.0
 11
12.0
 21
9.0
 12
0.0
 22
0.0
 32
0.0
 14
0.0
 24
0.0
 34
0.0
 15
0.0
 25
0.0
 35
0.0
146
0.0
 13
0.0
 23
0.0
 33
0.0
 16
1.0
 26
0.0
 36
0.0
 17
0.0
 27
1.0
 37
0.0
 76
     0
330
2
331
28
1001
ACAD_PSEXT
1000
DWG To PDF.pc3
1000
PDF
1000
File
1000

1070
     0
  0
DICTIONARY
  5
11
102
{ACAD_REACTORS
330
B
102
}
330
B
100
AcDbDictionary
281
     1
  3
Layout2
350
16
  3
Model
350
10
  0
LAYOUT
  5
16
102
{ACAD_XDICTIONARY
360
17
102
}
102
{ACAD_REACTORS
330
11
102
}
330
11
100
AcDbPlotSettings
  1

  2
none_device
  4
Letter_(8.50_x_11.00_Inches)
  6

 40
6.349999904632568
 41
6.349999904632568
 42
6.350006103515625
 43
6.350006103515625
 44
215.8999938964844
 45
279.3999938964844
 46
0.0
 47
0.0
 48
0.0
 49
0.0
140
0.0
141
0.0
142
1.0
143
1.0
 70
   688
 72
     0
 73
     1
 74
     5
  7
monochrome.ctb
 75
    16
147
1.0
148
0.0
149
0.0
 76
     0
 77
     2
 78
   300
333
0
100
AcDbLayout
  1
Layout2
 70
     1
 71
     1
 10
-0.2500002402958907
 20
-0.2499999962453767
 11
10.74999951940822
 21
8.249999763458732
 12
0.0
 22
0.0
 32
0.0
 14
1.049999952316284
 24
0.7999999523162842
 34
0.0
 15
9.449999570846556
 25
7.199999570846557
 35
0.0
146
0.0
 13
0.0
 23
0.0
 33
0.0
 16
1.0
 26
0.0
 36
0.0
 17
0.0
 27
1.0
 37
0.0
 76
     0
330
13
  0
DICTIONARY
  5
17
330
16
100
AcDbDictionary
280
     1
281
     1
  3
ADSK_XREC_LAYOUTTHUMBNAIL
360
18
  0
XRECORD
  5
18
102
{ACAD_REACTORS
330
17
102
}
330
17
100
AcDbXrecord
280
     1
310
28000000B40000008A00000001000800000000000861000000000000000000000001000000000000FFFFFF0000000000FFFFFF000000000000000000000000000000000000000000000000000000000000000000330000006600000099000000CC000000FF00000000330000333300006633000099330000CC330000FF3300
310
0000660000336600006666000099660000CC660000FF66000000990000339900006699000099990000CC990000FF99000000CC000033CC000066CC000099CC0000CCCC0000FFCC000000FF000033FF000066FF000099FF0000CCFF0000FFFF000000003300330033006600330099003300CC003300FF003300003333003333
310
33006633330099333300CC333300FF33330000663300336633006666330099663300CC663300FF66330000993300339933006699330099993300CC993300FF99330000CC330033CC330066CC330099CC3300CCCC3300FFCC330000FF330033FF330066FF330099FF3300CCFF3300FFFF330000006600330066006600660099
310
006600CC006600FF00660000336600333366006633660099336600CC336600FF33660000666600336666006666660099666600CC666600FF66660000996600339966006699660099996600CC996600FF99660000CC660033CC660066CC660099CC6600CCCC6600FFCC660000FF660033FF660066FF660099FF6600CCFF6600
310
FFFF660000009900330099006600990099009900CC009900FF00990000339900333399006633990099339900CC339900FF33990000669900336699006666990099669900CC669900FF66990000999900339999006699990099999900CC999900FF99990000CC990033CC990066CC990099CC9900CCCC9900FFCC990000FF99
310
0033FF990066FF990099FF9900CCFF9900FFFF99000000CC003300CC006600CC009900CC00CC00CC00FF00CC000033CC003333CC006633CC009933CC00CC33CC00FF33CC000066CC003366CC006666CC009966CC00CC66CC00FF66CC000099CC003399CC006699CC009999CC00CC99CC00FF99CC0000CCCC0033CCCC0066CC
310
CC0099CCCC00CCCCCC00FFCCCC0000FFCC0033FFCC0066FFCC0099FFCC00CCFFCC00FFFFCC000000FF003300FF006600FF009900FF00CC00FF00FF00FF000033FF003333FF006633FF009933FF00CC33FF00FF33FF000066FF003366FF006666FF009966FF00CC66FF00FF66FF000099FF003399FF006699FF009999FF00CC
310
99FF00FF99FF0000CCFF0033CCFF0066CCFF0099CCFF00CCCCFF00FFCCFF0000FFFF0033FFFF0066FFFF0099FFFF00CCFFFF00FFFFFF00000000000D0D0D001A1A1A00282828003535350043434300505050005D5D5D006B6B6B00787878008686860093939300A1A1A100AEAEAE00BBBBBB00C9C9C900D6D6D600E4E4E400
310
F1F1F100FFFFFF0000000000000000000000000000000000000000000000000000000000000000000000000000000000E2E2E2E2E2E2E2E2E2E2E2E2E2E2E2E2E2E2E2E2E2E2E2E2E2E2E2E2E2E2E2E2E2E2E2E2E2E2E2E2E2E2E2E2E2E2E2E2E2E2E2E2E2E2E2E2E2E2E2E2E2E2E2E2E2E2E2E2E2E2E2E2E2E2E2E2E2E2E2
310
E2E2E2E2E2E2E2E2E2E2E2E2E2E2E2E2E2E2E2E2E2E2E2E2E2E2E2E2E2E2E2E2E2E2E2E2E2E2E2E2E2E2E2E2E2E2E2E2E2E2E2E2E2E2E2E2E2E2E2E2E2E2E2E2E2E2E2E2E2E2E2E2E2E2E2E2E2E2E2E2E2E2E2E2E2E2E2E2E2E2E2E2E2E2E2E2E2E2E2E2E2E2F5F5F5F5F5F5F5F5F5F5F5F5F5F5F5F5F5F5F5F5F5F5F5F5F5
310
F5F5F5F5F5F5F5F5F5F5F5F5F5F5F5F5F5F5F5F5F5F5F5F5F5F5F5F5F5F5F5F5F5F5F5F5F5F5F5F5F5F5F5F5F5F5F5F5F5F5F5F5F5F5F5F5F5F5F5F5F5F5F5F5F5F5F5F5F5F5F5F5F5F5F5F5F5F5F5F5F5F5F5F5F5F5F5F5F5F5F5F5F5F5F5F5F5F5F5F5F5F5F5F5F5F5F5F5F5F5F5F5F5F5F5F5F5F5F5F5F5F5F5F5F5F5F5
310
F5F5F5F5F5F5F5F5F5F5F5F5F5F5F5F5F5F5F5F5F5F5F5F5F5E2E2E2F5F5F5F5F5F5F5F5F5F5F5F5F5F5F5F5F5F5F5F5F5F5F5F5F5F5F5F5F5F5F5F5F5F5F5F5F5F5F5F5F5F5F5F5F5F5F5F5F5F5F5F5F5F5F5F5F5F5F5F5F5F5F5F5F5F5F5F5F5F5F5F5F5F5F5F5F5F5F5F5F5F5F5F5F5F5F5F5F5F5F5F5F5F5F5F5F5F5F5
310
F5F5F5F5F5F5F5F5F5F5F5F5F5F5F5F5F5F5F5F5F5F5F5F5F5F5F5F5F5F5F5F5F5F5F5F5F5F5F5F5F5F5F5F5F5F5F5F5F5F5F5F5F5F5F5F5F5F5F5F5F5F5F5F5F5F5F5F5F5F5F5F5F5F5F5F5F5F5E2E2E2F5F5F5F5F5F5F5F5F5F5F5F5F5F5F5F5F5F5F5F5F5F5F5F5F5F5F5F5F5F5F5F5F5F5F5F5F5F5F5F5F5F5F5F5F5F5
310
F5F5F5F5F5F5F5F5F5F5F5F5F5F5F5F5F5F5F5F5F5F5F5F5F5F5F5F5F5F5F5F5F5F5F5F5F5F5F5F5F5F5F5F5F5F5F5F5F5F5F5F5F5F5F5F5F5F5F5F5F5F5F5F5F5F5F5F5F5F5F5F5F5F5F5F5F5F5F5F5F5F5F5F5F5F5F5F5F5F5F5F5F5F5F5F5F5F5F5F5F5F5F5F5F5F5F5F5F5F5F5F5F5F5F5F5F5F5F5F5F5F5F5F5F5F5F5
310
F5F5F5F5E2E2E2F5F5F5E2E2E2E2E2E2E2E2F5F5F5F5F5F5F5F5F5E2E2E2E2E2E2E2E2E2E2E2E2E2E2E2E2F5F5F5F5F5F5F5F5E2E2E2E2E2E2E2E2E2E2E2E2E2E2E2E2F5F5F5F5F5F5F5F5F5E2E2E2E2E2E2E2E2E2E2E2E2E2E2E2F5F5F5F5F5F5F5F5F5E2E2E2E2E2E2E2E2E2E2E2E2E2E2E2F5F5F5F5F5F5F5F5F5E2E2E2
310
E2E2E2E2E2E2E2E2E2E2E2E2E2F5F5F5F5F5F5F5F5E2E2E2E2E2E2E2E2E2E2E2E2E2E2E2E2F5F5F5F5F5F5F5F5F5E2E2E2E2E2E2E2E2F5F5F5E2E2E2F5F5F5E2F5F5F5F5F5F5F5F5F5F5F5F5F5F5F5F5F5F5F5F5F5F5F5F5F5F5F5F5F5F5F5F5F5F5F5F5F5F5F5F5F5F5F5F5F5F5F5F5F5F5F5F5F5F5F5F5F5F5F5F5F5F5F5
310
F5F5F5F5F5F5F5F5F5F5F5F5F5F5F5F5F5F5F5F5F5F5F5F5F5F5F5F5F5F5F5F5F5F5F5F5F5F5F5F5F5F5F5F5F5F5F5F5F5F5F5F5F5F5F5F5F5F5F5F5F5F5F5F5F5F5F5F5F5F5F5F5F5F5F5F5F5F5F5F5F5F5F5F5F5F5F5F5F5F5F5F5F5F5F5F5F5F5F5F5F5F5F5F5F5F5E2F5F5F5E2E2E2F5F5F5E2F5F5F5F5F5F5F5F5F5F5
310
F5F5F5F5F5F5F5F5F5F5F5F5F5F5F5F5F5F5F5F5F5F5F5F5F5F5F5F5F5F5F5F5F5F5F5F5F5F5F5F5F5F5F5F5F5F5F5F5F5F5F5F5F5F5F5F5F5F5F5F5F5F5F5F5F5F5F5F5F5F5F5F5F5F5F5F5F5F5F5F5F5F5F5F5F5F5F5F5F5F5F5F5F5F5F5F5F5F5F5F5F5F5F5F5F5F5F5F5F5F5F5F5F5F5F5F5F5F5F5F5F5F5F5F5F5F5F5
310
F5F5F5F5F5F5F5F5F5F5F5F5F5F5F5F5F5F5F5F5F5F5F5F5F5F5F5F5F5F5F5F5E2F5F5F5E2E2E2F5F5F5E2F5F5F5F5F5F5F5F5F5F5F5F5F5F5F5F5F5F5F5F5F5F5F5F5F5F5F5F5F5F5F5F5F5F5F5F5F5F5F5F5F5F5F5F5F5F5F5F5F5F5F5F5F5F5F5F5F5F5F5F5F5F5F5F5F5F5F5F5F5F5F5F5F5F5F5F5F5F5F5F5F5F5F5F5
310
F5F5F5F5F5F5F5F5F5F5F5F5F5F5F5F5F5F5F5F5F5F5F5F5F5F5F5F5F5F5F5F5F5F5F5F5F5F5F5F5F5F5F5F5F5F5F5F5F5F5F5F5F5F5F5F5F5F5F5F5F5F5F5F5F5F5F5F5F5F5F5F5F5F5F5F5F5F5F5F5F5F5F5F5F5E2F5F5F5E2E2E2F5F5F5E2F5F5F5F5F5F5F5F5F5F5F5F5F5F5F5F5F5F5F5F5F5F5F5F5F5F5F5F5F5F5F5
310
F5F5F5F5F5F5F5F5F5F5F5F5F5F5F5F5F5F5F5F5F5F5F5F5F5F5F5F5F5F5F5F5F5F5F5F5F5F5F5F5F5F5F5F5F5F5F5F5F5F5F5F5F5F5F5F5F5F5F5F5F5F5F5F5F5F5F5F5F5F5F5F5F5F5F5F5F5F5F5F5F5F5F5F5F5F5F5F5F5F5F5F5F5F5F5F5F5F5F5F5F5F5F5F5F5F5F5F5F5F5F5F5F5F5F5F5F5F5F5F5F5F5F5F5F5F5F5
310
F5F5F5F5F5F5F5F5F5F5F5E2F5F5F5E2E2E2F5F5F5E2F5F5F5F5F5F5F5F5F5F5F5F5F5F5F5F5F5F5F5F5F5F5F5F5F5F5F5F5F5F5F5F5F5F5F5F5F5F5F5F5F5F5F5F5F5F5F5F5F5F5F5F5F5F5F5F5F5F5F5F5F5F5F5F5F5F5F5F5F5F5F5F5F5F5F5F5F5F5F5F5F5F5F5F5F5F5F5F5F5F5F5F5F5F5F5F5F5F5F5F5F5F5F5F5F5
310
F5F5F5F5F5F5F5F5F5F5F5F5F5F5F5F5F5F5F5F5F5F5F5F5F5F5F5F5F5F5F5F5F5F5F5F5F5F5F5F5F5F5F5F5F5F5F5F5F5F5F5F5F5F5F5F5F5F5F5F5F5F5F5F5E2F5F5F5E2E2E2F5F5F5E2F5F5F5F5F5F5F5F5F5F5F5F5F5F5F5F5F5F5F5F5F5F5F5F5F5F5F5F5F5F5F5F5F5F5F5F5F5F5F5F5F5F5F5F5F5F5F5F5F5F5F5F5
310
F5F5F5F5F5F5F5F5F5F5F5F5F5F5F5F5F5F5F5F5F5F5F5F5F5F5F5F5F5F5F5F5F5F5F5F5F5F5F5F5F5F5F5F5F5F5F5F5F5F5F5F5F5F5F5F5F5F5F5F5F5F5F5F5F5F5F5F5F5F5F5F5F5F5F5F5F5F5F5F5F5F5F5F5F5F5F5F5F5F5F5F5F5F5F5F5F5F5F5F5F5F5F5F5F5F5F5F5F5F5F5F5F5F5F5F5F5E2F5F5F5E2E2E2F5F5F5
310
E2F5F5F5F5F5F5F5F5F5F5F5F5F5F5F5F5F5F5F5F5F5F5F5F5F5F5F5F5F5F5F5F5F5F5F5F5F5F5F5F5F5F5F5F5F5F5F5F5F5F5F5F5F5F5F5F5F5F5F5F5F5F5F5F5F5F5F5F5F5F5F5F5F5F5F5F5F5F5F5F5F5F5F5F5F5F5F5F5F5F5F5F5F5F5F5F5F5F5F5F5F5F5F5F5F5F5F5F5F5F5F5F5F5F5F5F5F5F5F5F5F5F5F5F5F5F5
310
F5F5F5F5F5F5F5F5F5F5F5F5F5F5F5F5F5F5F5F5F5F5F5F5F5F5F5F5F5F5F5F5F5F5F5F5F5F5F5F5F5F5F5E2F5F5F5E2E2E2F5F5F5E2F5F5F5F5F5F5F5F5F5F5F5F5F5F5F5F5F5F5F5F5F5F5F5F5F5F5F5F5F5F5F5F5F5F5F5F5F5F5F5F5F5F5F5F5F5F5F5F5F5F5F5F5F5F5F5F5F5F5F5F5F5F5F5F5F5F5F5F5F5F5F5F5F5
310
F5F5F5F5F5F5F5F5F5F5F5F5F5F5F5F5F5F5F5F5F5F5F5F5F5F5F5F5F5F5F5F5F5F5F5F5F5F5F5F5F5F5F5F5F5F5F5F5F5F5F5F5F5F5F5F5F5F5F5F5F5F5F5F5F5F5F5F5F5F5F5F5F5F5F5F5F5F5F5F5F5F5F5F5F5F5F5F5F5F5F5F5F5F5F5F5E2F5F5F5E2E2E2F5F5F5F5F5F5F5F5F5F5F5F5F5F5F5F5F5F5F5F5F5F5F5F5
310
F5F5F5F5F5F5F5F5F5F5F5F5F5F5F5F5F5F5F5F5F5F5F5F5F5F5F5F5F5F5F5F5F5F5F5F5F5F5F5F5F5F5F5F5F5F5F5F5F5F5F5F5F5F5F5F5F5F5F5F5F5F5F5F5F5F5F5F5F5F5F5F5F5F5F5F5F5F5F5F5F5F5F5F5F5F5F5F5F5F5F5F5F5F5F5F5F5F5F5F5F5F5F5F5F5F5F5F5F5F5F5F5F5F5F5F5F5F5F5F5F5F5F5F5F5F5F5
310
F5F5F5F5F5F5F5F5F5F5F5F5F5F5F5F5F5F5F5F5F5F5F5F5F5F5E2E2E2F5F5F5F5F5F5F5F5F5F5F5F5F5F5F5F5F5F5F5F5F5F5F5F5F5F5F5F5F5F5F5F5F5F5F5F5F5F5F5F5F5F5F5F5F5F5F5F5F5F5F5F5F5F5F5F5F5F5F5F5F5F5F5F5F5F5F5F5F5F5F5F5F5F5F5F5F5F5F5F5F5F5F5F5F5F5F5F5F5F5F5F5F5F5F5F5F5F5
310
F5F5F5F5F5F5F5F5F5F5F5F5F5F5F5F5F5F5F5F5F5F5F5F5F5F5F5F5F5F5F5F5F5F5F5F5F5F5F5F5F5F5F5F5F5F5F5F5F5F5F5F5F5F5F5F5F5F5F5F5F5F5F5F5F5F5F5F5F5F5F5F5F5F5F5F5F5F5F5E2E2E2F5F5F5F5F5F5F5F5F5F5F5F5F5F5F5F5F5F5F5F5F5F5F5F5F5F5F5F5F5F5F5F5F5F5F5F5F5F5F5F5F5F5F5F5F5
310
F5F5F5F5F5F5F5F5F5F5F5F5F5F5F5F5F5F5F5F5F5F5F5F5F5F5F5F5F5F5F5F5F5F5F5F5F5F5F5F5F5F5F5F5F5F5F5F5F5F5F5F5F5F5F5F5F5F5F5F5F5F5F5F5F5F5F5F5F5F5F5F5F5F5F5F5F5F5F5F5F5F5F5F5F5F5F5F5F5F5F5F5F5F5F5F5F5F5F5F5F5F5F5F5F5F5F5F5F5F5F5F5F5F5F5F5F5F5F5F5F5F5F5F5F5F5F5
310
F5F5F5F5F5E2E2E2F5F5F5F5F5F5F5F5F5F5F5F5F5F5F5F5F5F5F5F5F5F5F5F5F5F5F5F5F5F5F5F5F5F5F5F5F5F5F5F5F5F5F5F5F5F5F5F5F5F5F5F5F5F5F5F5F5F5F5F5F5F5F5F5F5F5F5F5F5F5F5F5F5F5F5F5F5F5F5F5F5F5F5F5F5F5F5F5F5F5F5F5F5F5F5F5F5F5F5F5F5F5F5F5F5F5F5F5F5F5F5F5F5F5F5F5F5F5F5
310
F5F5F5F5F5F5F5F5F5F5F5F5F5F5F5F5F5F5F5F5F5F5F5F5F5F5F5F5F5F5F5F5F5F5F5F5F5F5F5F5F5F5F5F5F5F5F5F5F5F5F5F5F5F5F5F5F5F5E2E2E2F5F5F5F5F5F5F5F5F5F5F5F5F5F5F5F5F5F5F5F52D2D2D2D2D2D2D2D2D2D2D2D2D2D2D2D2D2D2D2D2D2D2D2D2D2D2D2D2D2D2D2D2D2D2D2D2D2D2D2D2D2D2D2D2D2D
310
2D2D2D2D2D2D2D2D2D2D2D2D2D2D2D2D2D2D2D2D2D2D2D2D2D2D2D2D2D2D2D2D2D2D2D2D2D2D2D2D2D2D2D2D2D2D2D2D2D2D2D2D2D2D2D2D2D2D2D2D2D2D2D2D2D2D2D2D2D2D2D2D2D2D2D2D2D2D2D2D2D2D2D2D2D2D2D2D2D2D2DF5F5F5F5F5F5F5F5F5F5F5F5F5F5F5F5F5F5F5F5E2E2E2F5F5F5F5F5F5F5F5F5F5F5F5F5
310
F5F5F5F5F5F5F52DF5F5F5F5F5F5F5F5F5F5F5F5F5F5F5F5F5F5F5F5F5F5F5F5F5F5F5F5F5F5F5F5F5F5F5F5F5F5F5F5F5F5F5F5F5F5F5F5F5F5F5F5F5F5F5F5F5F5F5F5F5F5F5F5F5F5F5F5F5F5F5F5F5F5F5F5F5F5F5F5F5F5F5F5F5F5F5F5F5F5F5F5F5F5F5F5F5F5F5F5F5F5F5F5F5F5F5F5F5F5F5F5F5F5F5F5F5F5F5
310
F5F5F5F5F5F5F5F5F5F5F5F5F5F5F5F52DF5F5F5F5F5F5F5F5F5F5F5F5F5F5F5F5F5F5F5F5E2E2E2F5F5F5F5F5F5F5F5F5F5F5F5F5F5F5F5F5F5F5F52DF5F5F5F5F5F5F5F5F5F5F5F5F5F5F5F5F5F5F5F5F5F5F5F5F5F5F5F5F5F5F5F5F5F5F5F5F5F5F5F5F5F5F5F5F5F5F5F5F5F5F5F5F5F5F5F5F5F5F5F5F5F5F5F5F5F5
310
F5F5F5F5F5F5F5F5F5F5F5F5F5F5F5F5F5F5F5F5F5F5F5F5F5F5F5F5F5F5F5F5F5F5F5F5F5F5F5F5F5F5F5F5F5F5F5F5F5F5F5F5F5F5F5F5F5F5F5F5F5F5F5F5F5F5F5F5F52DF5F5F5F5F5F5F5F5F5F5F5F5F5F5F5F5F5F5F5F5E2E2E2F5F5F5F5F5F5F5F5F5F5F5F5F5F5F5F5F5F5F5F52DF5F5F5F5F5F5F5F5F5F5F5F5F5
310
F5F5F5F5F5F5F5F5F5F5F5F5F5F5F5F5F5F5F5F5F5F5F5F5F5F5F5F5F5F5F5F5F5F5F5F5F5F5F5F5F5F5F5F5F5F5F5F5F5F5F5F5F5F5F5F5F5F5F5F5F5F5F5F5F5F5F5F5F5F5F5F5F5F5F5F5F5F5F5F5F5F5F5F5F5F5F5F5F5F5F5F5F5F5F5F5F5F5F5F5F5F5F5F5F5F5F5F5F5F5F5F5F5F5F5F5F5F5F5F5F5F52DF5F5F5F5
310
F5F5F5F5F5F5F5F5F5F5F5F5F5F5F5F5E2E2E2F5F5F5F5F5F5F5F5F5F5F5F5F5F5F5F5F5F5F5F52DF5F5F5F5F5F5F5F5F5F5F5F5F5F5F5F5F5F5F5F5F5F5F5F5F5F5F5F5F5F5F5F5F5F5F5F5F5F5F5F5F5F5F5F5F5F5F5F5F5F5F5F5F5F5F5F5F5F5F5F5F5F5F5F5F5F5F5F5F5F5F5F5F5F5F5F5F5F5F5F5F5F5F5F5F5F5F5
310
F5F5F5F5F5F5F5F5F5F5F5F5F5F5F5F5F5F5F5F5F5F5F5F5F5F5F5F5F5F5F5F5F5F5F5F5F5F5F5F5F5F5F5F5F5F5F5F52DF5F5F5F5F5F5F5F5F5F5F5F5F5F5F5F5F5F5F5F5E2E2E2F5F5F5E2F5F5F5F5F5F5F5F5F5F5F5F5F5F5F5F52DF5F5F5F5F5F5F5F5F5F5F5F5F5F5F5F5F5F5F5F5F5F5F5F5F5F5F5F5F5F5F5F5F5F5
310
F5F5F5F5F5F5F5F5F5F5F5F5F5F5F5F5F5F5F5F5F5F5F5F5F5F5F5F5F5F5F5F5F5F5F5F5F5F5F5F5F5F5F5F5F5F5F5F5F5F5F5F5F5F5F5F5F5F5F5F5F5F5F5F5F5F5F5F5F5F5F5F5F5F5F5F5F5F5F5F5F5F5F5F5F5F5F5F5F5F5F5F5F5F5F5F5F5F5F5F5F52DF5F5F5F5F5F5F5F5F5F5F5F5F5F5F5F5E2F5F5F5E2E2E2F5F5
310
F5E2F5F5F5F5F5F5F5F5F5F5F5F5F5F5F5F52DF5F5F5F5F5F5F5F5F5F5F5F5F5F5F5F5F5F5F5F5F5F5F5F5F5F5F5F5F5F5F5F5F5F5F5F5F5F5F5F5F5F5F5F5F5F5F5F5F5F5F5F5F5F5F5F5F5F5F5F5F5F5F5F5F5F5F5F5F5F5F5F5F5F5F5F5F5F5F5F5F5F5F5F5F5F5F5F5F5F5F5F5F5F5F5F5F5F5F5F5F5F5F5F5F5F5F5F5
310
F5F5F5F5F5F5F5F5F5F5F5F5F5F5F5F5F5F5F5F5F5F5F5F5F5F5F52DF5F5F5F5F5F5F5F5F5F5F5F5F5F5F5F5E2F5F5F5E2E2E2F5F5F5E2F5F5F5F5F5F5F5F5F5F5F5F5F5F5F5F52DF5F5F5F5F5F5F5F5F5F5F5F5F5F5F5F5F5F5F5F5F5F5F5F5F5F5F5F5F5F5F5F5F5F5F5F5F5F5F5F5F5F5F5F5F5F5F5F5F5F5F5F5F5F5F5
310
F5F5F5F5F5F5F5F5F5F5F5F5F5F5F5F5F5F5F5F5F5F5F5F5F5F5F5F5F5F5F5F5F5F5F5F5F5F5F5F5F5F5F5F5F5F5F5F5F5F5F5F5F5F5F5F5F5F5F5F5F5F5F5F5F5F5F5F5F5F5F5F5F5F5F5F5F5F5F5F52DF5F5F5F5F5F5F5F5F5F5F5F5F5F5F5F5E2F5F5F5E2E2E2F5F5F5E2F5F5F5F5F5F5F5F5F5F5F5F5F5F5F5F52DF5F5
310
F5F5F5F5F5F5F5F5F5F5F5F5F5F5F5F5F5F5F5F5F5F5F5F5F5F5F5F5F5F5F5F5F5F5F5F5F5F5F5F5F5F5F5F5F5F5F5F5F5F5F5F5F5F5F5F5F5F5F5F5F5F5F5F5F5F5F5F5F5F5F5F5F5F5F5F5F5F5F5F5F5F5F5F5F5F5F5F5F5F5F5F5F5F5F5F5F5F5F5F5F5F5F5F5F5F5F5F5F5F5F5F5F5F5F5F5F5F5F5F5F5F5F5F5F5F5F5
310
F5F5F5F5F5F52DF5F5F5F5F5F5F5F5F5F5F5F5F5F5F5F5E2F5F5F5E2E2E2F5F5F5E2F5F5F5F5F5F5F5F5F5F5F5F5F5F5F5F52DF5F5F5F5F5F5F5F5F5F5F5F5F5F5F5F5F5F5F5F5F5F5F5F5F5F5F5F5F5F5F5F5F5F5F5F5F5F5F5F5F5F5F5F5F5F5F5F5F5F5F5F5F5F5F5F5F5F5F5F5F5F5F5F5F5F5F5F5F5F5F5F5F5F5F5F5
310
F5F5F5F5F5F5F5F5F5F5F5F5F5F5F5F5F5F5F5F5F5F5F5F5F5F5F5F5F5F5F5F5F5F5F5F5F5F5F5F5F5F5F5F5F5F5F5F5F5F5F5F5F5F5F5F5F5F5F52DF5F5F5F5F5F5F5F5F5F5F5F5F5F5F5F5E2F5F5F5E2E2E2F5F5F5E2F5F5F5F5F5F5F5F5F5F5F5F5F5F5F5F52DF5F5F5F5F5F5F5F5F5F5F5F5F5F5F5F5F5F5F5F5F5F5F5
310
F5F5F5F5F5F5F5F5F5F5F5F5F5F5F5F5F5F5F5F5F5F5F5F5F5F5F5F5F5F5F5F5F5F5F5F5F5F5F5F5F5F5F5F5F5F5F5F5F5F5F5F5F5F5F5F5F5F5F5F5F5F5F5F5F5F5F5F5F5F5F5F5F5F5F5F5F5F5F5F5F5F5F5F5F5F5F5F5F5F5F5F5F5F5F5F5F5F5F5F5F5F5F5F5F5F5F5F5F5F5F5F52DF5F5F5F5F5F5F5F5F5F5F5F5F5F5
310
F5F5E2F5F5F5E2E2E2F5F5F5E2F5F5F5F5F5F5F5F5F5F5F5F5F5F5F5F52DF5F5F5F5F5F5F5F5F5F5F5F5F5F5F5F5F5F5F5F5F5F5F5F5F5F5F5F5F5F5F5F5F5F5F5F5F5F5F5F5F5F5F5F5F5F5F5F5F5F5F5F5F5F5F5F5F5F5F5F5F5F5F5F5F5F5F5F5F5F5F5F5F5F5F5F5F5F5F5F5F5F5F5F5F5F5F5F5F5F5F5F5F5F5F5F5F5
310
F5F5F5F5F5F5F5F5F5F5F5F5F5F5F5F5F5F5F5F5F5F5F5F5F5F5F5F5F5F5F5F5F5F5F5F5F5F52DF5F5F5F5F5F5F5F5F5F5F5F5F5F5F5F5E2F5F5F5E2E2E2F5F5F5E2F5F5F5F5F5F5F5F5F5F5F5F5F5F5F5F52DF5F5F5F5F5F5F5F5F5F5F5F5F5F5F5F5F5F5F5F5F5F5F5F5F5F5F5F5F5F5F5F5F5F5F5F5F5F5F5F5F5F5F5F5
310
F5F5F5F5F5F5F5F5F5F5F5F5F5F5F5F5F5F5F5F5F5F5F5F5F5F5F5F5F5F5F5F5F5F5F5F5F5F5F5F5F5F5F5F5F5F5F5F5F5F5F5F5F5F5F5F5F5F5F5F5F5F5F5F5F5F5F5F5F5F5F5F5F5F5F5F5F5F5F5F5F5F5F5F5F5F5F5F5F5F5F52DF5F5F5F5F5F5F5F5F5F5F5F5F5F5F5F5E2F5F5F5E2E2E2F5F5F5E2F5F5F5F5F5F5F5F5
310
F5F5F5F5F5F5F5F52DF5F5F5F5F5F5F5F5F5F5F5F5F5F5F5F5F5F5F5F5F5F5F5F5F5F5F5F5F5F5F5F5F5F5F5F5F5F5F5F5F5F5F5F5F5F5F5F5F5F5F5F5F5F5F5F5F5F5F5F5F5F5F5F5F5F5F5F5F5F5F5F5F5F5F5F5F5F5F5F5F5F5F5F5F5F5F5F5F5F5F5F5F5F5F5F5F5F5F5F5F5F5F5F5F5F5F5F5F5F5F5F5F5F5F5F5F5F5
310
F5F5F5F5F5F5F5F5F5F5F5F5F5F5F5F5F52DF5F5F5F5F5F5F5F5F5F5F5F5F5F5F5F5E2F5F5F5E2E2E2F5F5F5E2F5F5F5F5F5F5F5F5F5F5F5F5F5F5F5F52DF5F5F5F5F5F5F5F5F5F5F5F5F5F5F5F5F5F5F5F5F5F5F5F5F5F5F5F5F5F5F5F5F5F5F5F5F5F5F5F5F5F5F5F5F5F5F5F5F5F5F5F5F5F5F5F5F5F5F5F5F5F5F5F5F5
310
F5F5F5F5F5F5F5F5F5F5F5F5F5F5F5F5F5F5F5F5F5F5F5F5F5F5F5F5F5F5F5F5F5F5F5F5F5F5F5F5F5F5F5F5F5F5F5F5F5F5F5F5F5F5F5F5F5F5F5F5F5F5F5F5F5F5F5F5F5F52DF5F5F5F5F5F5F5F5F5F5F5F5F5F5F5F5E2F5F5F5E2E2E2F5F5F5E2F5F5F5F5F5F5F5F5F5F5F5F5F5F5F5F52DF5F5F5F5F5F5F5F5F5F5F5F5
310
F5F5F5F5F5F5F5F5F5F5F5F5F5F5F5F5F5F5F5F5F5F5F5F5F5F5F5F5F5F5F5F5F5F5F5F5F5F5F5F5F5F5F5F5F5F5F5F5F5F5F5F5F5F5F5F5F5F5F5F5F5F5F5F5F5F5F5F5F5F5F5F5F5F5F5F5F5F5F5F5F5F5F5F5F5F5F5F5F5F5F5F5F5F5F5F5F5F5F5F5F5F5F5F5F5F5F5F5F5F5F5F5F5F5F5F5F5F5F5F5F5F5F52DF5F5F5
310
F5F5F5F5F5F5F5F5F5F5F5F5F5E2F5F5F5E2E2E2F5F5F5E2F5F5F5F5F5F5F5F5F5F5F5F5F5F5F5F52DF5F5F5F5F5F5F5F5F5F5F5F5F5F5F5F5F5F5F5F5F5F5F5F5F5F5F5F5F5F5F5F5F5F5F5F5F5F5F5F5F5F5F5F5F5F5F5F5F5F5F5F5F5F5F5F5F5F5F5F5F5F5F5F5F5F5F5F5F5F5F5F5F5F5F5F5F5F5F5F5F5F5F5F5F5F5
310
F5F5F5F5F5F5F5F5F5F5F5F5F5F5F5F5F5F5F5F5F5F5F5F5F5F5F5F5F5F5F5F5F5F5F5F5F5F5F5F5F5F5F5F5F5F5F5F5F52DF5F5F5F5F5F5F5F5F5F5F5F5F5F5F5F5E2F5F5F5E2E2E2F5F5F5E2F5F5F5F5F5F5F5F5F5F5F5F5F5F5F5F52DF5F5F5F5F5F5F5F5F5F5F5F5F5F5F5F5F5F5F5F5F5F5F5F5F5F5F5F5F5F5F5F5F5
310
F5F5F5F5F5F5F5F5F5F5F5F5F5F5F5F5F5F5F5F5F5F5F5F5F5F5F5F5F5F5F5F5F5F5F5F5F5F5F5F5F5F5F5F5F5F5F5F5F5F5F5F5F5F5F5F5F5F5F5F5F5F5F5F5F5F5F5F5F5F5F5F5F5F5F5F5F5F5F5F5F5F5F5F5F5F5F5F5F5F5F5F5F5F5F5F5F5F5F5F5F5F52DF5F5F5F5F5F5F5F5F5F5F5F5F5F5F5F5E2F5F5F5E2E2E2F5
310
F5F5E2F5F5F5F5F5F5F5F5F5F5F5F5F5F5F5F52DF5F5F5F5F5F5F5F5F5F5F5F5F5F5F5F5F5F5F5F5F5F5F5F5F5F5F5F5F5F5F5F5F5F5F5F5F5F5F5F5F5F5F5F5F5F5F5F5F5F5F5F5F5F5F5F5F5F5F5F5F5F5F5F5F5F5F5F5F5F5F5F5F5F5F5F5F5F5F5F5F5F5F5F5F5F5F5F5F5F5F5F5F5F5F5F5F5F5F5F5F5F5F5F5F5F5F5
310
F5F5F5F5F5F5F5F5F5F5F5F5F5F5F5F5F5F5F5F5F5F5F5F5F5F5F5F52DF5F5F5F5F5F5F5F5F5F5F5F5F5F5F5F5E2F5F5F5E2E2E2F5F5F5E2F5F5F5F5F5F5F5F5F5F5F5F5F5F5F5F52DF5F5F5F5F5F5F5F5F5F5F5F5F5F5F5F5F5F5F5F5F5F5F5F5F5F5F5F5F5F5F5F5F5F5F5F5F5F5F5F5F5F5F5F5F5F5F5F5F5F5F5F5F5F5
310
F5F5F5F5F5F5F5F5F5F5F5F5F5F5F5F5F5F5F5F5F5F5F5F5F5F5F5F5F5F5F5F5F5F5F5F5F5F5F5F5F5F5F5F5F5F5F5F5F5F5F5F5F5F5F5F5F5F5F5F5F5F5F5F5F5F5F5F5F5F5F5F5F5F5F5F5F5F5F5F5F52DF5F5F5F5F5F5F5F5F5F5F5F5F5F5F5F5E2F5F5F5E2E2E2F5F5F5E2F5F5F5F5F5F5F5F5F5F5F5F5F5F5F5F52DF5
310
F5F5F5F5F5F5F5F5F5F5F5F5F5F5F5F5F5F5F5F5F5F5F5F5F5F5F5F5F5F5F5F5F5F5F5F5F5F5F5F5F5F5F5F5F5F5F5F5F5F5F5F5F5F5F5F5F5F5F5F5F5F5F5F5F5F5F5F5F5F5F5F5F5F5F5F5F5F5F5F5F5F5F5F5F5F5F5F5F5F5F5F5F5F5F5F5F5F5F5F5F5F5F5F5F5F5F5F5F5F5F5F5F5F5F5F5F5F5F5F5F5F5F5F5F5F5F5
310
F5F5F5F5F5F5F52DF5F5F5F5F5F5F5F5F5F5F5F5F5F5F5F5E2F5F5F5E2E2E2F5F5F5E2F5F5F5F5F5F5F5F5F5F5F5F5F5F5F5F52DF5F5F5F5F5F5F5F5F5F5F5F5F5F5F5F5F5F5F5F5F5F5F5F5F5F5F5F5F5F5F5F5F5F5F5F5F5F5F5F5F5F5F5F5F5F5F5F5F5F5F5F5F5F5F5F5F5F5F5F5F5F5F5F5F5F5F5F5F5F5F5F5F5F5F5
310
F5F5F5F5F5F5F5F5F5F5F5F5F5F5F5F5F5F5F5F5F5F5F5F5F5F5F5F5F5F5F5F5F5F5F5F5F5F5F5F5F5F5F5F5F5F5F5F5F5F5F5F5F5F5F5F5F5F5F5F52DF5F5F5F5F5F5F5F5F5F5F5F5F5F5F5F5E2F5F5F5E2E2E2F5F5F5F5F5F5F5F5F5F5F5F5F5F5F5F5F5F5F5F52DF5F5F5F5F5F5F5F5F5F5F5F5F5F5F5F5F5F5F5F5F5F5
310
F5F5F5F5F5F5F5F5F5F5F5F5F5F5F5F5F5F5F5F5F5F5F5F5F5F5F5F5F5F5F5F5F5F5F5F5F5F5F5F5F5F5F5F5F5F5F5F5F5F5F5F5F5F5F5F5F5F5F5F5F5F5F5F5F5F5F5F5F5F5F5F5F5F5F5F5F5F5F5F5F5F5F5F5F5F5F5F5F5F5F5F5F5F5F5F5F5F5F5F5F5F5F5F5F5F5F5F5F5F5F5F5F52DF5F5F5F5F5F5F5F5F5F5F5F5F5
310
F5F5F5F5F5F5F5E2E2E2F5F5F5F5F5F5F5F5F5F5F5F5F5F5F5F5F5F5F5F52DF5F5F5F5F5F5F5F5F5F5F5F5F5F5F5F5F5F5F5F5F5F5F5F5F5F5F5F5F5F5F5F5F5F5F5F5F5F5F5F5F5F5F5F5F5F5F5F5F5F5F5F5F5F5F5F5F5F5F5F5F5F5F5F5F5F5F5F5F5F5F5F5F5F5F5F5F5F5F5F5F5F5F5F5F5F5F5F5F5F5F5F5F5F5F5F5
310
F5F5F5F5F5F5F5F5F5F5F5F5F5F5F5F5F5F5F5F5F5F5F5F5F5F5F5F5F5F5F5F5F5F5F5F5F5F5F52DF5F5F5F5F5F5F5F5F5F5F5F5F5F5F5F5F5F5F5F5E2E2E2F5F5F5F5F5F5F5F5F5F5F5F5F5F5F5F5F5F5F5F52DF5F5F5F5F5F5F5F5F5F5F5F5F5F5F5F5F5F5F5F5F5F5F5F5F5F5F5F5F5F5F5F5F5F5F5F5F5F5F5F5F5F5F5
310
F5F5F5F5F5F5F5F5F5F5F5F5F5F5F5F5F5F5F5F5F5F5F5F5F5F5F5F5F5F5F5F5F5F5F5F5F5F5F5F5F5F5F5F5F5F5F5F5F5F5F5F5F5F5F5F5F5F5F5F5F5F5F5F5F5F5F5F5F5F5F5F5F5F5F5F5F5F5F5F5F5F5F5F5F5F5F5F5F5F5F5F52DF5F5F5F5F5F5F5F5F5F5F5F5F5F5F5F5F5F5F5F5E2E2E2F5F5F5F5F5F5F5F5F5F5F5
310
F5F5F5F5F5F5F5F5F52DF5F5F5F5F5F5F5F5F5F5F5F5F5F5F5F5F5F5F5F5F5F5F5F5F5F5F5F5F5F5F5F5F5F5F5F5F5F5F5F5F5F5F5F5F5F5F5F5F5F5F5F5F5F5F5F5F5F5F5F5F5F5F5F5F5F5F5F5F5F5F5F5F5F5F5F5F5F5F5F5F5F5F5F5F5F5F5F5F5F5F5F5F5F5F5F5F5F5F5F5F5F5F5F5F5F5F5F5F5F5F5F5F5F5F5F5F5
310
F5F5F5F5F5F5F5F5F5F5F5F5F5F5F5F5F5F52DF5F5F5F5F5F5F5F5F5F5F5F5F5F5F5F5F5F5F5F5E2E2E2F5F5F5F5F5F5F5F5F5F5F5F5F5F5F5F5F5F5F5F52DF5F5F5F5F5F5F5F5F5F5F5F5F5F5F5F5F5F5F5F5F5F5F5F5F5F5F5F5F5F5F5F5F5F5F5F5F5F5F5F5F5F5F5F5F5F5F5F5F5F5F5F5F5F5F5F5F5F5F5F5F5F5F5F5
310
F5F5F5F5F5F5F5F5F5F5F5F5F5F5F5F5F5F5F5F5F5F5F5F5F5F5F5F5F5F5F5F5F5F5F5F5F5F5F5F5F5F5F5F5F5F5F5F5F5F5F5F5F5F5F5F5F5F5F5F5F5F5F5F5F5F5F5F5F5F5F52DF5F5F5F5F5F5F5F5F5F5F5F5F5F5F5F5F5F5F5F5E2E2E2F5F5F5F5F5F5F5F5F5F5F5F5F5F5F5F5F5F5F5F52DF5F5F5F5F5F5F5F5F5F5F5
310
F5F5F5F5F5F5F5F5F5F5F5F5F5F5F5F5F5F5F5F5F5F5F5F5F5F5F5F5F5F5F5F5F5F5F5F5F5F5F5F5F5F5F5F5F5F5F5F5F5F5F5F5F5F5F5F5F5F5F5F5F5F5F5F5F5F5F5F5F5F5F5F5F5F5F5F5F5F5F5F5F5F5F5F5F5F5F5F5F5F5F5F5F5F5F5F5F5F5F5F5F5F5F5F5F5F5F5F5F5F5F5F5F5F5F5F5F5F5F5F5F5F5F5F52DF5F5
310
F5F5F5F5F5F5F5F5F5F5F5F5F5F5F5F5F5F5E2E2E2F5F5F5F5F5F5F5F5F5F5F5F5F5F5F5F5F5F5F5F52DF5F5F5F5F5F5F5F5F5F5F5F5F5F5F5F5F5F5F5F5F5F5F5F5F5F5F5F5F5F5F5F5F5F5F5F5F5F5F5F5F5F5F5F5F5F5F5F5F5F5F5F5F5F5F5F5F5F5F5F5F5F5F5F5F5F5F5F5F5F5F5F5F5F5F5F5F5F5F5F5F5F5F5F5F5
310
F5F5F5F5F5F5F5F5F5F5F5F5F5F5F5F5F5F5F5F5F5F5F5F5F5F5F5F5F5F5F5F5F5F5F5F5F5F5F5F5F5F5F5F5F5F5F5F5F5F52DF5F5F5F5F5F5F5F5F5F5F5F5F5F5F5F5F5F5F5F5E2E2E2F5F5F5F5F5F5F5F5F5F5F5F5F5F5F5F5F5F5F5F52DF5F5F5F5F5F5F5F5F5F5F5F5F5F5F5F5F5F5F5F5F5F5F5F5F5F5F5F5F5F5F5F5
310
F5F5F5F5F5F5F5F5F5F5F5F5F5F5F5F5F5F5F5F5F5F5F5F5F5F5F5F5F5F5F5F5F5F5F5F5F5F5F5F5F5F5F5F5F5F5F5F5F5F5F5F5F5F5F5F5F5F5F5F5F5F5F5F5F5F5F5F5F5F5F5F5F5F5F5F5F5F5F5F5F5F5F5F5F5F5F5F5F5F5F5F5F5F5F5F5F5F5F5F5F5F5F52DF5F5F5F5F5F5F5F5F5F5F5F5F5F5F5F5F5F5F5F5E2E2E2
310
F5F5F5F5F5F5F5F5F5F5F5F5F5F5F5F5F5F5F5F52DF5F5F5F5F5F5F5F5F5F5F5F5F5F5F5F5F5F5F5F5F5F5F5F5F5F5F5F5F5F5F5F5F5F5F5F5F5F5F5F5F5F5F5F5F5F5F5F5F5F5F5F5F5F5F5F5F5F5F5F5F5F5F5F5F5F5F5F5F5F5F5F5F5F5F5F5F5F5F5F5F5F5F5F5F5F5F5F5F5F5F5F5F5F5F5F5F5F5F5F5F5F5F5F5F5F5
310
F5F5F5F5F5F5F5F5F5F5F5F5F5F5F5F5F5F5F5F5F5F5F5F5F5F5F5F5F52DF5F5F5F5F5F5F5F5F5F5F5F5F5F5F5F5F5F5F5F5E2E2E2F5F5F5E2F5F5F5F5F5F5F5F5F5F5F5F5F5F5F5F52DF5F5F5F5F5F5F5F5F5F5F5F5F5F5F5F5F5F5F5F5F5F5F5F5F5F5F5F5F5F5F5F5F5F5F5F5F5F5F5F5F5F5F5F5F5F5F5F5F5F5F5F5F5
310
F5F5F5F5F5F5F5F5F5F5F5F5F5F5F5F5F5F5F5F5F5F5F5F5F5F5F5F5F5F5F5F5F5F5F5F5F5F5F5F5F5F5F5F5F5F5F5F5F5F5F5F5F5F5F5F5F5F5F5F5F5F5F5F5F5F5F5F5F5F5F5F5F5F5F5F5F5F5F5F5F5F52DF5F5F5F5F5F5F5F5F5F5F5F5F5F5F5F5E2F5F5F5E2E2E2F5F5F5E2F5F5F5F5F5F5F5F5F5F5F5F5F5F5F5F52D
310
F5F5F5F5F5F5F5F5F5F5F5F5F5F5F5F5F5F5F5F5F5F5F5F5F5F5F5F5F5F5F5F5F5F5F5F5F5F5F5F5F5F5F5F5F5F5F5F5F5F5F5F5F5F5F5F5F5F5F5F5F5F5F5F5F5F5F5F5F5F5F5F5F5F5F5F5F5F5F5F5F5F5F5F5F5F5F5F5F5F5F5F5F5F5F5F5F5F5F5F5F5F5F5F5F5F5F5F5F5F5F5F5F5F5F5F5F5F5F5F5F5F5F5F5F5F5F5
310
F5F5F5F5F5F5F5F52DF5F5F5F5F5F5F5F5F5F5F5F5F5F5F5F5E2F5F5F5E2E2E2F5F5F5E2F5F5F5F5F5F5F5F5F5F5F5F5F5F5F5F52DF5F5F5F5F5F5F5F5F5F5F5F5F5F5F5F5F5F5F5F5F5F5F5F5F5F5F5F5F5F5F5F5F5F5F5F5F5F5F5F5F5F5F5F5F5F5F5F5F5F5F5F5F5F5F5F5F5F5F5F5F5F5F5F5F5F5F5F5F5F5F5F5F5F5
310
F5F5F5F5F5F5F5F5F5F5F5F5F5F5F5F5F5F5F5F5F5F5F5F5F5F5F5F5F5F5F5F5F5F5F5F5F5F5F5F5F5F5F5F5F5F5F5F5F5F5F5F5F5F5F5F5F5F5F5F5F52DF5F5F5F5F5F5F5F5F5F5F5F5F5F5F5F5E2F5F5F5E2E2E2F5F5F5E2F5F5F5F5F5F5F5F5F5F5F5F5F5F5F5F52DF5F5F5F5F5F5F5F5F5F5F5F5F5F5F5F5F5F5F5F5F5
310
F5F5F5F5F5F5F5F5F5F5F5F5F5F5F5F5F5F5F5F5F5F5F5F5F5F5F5F5F5F5F5F5F5F5F5F5F5F5F5F5F5F5F5F5F5F5F5F5F5F5F5F5F5F5F5F5F5F5F5F5F5F5F5F5F5F5F5F5F5F5F5F5F5F5F5F5F5F5F5F5F5F5F5F5F5F5F5F5F5F5F5F5F5F5F5F5F5F5F5F5F5F5F5F5F5F5F5F5F5F5F5F5F5F52DF5F5F5F5F5F5F5F5F5F5F5F5
310
F5F5F5F5E2F5F5F5E2E2E2F5F5F5E2F5F5F5F5F5F5F5F5F5F5F5F5F5F5F5F52DF5F5F5F5F5F5F5F5F5F5F5F5F5F5F5F5F5F5F5F5F5F5F5F5F5F5F5F5F5F5F5F5F5F5F5F5F5F5F5F5F5F5F5F5F5F5F5F5F5F5F5F5F5F5F5F5F5F5F5F5F5F5F5F5F5F5F5F5F5F5F5F5F5F5F5F5F5F5F5F5F5F5F5F5F5F5F5F5F5F5F5F5F5F5F5
310
F5F5F5F5F5F5F5F5F5F5F5F5F5F5F5F5F5F5F5F5F5F5F5F5F5F5F5F5F5F5F5F5F5F5F5F5F5F5F5F52DF5F5F5F5F5F5F5F5F5F5F5F5F5F5F5F5E2F5F5F5E2E2E2F5F5F5E2F5F5F5F5F5F5F5F5F5F5F5F5F5F5F5F52DF5F5F5F5F5F5F5F5F5F5F5F5F5F5F5F5F5F5F5F5F5F5F5F5F5F5F5F5F5F5F5F5F5F5F5F5F5F5F5F5F5F5
310
F5F5F5F5F5F5F5F5F5F5F5F5F5F5F5F5F5F5F5F5F5F5F5F5F5F5F5F5F5F5F5F5F5F5F5F5F5F5F5F5F5F5F5F5F5F5F5F5F5F5F5F5F5F5F5F5F5F5F5F5F5F5F5F5F5F5F5F5F5F5F5F5F5F5F5F5F5F5F5F5F5F5F5F5F5F5F5F5F5F5F5F5F52DF5F5F5F5F5F5F5F5F5F5F5F5F5F5F5F5E2F5F5F5E2E2E2F5F5F5E2F5F5F5F5F5F5
310
F5F5F5F5F5F5F5F5F5F52DF5F5F5F5F5F5F5F5F5F5F5F5F5F5F5F5F5F5F5F5F5F5F5F5F5F5F5F5F5F5F5F5F5F5F5F5F5F5F5F5F5F5F5F5F5F5F5F5F5F5F5F5F5F5F5F5F5F5F5F5F5F5F5F5F5F5F5F5F5F5F5F5F5F5F5F5F5F5F5F5F5F5F5F5F5F5F5F5F5F5F5F5F5F5F5F5F5F5F5F5F5F5F5F5F5F5F5F5F5F5F5F5F5F5F5F5
310
F5F5F5F5F5F5F5F5F5F5F5F5F5F5F5F5F5F5F52DF5F5F5F5F5F5F5F5F5F5F5F5F5F5F5F5E2F5F5F5E2E2E2F5F5F5E2F5F5F5F5F5F5F5F5F5F5F5F5F5F5F5F52DF5F5F5F5F5F5F5F5F5F5F5F5F5F5F5F5F5F5F5F5F5F5F5F5F5F5F5F5F5F5F5F5F5F5F5F5F5F5F5F5F5F5F5F5F5F5F5F5F5F5F5F5F5F5F5F5F5F5F5F5F5F5F5
310
F5F5F5F5F5F5F5F5F5F5F5F5F5F5F5F5F5F5F5F5F5F5F5F5F5F5F5F5F5F5F5F5F5F5F5F5F5F5F5F5F5F5F5F5F5F5F5F5F5F5F5F5F5F5F5F5F5F5F5F5F5F5F5F5F5F5F5F5F5F5F5F52DF5F5F5F5F5F5F5F5F5F5F5F5F5F5F5F5E2F5F5F5E2E2E2F5F5F5E2F5F5F5F5F5F5F5F5F5F5F5F5F5F5F5F52DF5F5F5F5F5F5F5F5F5F5
310
F5F5F5F5F5F5F5F5F5F5F5F5F5F5F5F5F5F5F5F5F5F5F5F5F5F5F5F5F5F5F5F5F5F5F5F5F5F5F5F5F5F5F5F5F5F5F5F5F5F5F5F5F5F5F5F5F5F5F5F5F5F5F5F5F5F5F5F5F5F5F5F5F5F5F5F5F5F5F5F5F5F5F5F5F5F5F5F5F5F5F5F5F5F5F5F5F5F5F5F5F5F5F5F5F5F5F5F5F5F5F5F5F5F5F5F5F5F5F5F5F5F5F5F5F52DF5
310
F5F5F5F5F5F5F5F5F5F5F5F5F5F5F5E2F5F5F5E2E2E2F5F5F5E2F5F5F5F5F5F5F5F5F5F5F5F5F5F5F5F52DF5F5F5F5F5F5F5F5F5F5F5F5F5F5F5F5F5F5F5F5F5F5F5F5F5F5F5F5F5F5F5F5F5F5F5F5F5F5F5F5F5F5F5F5F5F5F5F5F5F5F5F5F5F5F5F5F5F5F5F5F5F5F5F5F5F5F5F5F5F5F5F5F5F5F5F5F5F5F5F5F5F5F5F5
310
F5F5F5F5F5F5F5F5F5F5F5F5F5F5F5F5F5F5F5F5F5F5F5F5F5F5F5F5F5F5F5F5F5F5F5F5F5F5F5F5F5F5F5F5F5F5F5F5F5F5F52DF5F5F5F5F5F5F5F5F5F5F5F5F5F5F5F5E2F5F5F5E2E2E2F5F5F5E2F5F5F5F5F5F5F5F5F5F5F5F5F5F5F5F52DF5F5F5F5F5F5F5F5F5F5F5F5F5F5F5F5F5F5F5F5F5F5F5F5F5F5F5F5F5F5F5
310
F5F5F5F5F5F5F5F5F5F5F5F5F5F5F5F5F5F5F5F5F5F5F5F5F5F5F5F5F5F5F5F5F5F5F5F5F5F5F5F5F5F5F5F5F5F5F5F5F5F5F5F5F5F5F5F5F5F5F5F5F5F5F5F5F5F5F5F5F5F5F5F5F5F5F5F5F5F5F5F5F5F5F5F5F5F5F5F5F5F5F5F5F5F5F5F5F5F5F5F5F5F5F5F52DF5F5F5F5F5F5F5F5F5F5F5F5F5F5F5F5E2F5F5F5E2E2
310
E2F5F5F5E2F5F5F5F5F5F5F5F5F5F5F5F5F5F5F5F52DF5F5F5F5F5F5F5F5F5F5F5F5F5F5F5F5F5F5F5F5F5F5F5F5F5F5F5F5F5F5F5F5F5F5F5F5F5F5F5F5F5F5F5F5F5F5F5F5F5F5F5F5F5F5F5F5F5F5F5F5F5F5F5F5F5F5F5F5F5F5F5F5F5F5F5F5F5F5F5F5F5F5F5F5F5F5F5F5F5F5F5F5F5F5F5F5F5F5F5F5F5F5F5F5F5
310
F5F5F5F5F5F5F5F5F5F5F5F5F5F5F5F5F5F5F5F5F5F5F5F5F5F5F5F5F5F52DF5F5F5F5F5F5F5F5F5F5F5F5F5F5F5F5E2F5F5F5E2E2E2F5F5F5E2F5F5F5F5F5F5F5F5F5F5F5F5F5F5F5F52DF5F5F5F5F5F5F5F5F5F5F5F5F5F5F5F5F5F5F5F5F5F5F5F5F5F5F5F5F5F5F5F5F5F5F5F5F5F5F5F5F5F5F5F5F5F5F5F5F5F5F5F5
310
F5F5F5F5F5F5F5F5F5F5F5F5F5F5F5F5F5F5F5F5F5F5F5F5F5F5F5F5F5F5F5F5F5F5F5F5F5F5F5F5F5F5F5F5F5F5F5F5F5F5F5F5F5F5F5F5F5F5F5F5F5F5F5F5F5F5F5F5F5F5F5F5F5F5F5F5F5F5F5F5F5F5F52DF5F5F5F5F5F5F5F5F5F5F5F5F5F5F5F5E2F5F5F5E2E2E2F5F5F5E2F5F5F5F5F5F5F5F5F5F5F5F5F5F5F5F5
310
2DF5F5F5F5F5F5F5F5F5F5F5F5F5F5F5F5F5F5F5F5F5F5F5F5F5F5F5F5F5F5F5F5F5F5F5F5F5F5F5F5F5F5F5F5F5F5F5F5F5F5F5F5F5F5F5F5F5F5F5F5F5F5F5F5F5F5F5F5F5F5F5F5F5F5F5F5F5F5F5F5F5F5F5F5F5F5F5F5F5F5F5F5F5F5F5F5F5F5F5F5F5F5F5F5F5F5F5F5F5F5F5F5F5F5F5F5F5F5F5F5F5F5F5F5F5F5
310
F5F5F5F5F5F5F5F5F52DF5F5F5F5F5F5F5F5F5F5F5F5F5F5F5F5E2F5F5F5E2E2E2F5F5F5E2F5F5F5F5F5F5F5F5F5F5F5F5F5F5F5F52DF5F5F5F5F5F5F5F5F5F5F5F5F5F5F5F5F5F5F5F5F5F5F5F5F5F5F5F5F5F5F5F5F5F5F5F5F5F5F5F5F5F5F5F5F5F5F5F5F5F5F5F5F5F5F5F5F5F5F5F5F5F5F5F5F5F5F5F5F5F5F5F5F5
310
F5F5F5F5F5F5F5F5F5F5F5F5F5F5F5F5F5F5F5F5F5F5F5F5F5F5F5F5F5F5F5F5F5F5F5F5F5F5F5F5F5F5F5F5F5F5F5F5F5F5F5F5F5F5F5F5F5F5F5F5F5F52DF5F5F5F5F5F5F5F5F5F5F5F5F5F5F5F5E2F5F5F5E2E2E2F5F5F5E2F5F5F5F5F5F5F5F5F5F5F5F5F5F5F5F52DF5F5F5F5F5F5F5F5F5F5F5F5F5F5F5F5F5F5F5F5
310
F5F5F5F5F5F5F5F5F5F5F5F5F5F5F5F5F5F5F5F5F5F5F5F5F5F5F5F5F5F5F5F5F5F5F5F5F5F5F5F5F5F5F5F5F5F5F5F5F5F5F5F5F5F5F5F5F5F5F5F5F5F5F5F5F5F5F5F5F5F5F5F5F5F5F5F5F5F5F5F5F5F5F5F5F5F5F5F5F5F5F5F5F5F5F5F5F5F5F5F5F5F5F5F5F5F5F5F5F5F5F5F5F5F5F52DF5F5F5F5F5F5F5F5F5F5F5
310
F5F5F5F5F5E2F5F5F5E2E2E2F5F5F5E2F5F5F5F5F5F5F5F5F5F5F5F5F5F5F5F52DF5F5F5F5F5F5F5F5F5F5F5F5F5F5F5F5F5F5F5F5F5F5F5F5F5F5F5F5F5F5F5F5F5F5F5F5F5F5F5F5F5F5F5F5F5F5F5F5F5F5F5F5F5F5F5F5F5F5F5F5F5F5F5F5F5F5F5F5F5F5F5F5F5F5F5F5F5F5F5F5F5F5F5F5F5F5F5F5F5F5F5F5F5F5
310
F5F5F5F5F5F5F5F5F5F5F5F5F5F5F5F5F5F5F5F5F5F5F5F5F5F5F5F5F5F5F5F5F5F5F5F5F5F5F5F5F52DF5F5F5F5F5F5F5F5F5F5F5F5F5F5F5F5E2F5F5F5E2E2E2F5F5F5F5F5F5F5F5F5F5F5F5F5F5F5F5F5F5F5F52DF5F5F5F5F5F5F5F5F5F5F5F5F5F5F5F5F5F5F5F5F5F5F5F5F5F5F5F5F5F5F5F5F5F5F5F5F5F5F5F5F5
310
F5F5F5F5F5F5F5F5F5F5F5F5F5F5F5F5F5F5F5F5F5F5F5F5F5F5F5F5F5F5F5F5F5F5F5F5F5F5F5F5F5F5F5F5F5F5F5F5F5F5F5F5F5F5F5F5F5F5F5F5F5F5F5F5F5F5F5F5F5F5F5F5F5F5F5F5F5F5F5F5F5F5F5F5F5F5F5F5F5F5F5F5F5F52DF5F5F5F5F5F5F5F5F5F5F5F5F5F5F5F5F5F5F5F5E2E2E2F5F5F5F5F5F5F5F5F5
310
F5F5F5F5F5F5F5F5F5F5F52DF5F5F5F5F5F5F5F5F5F5F5F5F5F5F5F5F5F5F5F5F5F5F5F5F5F5F5F5F5F5F5F5F5F5F5F5F5F5F5F5F5F5F5F5F5F5F5F5F5F5F5F5F5F5F5F5F5F5F5F5F5F5F5F5F5F5F5F5F5F5F5F5F5F5F5F5F5F5F5F5F5F5F5F5F5F5F5F5F5F5F5F5F5F5F5F5F5F5F5F5F5F5F5F5F5F5F5F5F5F5F5F5F5F5F5
310
F5F5F5F5F5F5F5F5F5F5F5F5F5F5F5F5F5F5F5F52DF5F5F5F5F5F5F5F5F5F5F5F5F5F5F5F5F5F5F5F5E2E2E2F5F5F5F5F5F5F5F5F5F5F5F5F5F5F5F5F5F5F5F52DF5F5F5F5F5F5F5F5F5F5F5F5F5F5F5F5F5F5F5F5F5F5F5F5F5F5F5F5F5F5F5F5F5F5F5F5F5F5F5F5F5F5F5F5F5F5F5F5F5F5F5F5F5F5F5F5F5F5F5F5F5F5
310
F5F5F5F5F5F5F5F5F5F5F5F5F5F5F5F5F5F5F5F5F5F5F5F5F5F5F5F5F5F5F5F5F5F5F5F5F5F5F5F5F5F5F5F5F5F5F5F5F5F5F5F5F5F5F5F5F5F5F5F5F5F5F5F5F5F5F5F5F5F5F5F5F52DF5F5F5F5F5F5F5F5F5F5F5F5F5F5F5F5F5F5F5F5E2E2E2F5F5F5F5F5F5F5F5F5F5F5F5F5F5F5F5F5F5F5F52DF5F5F5F5F5F5F5F5F5
310
F5F5F5F5F5F5F5F5F5F5F5F5F5F5F5F5F5F5F5F5F5F5F5F5F5F5F5F5F5F5F5F5F5F5F5F5F5F5F5F5F5F5F5F5F5F5F5F5F5F5F5F5F5F5F5F5F5F5F5F5F5F5F5F5F5F5F5F5F5F5F5F5F5F5F5F5F5F5F5F5F5F5F5F5F5F5F5F5F5F5F5F5F5F5F5F5F5F5F5F5F5F5F5F5F5F5F5F5F5F5F5F5F5F5F5F5F5F5F5F5F5F5F5F5F5F52D
310
F5F5F5F5F5F5F5F5F5F5F5F5F5F5F5F5F5F5F5F5E2E2E2F5F5F5F5F5F5F5F5F5F5F5F5F5F5F5F5F5F5F5F52DF5F5F5F5F5F5F5F5F5F5F5F5F5F5F5F5F5F5F5F5F5F5F5F5F5F5F5F5F5F5F5F5F5F5F5F5F5F5F5F5F5F5F5F5F5F5F5F5F5F5F5F5F5F5F5F5F5F5F5F5F5F5F5F5F5F5F5F5F5F5F5F5F5F5F5F5F5F5F5F5F5F5F5
310
F5F5F5F5F5F5F5F5F5F5F5F5F5F5F5F5F5F5F5F5F5F5F5F5F5F5F5F5F5F5F5F5F5F5F5F5F5F5F5F5F5F5F5F5F5F5F5F5F5F5F5F52DF5F5F5F5F5F5F5F5F5F5F5F5F5F5F5F5F5F5F5F5E2E2E2F5F5F5F5F5F5F5F5F5F5F5F5F5F5F5F5F5F5F5F52DF5F5F5F5F5F5F5F5F5F5F5F5F5F5F5F5F5F5F5F5F5F5F5F5F5F5F5F5F5F5
310
F5F5F5F5F5F5F5F5F5F5F5F5F5F5F5F5F5F5F5F5F5F5F5F5F5F5F5F5F5F5F5F5F5F5F5F5F5F5F5F5F5F5F5F5F5F5F5F5F5F5F5F5F5F5F5F5F5F5F5F5F5F5F5F5F5F5F5F5F5F5F5F5F5F5F5F5F5F5F5F5F5F5F5F5F5F5F5F5F5F5F5F5F5F5F5F5F5F5F5F5F5F5F5F5F52DF5F5F5F5F5F5F5F5F5F5F5F5F5F5F5F5F5F5F5F5E2
310
E2E2F5F5F5F5F5F5F5F5F5F5F5F5F5F5F5F5F5F5F5F52DF5F5F5F5F5F5F5F5F5F5F5F5F5F5F5F5F5F5F5F5F5F5F5F5F5F5F5F5F5F5F5F5F5F5F5F5F5F5F5F5F5F5F5F5F5F5F5F5F5F5F5F5F5F5F5F5F5F5F5F5F5F5F5F5F5F5F5F5F5F5F5F5F5F5F5F5F5F5F5F5F5F5F5F5F5F5F5F5F5F5F5F5F5F5F5F5F5F5F5F5F5F5F5F5
310
F5F5F5F5F5F5F5F5F5F5F5F5F5F5F5F5F5F5F5F5F5F5F5F5F5F5F5F5F5F5F52DF5F5F5F5F5F5F5F5F5F5F5F5F5F5F5F5F5F5F5F5E2E2E2F5F5F5F5F5F5F5F5F5F5F5F5F5F5F5F5F5F5F5F52DF5F5F5F5F5F5F5F5F5F5F5F5F5F5F5F5F5F5F5F5F5F5F5F5F5F5F5F5F5F5F5F5F5F5F5F5F5F5F5F5F5F5F5F5F5F5F5F5F5F5F5
310
F5F5F5F5F5F5F5F5F5F5F5F5F5F5F5F5F5F5F5F5F5F5F5F5F5F5F5F5F5F5F5F5F5F5F5F5F5F5F5F5F5F5F5F5F5F5F5F5F5F5F5F5F5F5F5F5F5F5F5F5F5F5F5F5F5F5F5F5F5F5F5F5F5F5F5F5F5F5F5F5F5F5F5F52DF5F5F5F5F5F5F5F5F5F5F5F5F5F5F5F5F5F5F5F5E2E2E2F5F5F5F5F5F5F5F5F5F5F5F5F5F5F5F5F5F5F5
310
F52DF5F5F5F5F5F5F5F5F5F5F5F5F5F5F5F5F5F5F5F5F5F5F5F5F5F5F5F5F5F5F5F5F5F5F5F5F5F5F5F5F5F5F5F5F5F5F5F5F5F5F5F5F5F5F5F5F5F5F5F5F5F5F5F5F5F5F5F5F5F5F5F5F5F5F5F5F5F5F5F5F5F5F5F5F5F5F5F5F5F5F5F5F5F5F5F5F5F5F5F5F5F5F5F5F5F5F5F5F5F5F5F5F5F5F5F5F5F5F5F5F5F5F5F5F5
310
F5F5F5F5F5F5F5F5F5F52DF5F5F5F5F5F5F5F5F5F5F5F5F5F5F5F5F5F5F5F5E2E2E2F5F5F5E2F5F5F5F5F5F5F5F5F5F5F5F5F5F5F5F52DF5F5F5F5F5F5F5F5F5F5F5F5F5F5F5F5F5F5F5F5F5F5F5F5F5F5F5F5F5F5F5F5F5F5F5F5F5F5F5F5F5F5F5F5F5F5F5F5F5F5F5F5F5F5F5F5F5F5F5F5F5F5F5F5F5F5F5F5F5F5F5F5
310
F5F5F5F5F5F5F5F5F5F5F5F5F5F5F5F5F5F5F5F5F5F5F5F5F5F5F5F5F5F5F5F5F5F5F5F5F5F5F5F5F5F5F5F5F5F5F5F5F5F5F5F5F5F5F5F5F5F5F5F5F5F5F52DF5F5F5F5F5F5F5F5F5F5F5F5F5F5F5F5E2F5F5F5E2E2E2F5F5F5E2F5F5F5F5F5F5F5F5F5F5F5F5F5F5F5F52DF5F5F5F5F5F5F5F5F5F5F5F5F5F5F5F5F5F5F5
310
F5F5F5F5F5F5F5F5F5F5F5F5F5F5F5F5F5F5F5F5F5F5F5F5F5F5F5F5F5F5F5F5F5F5F5F5F5F5F5F5F5F5F5F5F5F5F5F5F5F5F5F5F5F5F5F5F5F5F5F5F5F5F5F5F5F5F5F5F5F5F5F5F5F5F5F5F5F5F5F5F5F5F5F5F5F5F5F5F5F5F5F5F5F5F5F5F5F5F5F5F5F5F5F5F5F5F5F5F5F5F5F5F5F5F5F52DF5F5F5F5F5F5F5F5F5F5
310
F5F5F5F5F5F5E2F5F5F5E2E2E2F5F5F5E2F5F5F5F5F5F5F5F5F5F5F5F5F5F5F5F52DF5F5F5F5F5F5F5F5F5F5F5F5F5F5F5F5F5F5F5F5F5F5F5F5F5F5F5F5F5F5F5F5F5F5F5F5F5F5F5F5F5F5F5F5F5F5F5F5F5F5F5F5F5F5F5F5F5F5F5F5F5F5F5F5F5F5F5F5F5F5F5F5F5F5F5F5F5F5F5F5F5F5F5F5F5F5F5F5F5F5F5F5F5
310
F5F5F5F5F5F5F5F5F5F5F5F5F5F5F5F5F5F5F5F5F5F5F5F5F5F5F5F5F5F5F5F5F5F5F5F5F5F5F5F5F5F52DF5F5F5F5F5F5F5F5F5F5F5F5F5F5F5F5E2F5F5F5E2E2E2F5F5F5E2F5F5F5F5F5F5F5F5F5F5F5F5F5F5F5F52DF5F5F5F5F5F5F5F5F5F5F5F5F5F5F5F5F5F5F5F5F5F5F5F5F5F5F5F5F5F5F5F5F5F5F5F5F5F5F5F5
310
F5F5F5F5F5F5F5F5F5F5F5F5F5F5F5F5F5F5F5F5F5F5F5F5F5F5F5F5F5F5F5F5F5F5F5F5F5F5F5F5F5F5F5F5F5F5F5F5F5F5F5F5F5F5F5F5F5F5F5F5F5F5F5F5F5F5F5F5F5F5F5F5F5F5F5F5F5F5F5F5F5F5F5F5F5F5F5F5F5F5F5F5F5F5F52DF5F5F5F5F5F5F5F5F5F5F5F5F5F5F5F5E2F5F5F5E2E2E2F5F5F5E2F5F5F5F5
310
F5F5F5F5F5F5F5F5F5F5F5F52DF5F5F5F5F5F5F5F5F5F5F5F5F5F5F5F5F5F5F5F5F5F5F5F5F5F5F5F5F5F5F5F5F5F5F5F5F5F5F5F5F5F5F5F5F5F5F5F5F5F5F5F5F5F5F5F5F5F5F5F5F5F5F5F5F5F5F5F5F5F5F5F5F5F5F5F5F5F5F5F5F5F5F5F5F5F5F5F5F5F5F5F5F5F5F5F5F5F5F5F5F5F5F5F5F5F5F5F5F5F5F5F5F5F5
310
F5F5F5F5F5F5F5F5F5F5F5F5F5F5F5F5F5F5F5F5F52DF5F5F5F5F5F5F5F5F5F5F5F5F5F5F5F5E2F5F5F5E2E2E2F5F5F5E2F5F5F5F5F5F5F5F5F5F5F5F5F5F5F5F52DF5F5F5F5F5F5F5F5F5F5F5F5F5F5F5F5F5F5F5F5F5F5F5F5F5F5F5F5F5F5F5F5F5F5F5F5F5F5F5F5F5F5F5F5F5F5F5F5F5F5F5F5F5F5F5F5F5F5F5F5F5
310
F5F5F5F5F5F5F5F5F5F5F5F5F5F5F5F5F5F5F5F5F5F5F5F5F5F5F5F5F5F5F5F5F5F5F5F5F5F5F5F5F5F5F5F5F5F5F5F5F5F5F5F5F5F5F5F5F5F5F5F5F5F5F5F5F5F5F5F5F5F5F5F5F5F52DF5F5F5F5F5F5F5F5F5F5F5F5F5F5F5F5E2F5F5F5E2E2E2F5F5F5E2F5F5F5F5F5F5F5F5F5F5F5F5F5F5F5F52DF5F5F5F5F5F5F5F5
310
F5F5F5F5F5F5F5F5F5F5F5F5F5F5F5F5F5F5F5F5F5F5F5F5F5F5F5F5F5F5F5F5F5F5F5F5F5F5F5F5F5F5F5F5F5F5F5F5F5F5F5F5F5F5F5F5F5F5F5F5F5F5F5F5F5F5F5F5F5F5F5F5F5F5F5F5F5F5F5F5F5F5F5F5F5F5F5F5F5F5F5F5F5F5F5F5F5F5F5F5F5F5F5F5F5F5F5F5F5F5F5F5F5F5F5F5F5F5F5F5F5F5F5F5F5F5F5
310
2DF5F5F5F5F5F5F5F5F5F5F5F5F5F5F5F5E2F5F5F5E2E2E2F5F5F5E2F5F5F5F5F5F5F5F5F5F5F5F5F5F5F5F52DF5F5F5F5F5F5F5F5F5F5F5F5F5F5F5F5F5F5F5F5F5F5F5F5F5F5F5F5F5F5F5F5F5F5F5F5F5F5F5F5F5F5F5F5F5F5F5F5F5F5F5F5F5F5F5F5F5F5F5F5F5F5F5F5F5F5F5F5F5F5F5F5F5F5F5F5F5F5F5F5F5F5
310
F5F5F5F5F5F5F5F5F5F5F5F5F5F5F5F5F5F5F5F5F5F5F5F5F5F5F5F5F5F5F5F5F5F5F5F5F5F5F5F5F5F5F5F5F5F5F5F5F5F5F5F5F52DF5F5F5F5F5F5F5F5F5F5F5F5F5F5F5F5E2F5F5F5E2E2E2F5F5F5E2F5F5F5F5F5F5F5F5F5F5F5F5F5F5F5F52DF5F5F5F5F5F5F5F5F5F5F5F5F5F5F5F5F5F5F5F5F5F5F5F5F5F5F5F5F5
310
F5F5F5F5F5F5F5F5F5F5F5F5F5F5F5F5F5F5F5F5F5F5F5F5F5F5F5F5F5F5F5F5F5F5F5F5F5F5F5F5F5F5F5F5F5F5F5F5F5F5F5F5F5F5F5F5F5F5F5F5F5F5F5F5F5F5F5F5F5F5F5F5F5F5F5F5F5F5F5F5F5F5F5F5F5F5F5F5F5F5F5F5F5F5F5F5F5F5F5F5F5F5F5F5F5F52DF5F5F5F5F5F5F5F5F5F5F5F5F5F5F5F5E2F5F5F5
310
E2E2E2F5F5F5E2F5F5F5F5F5F5F5F5F5F5F5F5F5F5F5F52DF5F5F5F5F5F5F5F5F5F5F5F5F5F5F5F5F5F5F5F5F5F5F5F5F5F5F5F5F5F5F5F5F5F5F5F5F5F5F5F5F5F5F5F5F5F5F5F5F5F5F5F5F5F5F5F5F5F5F5F5F5F5F5F5F5F5F5F5F5F5F5F5F5F5F5F5F5F5F5F5F5F5F5F5F5F5F5F5F5F5F5F5F5F5F5F5F5F5F5F5F5F5F5
310
F5F5F5F5F5F5F5F5F5F5F5F5F5F5F5F5F5F5F5F5F5F5F5F5F5F5F5F5F5F5F5F52DF5F5F5F5F5F5F5F5F5F5F5F5F5F5F5F5E2F5F5F5E2E2E2F5F5F5E2F5F5F5F5F5F5F5F5F5F5F5F5F5F5F5F52DF5F5F5F5F5F5F5F5F5F5F5F5F5F5F5F5F5F5F5F5F5F5F5F5F5F5F5F5F5F5F5F5F5F5F5F5F5F5F5F5F5F5F5F5F5F5F5F5F5F5
310
F5F5F5F5F5F5F5F5F5F5F5F5F5F5F5F5F5F5F5F5F5F5F5F5F5F5F5F5F5F5F5F5F5F5F5F5F5F5F5F5F5F5F5F5F5F5F5F5F5F5F5F5F5F5F5F5F5F5F5F5F5F5F5F5F5F5F5F5F5F5F5F5F5F5F5F5F5F5F5F5F5F5F5F5F52DF5F5F5F5F5F5F5F5F5F5F5F5F5F5F5F5E2F5F5F5E2E2E2F5F5F5E2F5F5F5F5F5F5F5F5F5F5F5F5F5F5
310
F5F52DF5F5F5F5F5F5F5F5F5F5F5F5F5F5F5F5F5F5F5F5F5F5F5F5F5F5F5F5F5F5F5F5F5F5F5F5F5F5F5F5F5F5F5F5F5F5F5F5F5F5F5F5F5F5F5F5F5F5F5F5F5F5F5F5F5F5F5F5F5F5F5F5F5F5F5F5F5F5F5F5F5F5F5F5F5F5F5F5F5F5F5F5F5F5F5F5F5F5F5F5F5F5F5F5F5F5F5F5F5F5F5F5F5F5F5F5F5F5F5F5F5F5F5F5
310
F5F5F5F5F5F5F5F5F5F5F52DF5F5F5F5F5F5F5F5F5F5F5F5F5F5F5F5E2F5F5F5E2E2E2F5F5F5E2F5F5F5F5F5F5F5F5F5F5F5F5F5F5F5F52DF5F5F5F5F5F5F5F5F5F5F5F5F5F5F5F5F5F5F5F5F5F5F5F5F5F5F5F5F5F5F5F5F5F5F5F5F5F5F5F5F5F5F5F5F5F5F5F5F5F5F5F5F5F5F5F5F5F5F5F5F5F5F5F5F5F5F5F5F5F5F5
310
F5F5F5F5F5F5F5F5F5F5F5F5F5F5F5F5F5F5F5F5F5F5F5F5F5F5F5F5F5F5F5F5F5F5F5F5F5F5F5F5F5F5F5F5F5F5F5F5F5F5F5F5F5F5F5F5F5F5F5F5F5F5F5F52DF5F5F5F5F5F5F5F5F5F5F5F5F5F5F5F5E2F5F5F5E2E2E2F5F5F5E2F5F5F5F5F5F5F5F5F5F5F5F5F5F5F5F52DF5F5F5F5F5F5F5F5F5F5F5F5F5F5F5F5F5F5
310
F5F5F5F5F5F5F5F5F5F5F5F5F5F5F5F5F5F5F5F5F5F5F5F5F5F5F5F5F5F5F5F5F5F5F5F5F5F5F5F5F5F5F5F5F5F5F5F5F5F5F5F5F5F5F5F5F5F5F5F5F5F5F5F5F5F5F5F5F5F5F5F5F5F5F5F5F5F5F5F5F5F5F5F5F5F5F5F5F5F5F5F5F5F5F5F5F5F5F5F5F5F5F5F5F5F5F5F5F5F5F5F5F5F5F5F5F52DF5F5F5F5F5F5F5F5F5
310
F5F5F5F5F5F5F5E2F5F5F5E2E2E2F5F5F5E2F5F5F5F5F5F5F5F5F5F5F5F5F5F5F5F52DF5F5F5F5F5F5F5F5F5F5F5F5F5F5F5F5F5F5F5F5F5F5F5F5F5F5F5F5F5F5F5F5F5F5F5F5F5F5F5F5F5F5F5F5F5F5F5F5F5F5F5F5F5F5F5F5F5F5F5F5F5F5F5F5F5F5F5F5F5F5F5F5F5F5F5F5F5F5F5F5F5F5F5F5F5F5F5F5F5F5F5F5
310
F5F5F5F5F5F5F5F5F5F5F5F5F5F5F5F5F5F5F5F5F5F5F5F5F5F5F5F5F5F5F5F5F5F5F5F5F5F5F5F5F5F5F52DF5F5F5F5F5F5F5F5F5F5F5F5F5F5F5F5E2F5F5F5E2E2E2F5F5F5E2F5F5F5F5F5F5F5F5F5F5F5F5F5F5F5F52DF5F5F5F5F5F5F5F5F5F5F5F5F5F5F5F5F5F5F5F5F5F5F5F5F5F5F5F5F5F5F5F5F5F5F5F5F5F5F5
310
F5F5F5F5F5F5F5F5F5F5F5F5F5F5F5F5F5F5F5F5F5F5F5F5F5F5F5F5F5F5F5F5F5F5F5F5F5F5F5F5F5F5F5F5F5F5F5F5F5F5F5F5F5F5F5F5F5F5F5F5F5F5F5F5F5F5F5F5F5F5F5F5F5F5F5F5F5F5F5F5F5F5F5F5F5F5F5F5F5F5F5F5F5F5F5F52DF5F5F5F5F5F5F5F5F5F5F5F5F5F5F5F5E2F5F5F5E2E2E2F5F5F5E2F5F5F5
310
F5F5F5F5F5F5F5F5F5F5F5F5F52DF5F5F5F5F5F5F5F5F5F5F5F5F5F5F5F5F5F5F5F5F5F5F5F5F5F5F5F5F5F5F5F5F5F5F5F5F5F5F5F5F5F5F5F5F5F5F5F5F5F5F5F5F5F5F5F5F5F5F5F5F5F5F5F5F5F5F5F5F5F5F5F5F5F5F5F5F5F5F5F5F5F5F5F5F5F5F5F5F5F5F5F5F5F5F5F5F5F5F5F5F5F5F5F5F5F5F5F5F5F5F5F5F5
310
F5F5F5F5F5F5F5F5F5F5F5F5F5F5F5F5F5F5F5F5F5F52DF5F5F5F5F5F5F5F5F5F5F5F5F5F5F5F5E2F5F5F5E2E2E2F5F5F5F5F5F5F5F5F5F5F5F5F5F5F5F5F5F5F5F52DF5F5F5F5F5F5F5F5F5F5F5F5F5F5F5F5F5F5F5F5F5F5F5F5F5F5F5F5F5F5F5F5F5F5F5F5F5F5F5F5F5F5F5F5F5F5F5F5F5F5F5F5F5F5F5F5F5F5F5F5
310
F5F5F5F5F5F5F5F5F5F5F5F5F5F5F5F5F5F5F5F5F5F5F5F5F5F5F5F5F5F5F5F5F5F5F5F5F5F5F5F5F5F5F5F5F5F5F5F5F5F5F5F5F5F5F5F5F5F5F5F5F5F5F5F5F5F5F5F5F5F5F5F5F5F5F52DF5F5F5F5F5F5F5F5F5F5F5F5F5F5F5F5F5F5F5F5E2E2E2F5F5F5F5F5F5F5F5F5F5F5F5F5F5F5F5F5F5F5F52DF5F5F5F5F5F5F5
310
F5F5F5F5F5F5F5F5F5F5F5F5F5F5F5F5F5F5F5F5F5F5F5F5F5F5F5F5F5F5F5F5F5F5F5F5F5F5F5F5F5F5F5F5F5F5F5F5F5F5F5F5F5F5F5F5F5F5F5F5F5F5F5F5F5F5F5F5F5F5F5F5F5F5F5F5F5F5F5F5F5F5F5F5F5F5F5F5F5F5F5F5F5F5F5F5F5F5F5F5F5F5F5F5F5F5F5F5F5F5F5F5F5F5F5F5F5F5F5F5F5F5F5F5F5F5F5
310
F52DF5F5F5F5F5F5F5F5F5F5F5F5F5F5F5F5F5F5F5F5E2E2E2F5F5F5F5F5F5F5F5F5F5F5F5F5F5F5F5F5F5F5F52DF5F5F5F5F5F5F5F5F5F5F5F5F5F5F5F5F5F5F5F5F5F5F5F5F5F5F5F5F5F5F5F5F5F5F5F5F5F5F5F5F5F5F5F5F5F5F5F5F5F5F5F5F5F5F5F5F5F5F5F5F5F5F5F5F5F5F5F5F5F5F5F5F5F5F5F5F5F5F5F5F5
310
F5F5F5F5F5F5F5F5F5F5F5F5F5F5F5F5F5F5F5F5F5F5F5F5F5F5F5F5F5F5F5F5F5F5F5F5F5F5F5F5F5F5F5F5F5F5F5F5F5F5F5F5F5F52DF5F5F5F5F5F5F5F5F5F5F5F5F5F5F5F5F5F5F5F5E2E2E2F5F5F5F5F5F5F5F5F5F5F5F5F5F5F5F5F5F5F5F52DF5F5F5F5F5F5F5F5F5F5F5F5F5F5F5F5F5F5F5F5F5F5F5F5F5F5F5F5
310
F5F5F5F5F5F5F5F5F5F5F5F5F5F5F5F5F5F5F5F5F5F5F5F5F5F5F5F5F5F5F5F5F5F5F5F5F5F5F5F5F5F5F5F5F5F5F5F5F5F5F5F5F5F5F5F5F5F5F5F5F5F5F5F5F5F5F5F5F5F5F5F5F5F5F5F5F5F5F5F5F5F5F5F5F5F5F5F5F5F5F5F5F5F5F5F5F5F5F5F5F5F5F5F5F5F5F52DF5F5F5F5F5F5F5F5F5F5F5F5F5F5F5F5F5F5F5
310
F5E2E2E2F5F5F5F5F5F5F5F5F5F5F5F5F5F5F5F5F5F5F5F52DF5F5F5F5F5F5F5F5F5F5F5F5F5F5F5F5F5F5F5F5F5F5F5F5F5F5F5F5F5F5F5F5F5F5F5F5F5F5F5F5F5F5F5F5F5F5F5F5F5F5F5F5F5F5F5F5F5F5F5F5F5F5F5F5F5F5F5F5F5F5F5F5F5F5F5F5F5F5F5F5F5F5F5F5F5F5F5F5F5F5F5F5F5F5F5F5F5F5F5F5F5F5
310
F5F5F5F5F5F5F5F5F5F5F5F5F5F5F5F5F5F5F5F5F5F5F5F5F5F5F5F5F5F5F5F5F52DF5F5F5F5F5F5F5F5F5F5F5F5F5F5F5F5F5F5F5F5E2E2E2F5F5F5F5F5F5F5F5F5F5F5F5F5F5F5F5F5F5F5F52DF5F5F5F5F5F5F5F5F5F5F5F5F5F5F5F5F5F5F5F5F5F5F5F5F5F5F5F5F5F5F5F5F5F5F5F5F5F5F5F5F5F5F5F5F5F5F5F5F5
310
F5F5F5F5F5F5F5F5F5F5F5F5F5F5F5F5F5F5F5F5F5F5F5F5F5F5F5F5F5F5F5F5F5F5F5F5F5F5F5F5F5F5F5F5F5F5F5F5F5F5F5F5F5F5F5F5F5F5F5F5F5F5F5F5F5F5F5F5F5F5F5F5F5F5F5F5F5F5F5F5F5F5F5F5F5F52DF5F5F5F5F5F5F5F5F5F5F5F5F5F5F5F5F5F5F5F5E2E2E2F5F5F5F5F5F5F5F5F5F5F5F5F5F5F5F5F5
310
F5F5F52DF5F5F5F5F5F5F5F5F5F5F5F5F5F5F5F5F5F5F5F5F5F5F5F5F5F5F5F5F5F5F5F5F5F5F5F5F5F5F5F5F5F5F5F5F5F5F5F5F5F5F5F5F5F5F5F5F5F5F5F5F5F5F5F5F5F5F5F5F5F5F5F5F5F5F5F5F5F5F5F5F5F5F5F5F5F5F5F5F5F5F5F5F5F5F5F5F5F5F5F5F5F5F5F5F5F5F5F5F5F5F5F5F5F5F5F5F5F5F5F5F5F5F5
310
F5F5F5F5F5F5F5F5F5F5F5F52DF5F5F5F5F5F5F5F5F5F5F5F5F5F5F5F5F5F5F5F5E2E2E2F5F5F5F5F5F5F5F5F5F5F5F5F5F5F5F5F5F5F5F52DF5F5F5F5F5F5F5F5F5F5F5F5F5F5F5F5F5F5F5F5F5F5F5F5F5F5F5F5F5F5F5F5F5F5F5F5F5F5F5F5F5F5F5F5F5F5F5F5F5F5F5F5F5F5F5F5F5F5F5F5F5F5F5F5F5F5F5F5F5F5
310
F5F5F5F5F5F5F5F5F5F5F5F5F5F5F5F5F5F5F5F5F5F5F5F5F5F5F5F5F5F5F5F5F5F5F5F5F5F5F5F5F5F5F5F5F5F5F5F5F5F5F5F5F5F5F5F5F5F5F5F5F5F5F5F5F52DF5F5F5F5F5F5F5F5F5F5F5F5F5F5F5F5F5F5F5F5E2E2E2F5F5F5F5F5F5F5F5F5F5F5F5F5F5F5F5F5F5F5F52DF5F5F5F5F5F5F5F5F5F5F5F5F5F5F5F5F5
310
F5F5F5F5F5F5F5F5F5F5F5F5F5F5F5F5F5F5F5F5F5F5F5F5F5F5F5F5F5F5F5F5F5F5F5F5F5F5F5F5F5F5F5F5F5F5F5F5F5F5F5F5F5F5F5F5F5F5F5F5F5F5F5F5F5F5F5F5F5F5F5F5F5F5F5F5F5F5F5F5F5F5F5F5F5F5F5F5F5F5F5F5F5F5F5F5F5F5F5F5F5F5F5F5F5F5F5F5F5F5F5F5F5F5F5F5F5F52DF5F5F5F5F5F5F5F5
310
F5F5F5F5F5F5F5F5F5F5F5F5E2E2E2F5F5F5E2F5F5F5F5F5F5F5F5F5F5F5F5F5F5F5F52DF5F5F5F5F5F5F5F5F5F5F5F5F5F5F5F5F5F5F5F5F5F5F5F5F5F5F5F5F5F5F5F5F5F5F5F5F5F5F5F5F5F5F5F5F5F5F5F5F5F5F5F5F5F5F5F5F5F5F5F5F5F5F5F5F5F5F5F5F5F5F5F5F5F5F5F5F5F5F5F5F5F5F5F5F5F5F5F5F5F5F5
310
F5F5F5F5F5F5F5F5F5F5F5F5F5F5F5F5F5F5F5F5F5F5F5F5F5F5F5F5F5F5F5F5F5F5F5F5F5F5F5F5F5F5F5F52DF5F5F5F5F5F5F5F5F5F5F5F5F5F5F5F5E2F5F5F5E2E2E2F5F5F5E2F5F5F5F5F5F5F5F5F5F5F5F5F5F5F5F52DF5F5F5F5F5F5F5F5F5F5F5F5F5F5F5F5F5F5F5F5F5F5F5F5F5F5F5F5F5F5F5F5F5F5F5F5F5F5
310
F5F5F5F5F5F5F5F5F5F5F5F5F5F5F5F5F5F5F5F5F5F5F5F5F5F5F5F5F5F5F5F5F5F5F5F5F5F5F5F5F5F5F5F5F5F5F5F5F5F5F5F5F5F5F5F5F5F5F5F5F5F5F5F5F5F5F5F5F5F5F5F5F5F5F5F5F5F5F5F5F5F5F5F5F5F5F5F5F5F5F5F5F5F5F5F5F52DF5F5F5F5F5F5F5F5F5F5F5F5F5F5F5F5E2F5F5F5E2E2E2F5F5F5E2F5F5
310
F5F5F5F5F5F5F5F5F5F5F5F5F5F52DF5F5F5F5F5F5F5F5F5F5F5F5F5F5F5F5F5F5F5F5F5F5F5F5F5F5F5F5F5F5F5F5F5F5F5F5F5F5F5F5F5F5F5F5F5F5F5F5F5F5F5F5F5F5F5F5F5F5F5F5F5F5F5F5F5F5F5F5F5F5F5F5F5F5F5F5F5F5F5F5F5F5F5F5F5F5F5F5F5F5F5F5F5F5F5F5F5F5F5F5F5F5F5F5F5F5F5F5F5F5F5F5
310
F5F5F5F5F5F5F5F5F5F5F5F5F5F5F5F5F5F5F5F5F5F5F52DF5F5F5F5F5F5F5F5F5F5F5F5F5F5F5F5E2F5F5F5E2E2E2F5F5F5E2F5F5F5F5F5F5F5F5F5F5F5F5F5F5F5F52DF5F5F5F5F5F5F5F5F5F5F5F5F5F5F5F5F5F5F5F5F5F5F5F5F5F5F5F5F5F5F5F5F5F5F5F5F5F5F5F5F5F5F5F5F5F5F5F5F5F5F5F5F5F5F5F5F5F5F5
310
F5F5F5F5F5F5F5F5F5F5F5F5F5F5F5F5F5F5F5F5F5F5F5F5F5F5F5F5F5F5F5F5F5F5F5F5F5F5F5F5F5F5F5F5F5F5F5F5F5F5F5F5F5F5F5F5F5F5F5F5F5F5F5F5F5F5F5F5F5F5F5F5F5F5F5F52DF5F5F5F5F5F5F5F5F5F5F5F5F5F5F5F5E2F5F5F5E2E2E2F5F5F5E2F5F5F5F5F5F5F5F5F5F5F5F5F5F5F5F52DF5F5F5F5F5F5
310
F5F5F5F5F5F5F5F5F5F5F5F5F5F5F5F5F5F5F5F5F5F5F5F5F5F5F5F5F5F5F5F5F5F5F5F5F5F5F5F5F5F5F5F5F5F5F5F5F5F5F5F5F5F5F5F5F5F5F5F5F5F5F5F5F5F5F5F5F5F5F5F5F5F5F5F5F5F5F5F5F5F5F5F5F5F5F5F5F5F5F5F5F5F5F5F5F5F5F5F5F5F5F5F5F5F5F5F5F5F5F5F5F5F5F5F5F5F5F5F5F5F5F5F5F5F5F5
310
F5F52DF5F5F5F5F5F5F5F5F5F5F5F5F5F5F5F5E2F5F5F5E2E2E2F5F5F5E2F5F5F5F5F5F5F5F5F5F5F5F5F5F5F5F52DF5F5F5F5F5F5F5F5F5F5F5F5F5F5F5F5F5F5F5F5F5F5F5F5F5F5F5F5F5F5F5F5F5F5F5F5F5F5F5F5F5F5F5F5F5F5F5F5F5F5F5F5F5F5F5F5F5F5F5F5F5F5F5F5F5F5F5F5F5F5F5F5F5F5F5F5F5F5F5F5
310
F5F5F5F5F5F5F5F5F5F5F5F5F5F5F5F5F5F5F5F5F5F5F5F5F5F5F5F5F5F5F5F5F5F5F5F5F5F5F5F5F5F5F5F5F5F5F5F5F5F5F5F5F5F5F52DF5F5F5F5F5F5F5F5F5F5F5F5F5F5F5F5E2F5F5F5E2E2E2F5F5F5E2F5F5F5F5F5F5F5F5F5F5F5F5F5F5F5F52DF5F5F5F5F5F5F5F5F5F5F5F5F5F5F5F5F5F5F5F5F5F5F5F5F5F5F5
310
F5F5F5F5F5F5F5F5F5F5F5F5F5F5F5F5F5F5F5F5F5F5F5F5F5F5F5F5F5F5F5F5F5F5F5F5F5F5F5F5F5F5F5F5F5F5F5F5F5F5F5F5F5F5F5F5F5F5F5F5F5F5F5F5F5F5F5F5F5F5F5F5F5F5F5F5F5F5F5F5F5F5F5F5F5F5F5F5F5F5F5F5F5F5F5F5F5F5F5F5F5F5F5F5F5F5F5F52DF5F5F5F5F5F5F5F5F5F5F5F5F5F5F5F5E2F5
310
F5F5E2E2E2F5F5F5E2F5F5F5F5F5F5F5F5F5F5F5F5F5F5F5F52DF5F5F5F5F5F5F5F5F5F5F5F5F5F5F5F5F5F5F5F5F5F5F5F5F5F5F5F5F5F5F5F5F5F5F5F5F5F5F5F5F5F5F5F5F5F5F5F5F5F5F5F5F5F5F5F5F5F5F5F5F5F5F5F5F5F5F5F5F5F5F5F5F5F5F5F5F5F5F5F5F5F5F5F5F5F5F5F5F5F5F5F5F5F5F5F5F5F5F5F5F5
310
F5F5F5F5F5F5F5F5F5F5F5F5F5F5F5F5F5F5F5F5F5F5F5F5F5F5F5F5F5F5F5F5F5F52DF5F5F5F5F5F5F5F5F5F5F5F5F5F5F5F5E2F5F5F5E2E2E2F5F5F5E2F5F5F5F5F5F5F5F5F5F5F5F5F5F5F5F52DF5F5F5F5F5F5F5F5F5F5F5F5F5F5F5F5F5F5F5F5F5F5F5F5F5F5F5F5F5F5F5F5F5F5F5F5F5F5F5F5F5F5F5F5F5F5F5F5
310
F5F5F5F5F5F5F5F5F5F5F5F5F5F5F5F5F5F5F5F5F5F5F5F5F5F5F5F5F5F5F5F5F5F5F5F5F5F5F5F5F5F5F5F5F5F5F5F5F5F5F5F5F5F5F5F5F5F5F5F5F5F5F5F5F5F5F5F5F5F5F5F5F5F5F5F5F5F5F5F5F5F5F5F5F5F5F52DF5F5F5F5F5F5F5F5F5F5F5F5F5F5F5F5E2F5F5F5E2E2E2F5F5F5E2F5F5F5F5F5F5F5F5F5F5F5F5
310
F5F5F5F52DF5F5F5F5F5F5F5F5F5F5F5F5F5F5F5F5F5F5F5F5F5F5F5F5F5F5F5F5F5F5F5F5F5F5F5F5F5F5F5F5F5F5F5F5F5F5F5F5F5F5F5F5F5F5F5F5F5F5F5F5F5F5F5F5F5F5F5F5F5F5F5F5F5F5F5F5F5F5F5F5F5F5F5F5F5F5F5F5F5F5F5F5F5F5F5F5F5F5F5F5F5F5F5F5F5F5F5F5F5F5F5F5F5F5F5F5F5F5F5F5F5F5
310
F5F5F5F5F5F5F5F5F5F5F5F5F52DF5F5F5F5F5F5F5F5F5F5F5F5F5F5F5F5E2F5F5F5E2E2E2F5F5F5E2F5F5F5F5F5F5F5F5F5F5F5F5F5F5F5F52DF5F5F5F5F5F5F5F5F5F5F5F5F5F5F5F5F5F5F5F5F5F5F5F5F5F5F5F5F5F5F5F5F5F5F5F5F5F5F5F5F5F5F5F5F5F5F5F5F5F5F5F5F5F5F5F5F5F5F5F5F5F5F5F5F5F5F5F5F5
310
F5F5F5F5F5F5F5F5F5F5F5F5F5F5F5F5F5F5F5F5F5F5F5F5F5F5F5F5F5F5F5F5F5F5F5F5F5F5F5F5F5F5F5F5F5F5F5F5F5F5F5F5F5F5F5F5F5F5F5F5F5F5F5F5F5F52DF5F5F5F5F5F5F5F5F5F5F5F5F5F5F5F5E2F5F5F5E2E2E2F5F5F5E2F5F5F5F5F5F5F5F5F5F5F5F5F5F5F5F52DF5F5F5F5F5F5F5F5F5F5F5F5F5F5F5F5
310
F5F5F5F5F5F5F5F5F5F5F5F5F5F5F5F5F5F5F5F5F5F5F5F5F5F5F5F5F5F5F5F5F5F5F5F5F5F5F5F5F5F5F5F5F5F5F5F5F5F5F5F5F5F5F5F5F5F5F5F5F5F5F5F5F5F5F5F5F5F5F5F5F5F5F5F5F5F5F5F5F5F5F5F5F5F5F5F5F5F5F5F5F5F5F5F5F5F5F5F5F5F5F5F5F5F5F5F5F5F5F5F5F5F5F5F5F5F5F52DF5F5F5F5F5F5F5
310
F5F5F5F5F5F5F5F5F5E2F5F5F5E2E2E2F5F5F5E2F5F5F5F5F5F5F5F5F5F5F5F5F5F5F5F52DF5F5F5F5F5F5F5F5F5F5F5F5F5F5F5F5F5F5F5F5F5F5F5F5F5F5F5F5F5F5F5F5F5F5F5F5F5F5F5F5F5F5F5F5F5F5F5F5F5F5F5F5F5F5F5F5F5F5F5F5F5F5F5F5F5F5F5F5F5F5F5F5F5F5F5F5F5F5F5F5F5F5F5F5F5F5F5F5F5F5
310
F5F5F5F5F5F5F5F5F5F5F5F5F5F5F5F5F5F5F5F5F5F5F5F5F5F5F5F5F5F5F5F5F5F5F5F5F5F5F5F5F5F5F5F5F52DF5F5F5F5F5F5F5F5F5F5F5F5F5F5F5F5E2F5F5F5E2E2E2F5F5F5E2F5F5F5F5F5F5F5F5F5F5F5F5F5F5F5F52DF5F5F5F5F5F5F5F5F5F5F5F5F5F5F5F5F5F5F5F5F5F5F5F5F5F5F5F5F5F5F5F5F5F5F5F5F5
310
F5F5F5F5F5F5F5F5F5F5F5F5F5F5F5F5F5F5F5F5F5F5F5F5F5F5F5F5F5F5F5F5F5F5F5F5F5F5F5F5F5F5F5F5F5F5F5F5F5F5F5F5F5F5F5F5F5F5F5F5F5F5F5F5F5F5F5F5F5F5F5F5F5F5F5F5F5F5F5F5F5F5F5F5F5F5F5F5F5F5F5F5F5F5F5F5F5F52DF5F5F5F5F5F5F5F5F5F5F5F5F5F5F5F5E2F5F5F5E2E2E2F5F5F5E2F5
310
F5F5F5F5F5F5F5F5F5F5F5F5F5F5F52DF5F5F5F5F5F5F5F5F5F5F5F5F5F5F5F5F5F5F5F5F5F5F5F5F5F5F5F5F5F5F5F5F5F5F5F5F5F5F5F5F5F5F5F5F5F5F5F5F5F5F5F5F5F5F5F5F5F5F5F5F5F5F5F5F5F5F5F5F5F5F5F5F5F5F5F5F5F5F5F5F5F5F5F5F5F5F5F5F5F5F5F5F5F5F5F5F5F5F5F5F5F5F5F5F5F5F5F5F5F5F5
310
F5F5F5F5F5F5F5F5F5F5F5F5F5F5F5F5F5F5F5F5F5F5F5F52DF5F5F5F5F5F5F5F5F5F5F5F5F5F5F5F5E2F5F5F5E2E2E2F5F5F5E2F5F5F5F5F5F5F5F5F5F5F5F5F5F5F5F52DF5F5F5F5F5F5F5F5F5F5F5F5F5F5F5F5F5F5F5F5F5F5F5F5F5F5F5F5F5F5F5F5F5F5F5F5F5F5F5F5F5F5F5F5F5F5F5F5F5F5F5F5F5F5F5F5F5F5
310
F5F5F5F5F5F5F5F5F5F5F5F5F5F5F5F5F5F5F5F5F5F5F5F5F5F5F5F5F5F5F5F5F5F5F5F5F5F5F5F5F5F5F5F5F5F5F5F5F5F5F5F5F5F5F5F5F5F5F5F5F5F5F5F5F5F5F5F5F5F5F5F5F5F5F5F5F52DF5F5F5F5F5F5F5F5F5F5F5F5F5F5F5F5E2F5F5F5E2E2E2F5F5F5E2F5F5F5F5F5F5F5F5F5F5F5F5F5F5F5F52DF5F5F5F5F5
310
F5F5F5F5F5F5F5F5F5F5F5F5F5F5F5F5F5F5F5F5F5F5F5F5F5F5F5F5F5F5F5F5F5F5F5F5F5F5F5F5F5F5F5F5F5F5F5F5F5F5F5F5F5F5F5F5F5F5F5F5F5F5F5F5F5F5F5F5F5F5F5F5F5F5F5F5F5F5F5F5F5F5F5F5F5F5F5F5F5F5F5F5F5F5F5F5F5F5F5F5F5F5F5F5F5F5F5F5F5F5F5F5F5F5F5F5F5F5F5F5F5F5F5F5F5F5F5
310
F5F5F52DF5F5F5F5F5F5F5F5F5F5F5F5F5F5F5F5E2F5F5F5E2E2E2F5F5F5F5F5F5F5F5F5F5F5F5F5F5F5F5F5F5F5F52DF5F5F5F5F5F5F5F5F5F5F5F5F5F5F5F5F5F5F5F5F5F5F5F5F5F5F5F5F5F5F5F5F5F5F5F5F5F5F5F5F5F5F5F5F5F5F5F5F5F5F5F5F5F5F5F5F5F5F5F5F5F5F5F5F5F5F5F5F5F5F5F5F5F5F5F5F5F5F5
310
F5F5F5F5F5F5F5F5F5F5F5F5F5F5F5F5F5F5F5F5F5F5F5F5F5F5F5F5F5F5F5F5F5F5F5F5F5F5F5F5F5F5F5F5F5F5F5F5F5F5F5F5F5F5F5F52DF5F5F5F5F5F5F5F5F5F5F5F5F5F5F5F5F5F5F5F5E2E2E2F5F5F5F5F5F5F5F5F5F5F5F5F5F5F5F5F5F5F5F52DF5F5F5F5F5F5F5F5F5F5F5F5F5F5F5F5F5F5F5F5F5F5F5F5F5F5
310
F5F5F5F5F5F5F5F5F5F5F5F5F5F5F5F5F5F5F5F5F5F5F5F5F5F5F5F5F5F5F5F5F5F5F5F5F5F5F5F5F5F5F5F5F5F5F5F5F5F5F5F5F5F5F5F5F5F5F5F5F5F5F5F5F5F5F5F5F5F5F5F5F5F5F5F5F5F5F5F5F5F5F5F5F5F5F5F5F5F5F5F5F5F5F5F5F5F5F5F5F5F5F5F5F5F5F5F5F52DF5F5F5F5F5F5F5F5F5F5F5F5F5F5F5F5F5
310
F5F5F5E2E2E2F5F5F5F5F5F5F5F5F5F5F5F5F5F5F5F5F5F5F5F52DF5F5F5F5F5F5F5F5F5F5F5F5F5F5F5F5F5F5F5F5F5F5F5F5F5F5F5F5F5F5F5F5F5F5F5F5F5F5F5F5F5F5F5F5F5F5F5F5F5F5F5F5F5F5F5F5F5F5F5F5F5F5F5F5F5F5F5F5F5F5F5F5F5F5F5F5F5F5F5F5F5F5F5F5F5F5F5F5F5F5F5F5F5F5F5F5F5F5F5F5
310
F5F5F5F5F5F5F5F5F5F5F5F5F5F5F5F5F5F5F5F5F5F5F5F5F5F5F5F5F5F5F5F5F5F5F52DF5F5F5F5F5F5F5F5F5F5F5F5F5F5F5F5F5F5F5F5E2E2E2F5F5F5F5F5F5F5F5F5F5F5F5F5F5F5F5F5F5F5F52DF5F5F5F5F5F5F5F5F5F5F5F5F5F5F5F5F5F5F5F5F5F5F5F5F5F5F5F5F5F5F5F5F5F5F5F5F5F5F5F5F5F5F5F5F5F5F5
310
F5F5F5F5F5F5F5F5F5F5F5F5F5F5F5F5F5F5F5F5F5F5F5F5F5F5F5F5F5F5F5F5F5F5F5F5F5F5F5F5F5F5F5F5F5F5F5F5F5F5F5F5F5F5F5F5F5F5F5F5F5F5F5F5F5F5F5F5F5F5F5F5F5F5F5F5F5F5F5F5F5F5F5F5F5F5F5F52DF5F5F5F5F5F5F5F5F5F5F5F5F5F5F5F5F5F5F5F5E2E2E2F5F5F5F5F5F5F5F5F5F5F5F5F5F5F5
310
F5F5F5F5F52D2D2D2D2D2D2D2D2D2D2D2D2D2D2D2D2D2D2D2D2D2D2D2D2D2D2D2D2D2D2D2D2D2D2D2D2D2D2D2D2D2D2D2D2D2D2D2D2D2D2D2D2D2D2D2D2D2D2D2D2D2D2D2D2D2D2D2D2D2D2D2D2D2D2D2D2D2D2D2D2D2D2D2D2D2D2D2D2D2D2D2D2D2D2D2D2D2D2D2D2D2D2D2D2D2D2D2D2D2D2D2D2D2D2D2D2D2D2D2D2D2D
310
2D2D2D2D2D2D2D2D2D2D2D2D2D2D2DF5F5F5F5F5F5F5F5F5F5F5F5F5F5F5F5F5F5F5F5E2E2E2F5F5F5F5F5F5F5F5F5F5F5F5F5F5F5F5F5F5F5F5F5F5F5F5F5F5F5F5F5F5F5F5F5F5F5F5F5F5F5F5F5F5F5F5F5F5F5F5F5F5F5F5F5F5F5F5F5F5F5F5F5F5F5F5F5F5F5F5F5F5F5F5F5F5F5F5F5F5F5F5F5F5F5F5F5F5F5F5F5
310
F5F5F5F5F5F5F5F5F5F5F5F5F5F5F5F5F5F5F5F5F5F5F5F5F5F5F5F5F5F5F5F5F5F5F5F5F5F5F5F5F5F5F5F5F5F5F5F5F5F5F5F5F5F5F5F5F5F5F5F5F5F5F5F5F5F5F5F5F5F5F5F5F5F5F5F5F5F5F5F5F5F5F5F5F5F5F5F5E2E2E2F5F5F5F5F5F5F5F5F5F5F5F5F5F5F5F5F5F5F5F5F5F5F5F5F5F5F5F5F5F5F5F5F5F5F5F5
310
F5F5F5F5F5F5F5F5F5F5F5F5F5F5F5F5F5F5F5F5F5F5F5F5F5F5F5F5F5F5F5F5F5F5F5F5F5F5F5F5F5F5F5F5F5F5F5F5F5F5F5F5F5F5F5F5F5F5F5F5F5F5F5F5F5F5F5F5F5F5F5F5F5F5F5F5F5F5F5F5F5F5F5F5F5F5F5F5F5F5F5F5F5F5F5F5F5F5F5F5F5F5F5F5F5F5F5F5F5F5F5F5F5F5F5F5F5F5F5F5F5F5F5F5F5F5F5
310
F5F5F5F5F5F5F5F5F5F5F5F5F5F5E2E2E2F5F5F5F5F5F5F5F5F5F5F5F5F5F5F5F5F5F5F5F5F5F5F5F5F5F5F5F5F5F5F5F5F5F5F5F5F5F5F5F5F5F5F5F5F5F5F5F5F5F5F5F5F5F5F5F5F5F5F5F5F5F5F5F5F5F5F5F5F5F5F5F5F5F5F5F5F5F5F5F5F5F5F5F5F5F5F5F5F5F5F5F5F5F5F5F5F5F5F5F5F5F5F5F5F5F5F5F5F5F5
310
F5F5F5F5F5F5F5F5F5F5F5F5F5F5F5F5F5F5F5F5F5F5F5F5F5F5F5F5F5F5F5F5F5F5F5F5F5F5F5F5F5F5F5F5F5F5F5F5F5F5F5F5F5F5F5F5F5F5F5F5F5F5F5F5F5F5F5E2E2E2F5F5F5F5F5F5F5F5F5F5F5F5F5F5F5F5F5F5F5F5F5F5F5F5F5F5F5F5F5F5F5F5F5F5F5F5F5F5F5F5F5F5F5F5F5F5F5F5F5F5F5F5F5F5F5F5F5
310
F5F5F5F5F5F5F5F5F5F5F5F5F5F5F5F5F5F5F5F5F5F5F5F5F5F5F5F5F5F5F5F5F5F5F5F5F5F5F5F5F5F5F5F5F5F5F5F5F5F5F5F5F5F5F5F5F5F5F5F5F5F5F5F5F5F5F5F5F5F5F5F5F5F5F5F5F5F5F5F5F5F5F5F5F5F5F5F5F5F5F5F5F5F5F5F5F5F5F5F5F5F5F5F5F5F5F5F5F5F5F5F5F5F5F5F5F5F5F5F5E2E2E2F5F5F5E2
310
F5F5F5F5F5F5F5F5F5F5F5F5F5F5F5F5F5F5F5F5F5F5F5F5F5F5F5F5F5F5F5F5F5F5F5F5F5F5F5F5F5F5F5F5F5F5F5F5F5F5F5F5F5F5F5F5F5F5F5F5F5F5F5F5F5F5F5F5F5F5F5F5F5F5F5F5F5F5F5F5F5F5F5F5F5F5F5F5F5F5F5F5F5F5F5F5F5F5F5F5F5F5F5F5F5F5F5F5F5F5F5F5F5F5F5F5F5F5F5F5F5F5F5F5F5F5F5
310
F5F5F5F5F5F5F5F5F5F5F5F5F5F5F5F5F5F5F5F5F5F5F5F5F5F5F5F5F5F5F5F5F5F5F5F5F5F5F5F5F5F5E2F5F5F5E2E2E2F5F5F5E2F5F5F5F5F5F5F5F5F5F5F5F5F5F5F5F5F5F5F5F5F5F5F5F5F5F5F5F5F5F5F5F5F5F5F5F5F5F5F5F5F5F5F5F5F5F5F5F5F5F5F5F5F5F5F5F5F5F5F5F5F5F5F5F5F5F5F5F5F5F5F5F5F5F5
310
F5F5F5F5F5F5F5F5F5F5F5F5F5F5F5F5F5F5F5F5F5F5F5F5F5F5F5F5F5F5F5F5F5F5F5F5F5F5F5F5F5F5F5F5F5F5F5F5F5F5F5F5F5F5F5F5F5F5F5F5F5F5F5F5F5F5F5F5F5F5F5F5F5F5F5F5F5F5F5F5F5F5F5F5F5F5F5F5F5F5F5F5F5F5F5E2F5F5F5E2E2E2F5F5F5E2F5F5F5F5F5F5F5F5F5F5F5F5F5F5F5F5F5F5F5F5F5
310
F5F5F5F5F5F5F5F5F5F5F5F5F5F5F5F5F5F5F5F5F5F5F5F5F5F5F5F5F5F5F5F5F5F5F5F5F5F5F5F5F5F5F5F5F5F5F5F5F5F5F5F5F5F5F5F5F5F5F5F5F5F5F5F5F5F5F5F5F5F5F5F5F5F5F5F5F5F5F5F5F5F5F5F5F5F5F5F5F5F5F5F5F5F5F5F5F5F5F5F5F5F5F5F5F5F5F5F5F5F5F5F5F5F5F5F5F5F5F5F5F5F5F5F5F5F5F5
310
F5F5F5F5F5F5F5F5F5F5F5F5F5F5F5F5F5F5F5F5F5E2F5F5F5E2E2E2F5F5F5E2F5F5F5F5F5F5F5F5F5F5F5F5F5F5F5F5F5F5F5F5F5F5F5F5F5F5F5F5F5F5F5F5F5F5F5F5F5F5F5F5F5F5F5F5F5F5F5F5F5F5F5F5F5F5F5F5F5F5F5F5F5F5F5F5F5F5F5F5F5F5F5F5F5F5F5F5F5F5F5F5F5F5F5F5F5F5F5F5F5F5F5F5F5F5F5
310
F5F5F5F5F5F5F5F5F5F5F5F5F5F5F5F5F5F5F5F5F5F5F5F5F5F5F5F5F5F5F5F5F5F5F5F5F5F5F5F5F5F5F5F5F5F5F5F5F5F5F5F5F5F5F5F5F5F5F5F5F5F5F5F5F5F5F5F5F5F5F5F5F5F5E2F5F5F5E2E2E2F5F5F5E2F5F5F5F5F5F5F5F5F5F5F5F5F5F5F5F5F5F5F5F5F5F5F5F5F5F5F5F5F5F5F5F5F5F5F5F5F5F5F5F5F5F5
310
F5F5F5F5F5F5F5F5F5F5F5F5F5F5F5F5F5F5F5F5F5F5F5F5F5F5F5F5F5F5F5F5F5F5F5F5F5F5F5F5F5F5F5F5F5F5F5F5F5F5F5F5F5F5F5F5F5F5F5F5F5F5F5F5F5F5F5F5F5F5F5F5F5F5F5F5F5F5F5F5F5F5F5F5F5F5F5F5F5F5F5F5F5F5F5F5F5F5F5F5F5F5F5F5F5F5F5F5F5F5F5F5F5F5F5F5F5F5F5F5F5F5F5F5F5F5F5
310
E2F5F5F5E2E2E2F5F5F5E2F5F5F5F5F5F5F5F5F5F5F5F5F5F5F5F5F5F5F5F5F5F5F5F5F5F5F5F5F5F5F5F5F5F5F5F5F5F5F5F5F5F5F5F5F5F5F5F5F5F5F5F5F5F5F5F5F5F5F5F5F5F5F5F5F5F5F5F5F5F5F5F5F5F5F5F5F5F5F5F5F5F5F5F5F5F5F5F5F5F5F5F5F5F5F5F5F5F5F5F5F5F5F5F5F5F5F5F5F5F5F5F5F5F5F5F5
310
F5F5F5F5F5F5F5F5F5F5F5F5F5F5F5F5F5F5F5F5F5F5F5F5F5F5F5F5F5F5F5F5F5F5F5F5F5F5F5F5F5F5F5F5F5F5F5F5F5F5F5F5F5E2F5F5F5E2E2E2F5F5F5E2F5F5F5F5F5F5F5F5F5F5F5F5F5F5F5F5F5F5F5F5F5F5F5F5F5F5F5F5F5F5F5F5F5F5F5F5F5F5F5F5F5F5F5F5F5F5F5F5F5F5F5F5F5F5F5F5F5F5F5F5F5F5F5
310
F5F5F5F5F5F5F5F5F5F5F5F5F5F5F5F5F5F5F5F5F5F5F5F5F5F5F5F5F5F5F5F5F5F5F5F5F5F5F5F5F5F5F5F5F5F5F5F5F5F5F5F5F5F5F5F5F5F5F5F5F5F5F5F5F5F5F5F5F5F5F5F5F5F5F5F5F5F5F5F5F5F5F5F5F5F5F5F5F5F5F5F5F5F5F5F5F5F5F5F5F5F5F5F5F5F5E2F5F5F5E2E2E2F5F5F5E2F5F5F5F5F5F5F5F5F5F5
310
F5F5F5F5F5F5F5F5F5F5F5F5F5F5F5F5F5F5F5F5F5F5F5F5F5F5F5F5F5F5F5F5F5F5F5F5F5F5F5F5F5F5F5F5F5F5F5F5F5F5F5F5F5F5F5F5F5F5F5F5F5F5F5F5F5F5F5F5F5F5F5F5F5F5F5F5F5F5F5F5F5F5F5F5F5F5F5F5F5F5F5F5F5F5F5F5F5F5F5F5F5F5F5F5F5F5F5F5F5F5F5F5F5F5F5F5F5F5F5F5F5F5F5F5F5F5F5
310
F5F5F5F5F5F5F5F5F5F5F5F5F5F5F5F5F5F5F5F5F5F5F5F5F5F5F5F5F5F5F5F5E2F5F5F5E2E2E2F5F5F5E2E2E2E2E2E2E2E2F5F5F5F5F5F5F5F5F5E2E2E2E2E2E2E2E2E2E2E2E2E2E2E2E2F5F5F5F5F5F5F5F5E2E2E2E2E2E2E2E2E2E2E2E2E2E2E2E2F5F5F5F5F5F5F5F5F5E2E2E2E2E2E2E2E2E2E2E2E2E2E2E2F5F5F5F5
310
F5F5F5F5F5E2E2E2E2E2E2E2E2E2E2E2E2E2E2E2F5F5F5F5F5F5F5F5F5E2E2E2E2E2E2E2E2E2E2E2E2E2E2E2E2F5F5F5F5F5F5F5F5E2E2E2E2E2E2E2E2E2E2E2E2E2E2E2E2F5F5F5F5F5F5F5F5F5E2E2E2E2E2E2E2E2F5F5F5E2E2E2F5F5F5F5F5F5F5F5F5F5F5F5F5F5F5F5F5F5F5F5F5F5F5F5F5F5F5F5F5F5F5F5F5F5F5
310
F5F5F5F5F5F5F5F5F5F5F5F5F5F5F5F5F5F5F5F5F5F5F5F5F5F5F5F5F5F5F5F5F5F5F5F5F5F5F5F5F5F5F5F5F5F5F5F5F5F5F5F5F5F5F5F5F5F5F5F5F5F5F5F5F5F5F5F5F5F5F5F5F5F5F5F5F5F5F5F5F5F5F5F5F5F5F5F5F5F5F5F5F5F5F5F5F5F5F5F5F5F5F5F5F5F5F5F5F5F5F5F5F5F5F5F5F5F5F5F5F5F5F5F5F5F5F5
310
F5F5F5F5F5F5F5F5F5F5F5F5F5F5F5E2E2E2F5F5F5F5F5F5F5F5F5F5F5F5F5F5F5F5F5F5F5F5F5F5F5F5F5F5F5F5F5F5F5F5F5F5F5F5F5F5F5F5F5F5F5F5F5F5F5F5F5F5F5F5F5F5F5F5F5F5F5F5F5F5F5F5F5F5F5F5F5F5F5F5F5F5F5F5F5F5F5F5F5F5F5F5F5F5F5F5F5F5F5F5F5F5F5F5F5F5F5F5F5F5F5F5F5F5F5F5F5
310
F5F5F5F5F5F5F5F5F5F5F5F5F5F5F5F5F5F5F5F5F5F5F5F5F5F5F5F5F5F5F5F5F5F5F5F5F5F5F5F5F5F5F5F5F5F5F5F5F5F5F5F5F5F5F5F5F5F5F5F5F5F5F5F5F5F5F5F5E2EFE2F5F5F5F5F5F5F5F5F5F5F5F5F5F5F5F5F5F5F5F5F5F5F5F5F5F5F5F5F5F5F5F5F5F5F5F5F5F5F5F5F5F5F5F5F5F5F5F5F5F5F5F5F5F5F5F5
310
F5F5F5F5F5F5F5F5F5F5F5F5F5F5F5F5F5F5F5F5F5F5F5F5F5F5F5F5F5F5F5F5F5F5F5F5F5F5F5F5F5F5F5F5F5F5F5F5F5F5F5F5F5F5F5F5F5F5F5F5F5F5F5F5F5F5F5F5F5F5F5F5F5F5F5F5F5F5F5F5F5F5F5F5F5F5F5F5F5F5F5F5F5F5F5F5F5F5F5F5F5F5F5F5F5F5F5F5F5F5F5F5F5F5F5F5F5F5F5F5F5E2EF
  0
DICTIONARY
  5
1A
330
19
100
AcDbDictionary
280
     1
281
     1
  3
ACAD_LAYERFILTERS
360
501
  3
ACAD_LAYERSTATES
360
1C
  3
ACLYDICTIONARY
360
500
  0
DICTIONARY
  5
1C
102
{ACAD_REACTORS
330
1A
102
}
330
1A
100
AcDbDictionary
281
     1
  0
VISUALSTYLE
  5
29
102
{ACAD_REACTORS
330
2A
102
}
330
2A
100
AcDbVisualStyle
  2
2dWireframe
 70
     4
 71
     0
 72
     2
 73
     0
 90
        0
 40
-0.6
 41
-30.0
 62
     5
 63
     7
 74
     1
 91
        4
 64
     7
 65
   257
 75
     1
175
     1
 42
1.0
 92
        0
 66
   257
 43
1.0
 76
     1
 77
     6
 78
     2
 67
     7
 79
     5
170
     0
171
     0
290
     0
174
     0
 93
        1
 44
0.0
173
     0
291
     0
 45
0.0
1001
ACAD
1000
AcRTDxfName
1000
VISUALSTYLE
1000
AcRTDxfName
1000
VISUALSTYLE
1000
AcRTDxfName
1000
VISUALSTYLE
1000
AcRTDxfName
1000
VISUALSTYLE
1000
AcRTDxfName
1000
VISUALSTYLE
1000
AcRTDxfName
1000
VISUALSTYLE
1000
AcRTDxfName
1000
VISUALSTYLE
1000
AcRTDxfName
1000
VISUALSTYLE
1000
AcRTDxfName
1000
VISUALSTYLE
  0
DICTIONARY
  5
2A
102
{ACAD_REACTORS
330
B
102
}
330
B
100
AcDbDictionary
281
     1
  3
2dWireframe
350
29
  3
3D Hidden
350
466
  3
3dWireframe
350
58
  3
Basic
350
465
  3
Brighten
350
469
  3
ColorChange
350
46D
  3
Conceptual
350
467
  3
Dim
350
468
  3
Facepattern
350
46C
  3
Flat
350
461
  3
FlatWithEdges
350
462
  3
Gouraud
350
463
  3
GouraudWithEdges
350
464
  3
Linepattern
350
46B
  3
Realistic
350
57
  3
Thicken
350
46A
  0
DICTIONARY
  5
2B
330
27
100
AcDbDictionary
280
     1
281
     1
  0
DICTIONARY
  5
30
330
2F
100
AcDbDictionary
280
     1
281
     1
  3
ACAD_SORTENTS
360
437
  0
DICTIONARY
  5
3C
330
3B
100
AcDbDictionary
280
     1
281
     1
  3
ACAD_SORTENTS
360
438
  0
DICTIONARY
  5
49
102
{ACAD_REACTORS
330
B
102
}
330
B
100
AcDbDictionary
281
     1
  0
DICTIONARY
  5
4A
102
{ACAD_REACTORS
330
B
102
}
330
B
100
AcDbDictionary
281
     1
  3
Standard
350
53
  0
DICTIONARY
  5
4B
102
{ACAD_REACTORS
330
B
102
}
330
B
100
AcDbDictionary
281
     1
  0
DICTIONARY
  5
4E
102
{ACAD_REACTORS
330
B
102
}
330
B
100
AcDbDictionary
281
     1
  0
DICTIONARY
  5
4F
102
{ACAD_REACTORS
330
B
102
}
330
B
100
AcDbDictionary
281
     1
  3
Standard
350
54
  0
DICTIONARY
  5
51
330
50
100
AcDbDictionary
280
     1
281
     1
  3
ADSK_XREC_LAYER_RECONCILED
360
52
  0
XRECORD
  5
52
102
{ACAD_REACTORS
330
51
102
}
330
51
100
AcDbXrecord
280
     1
290
     1
  0
MLINESTYLE
  5
53
102
{ACAD_REACTORS
330
4A
102
}
330
4A
100
AcDbMlineStyle
  2
STANDARD
 70
     0
  3

 62
     0
 51
90.0
 52
90.0
 71
     2
 49
0.5
 62
     0
  6
BYLAYER
 49
-0.5
 62
     0
  6
BYLAYER
  0
TABLESTYLE
  5
54
102
{ACAD_XDICTIONARY
360
55
102
}
102
{ACAD_REACTORS
330
4F
102
}
330
4F
100
AcDbTableStyle
  3
Standard
 70
     0
 71
     0
 40
0.06
 41
0.06
280
     0
281
     0
  7
Standard
140
0.18
170
     2
 62
     0
 63
     7
283
     0
274
    -2
284
     1
 64
     0
275
    -2
285
     1
 65
     0
276
    -2
286
     1
 66
     0
277
    -2
287
     1
 67
     0
278
    -2
288
     1
 68
     0
279
    -2
289
     1
 69
     0
  7
Standard
140
1.0
170
    18
 62
   256
420
3254976512
 63
   256
421
3267428352
283
     0
274
   256
284
     1
 64
   256
422
3271360816
275
     0
285
     0
 65
   256
423
3271556353
276
 12288
286
     0
 66
   256
424
3271556353
277
 12288
287
     0
 67
   256
425
3271556353
278
 12288
288
     0
 68
   256
426
3271556353
279
 12288
289
     0
 69
   256
427
3271556353
  7
Standard
140
-4.95299054386177E-136
170
   192
 62
   256
420
3254780160
 63
   256
421
3254780160
283
     1
274
   256
284
     1
 64
   256
422
3254779909
275
     0
285
     0
 65
   256
423
3263169284
276
     0
286
     0
 66
   256
424
3254780160
277
     0
287
     0
 67
   256
425
3271489287
278
-16128
288
     0
 68
   256
426
3254780160
279
     0
289
     0
 69
   256
427
3271489287
  0
DICTIONARY
  5
55
330
54
100
AcDbDictionary
280
     1
281
     1
  3
ACAD_ROUNDTRIP_2008_TABLESTYLE_CELLSTYLEMAP
360
56
  0
VISUALSTYLE
  5
57
102
{ACAD_REACTORS
330
2A
102
}
330
2A
100
AcDbVisualStyle
  2
Realistic
 70
     8
 71
     2
 72
     2
 73
     0
 90
        0
 40
-0.6
 41
-30.0
 62
     5
 63
     7
 74
     1
 91
        0
 64
     7
 65
   257
 75
     1
175
     1
 42
1.0
 92
        8
 66
     8
 43
1.0
 76
     1
 77
     6
 78
     2
 67
     7
 79
     5
170
     0
171
     0
290
     0
174
     0
 93
       13
 44
0.0
173
     0
291
     0
 45
0.0
1001
ACAD
1000
AcRTDxfName
1000
VISUALSTYLE
1000
AcRTDxfName
1000
VISUALSTYLE
1000
AcRTDxfName
1000
VISUALSTYLE
1000
AcRTDxfName
1000
VISUALSTYLE
1000
AcRTDxfName
1000
VISUALSTYLE
1000
AcRTDxfName
1000
VISUALSTYLE
1000
AcRTDxfName
1000
VISUALSTYLE
1000
AcRTDxfName
1000
VISUALSTYLE
1000
AcRTDxfName
1000
VISUALSTYLE
  0
VISUALSTYLE
  5
58
102
{ACAD_REACTORS
330
2A
102
}
330
2A
100
AcDbVisualStyle
  2
3dWireframe
 70
     5
 71
     0
 72
     2
 73
     0
 90
        0
 40
-0.6
 41
-30.0
 62
     5
 63
     7
 74
     1
 91
        4
 64
     7
 65
   257
 75
     1
175
     1
 42
1.0
 92
        0
 66
   257
 43
1.0
 76
     1
 77
     6
 78
     2
 67
     7
 79
     5
170
     0
171
     0
290
     0
174
     0
 93
        1
 44
0.0
173
     0
291
     0
 45
0.0
1001
ACAD
1000
AcRTDxfName
1000
VISUALSTYLE
1000
AcRTDxfName
1000
VISUALSTYLE
1000
AcRTDxfName
1000
VISUALSTYLE
1000
AcRTDxfName
1000
VISUALSTYLE
1000
AcRTDxfName
1000
VISUALSTYLE
1000
AcRTDxfName
1000
VISUALSTYLE
1000
AcRTDxfName
1000
VISUALSTYLE
1000
AcRTDxfName
1000
VISUALSTYLE
1000
AcRTDxfName
1000
VISUALSTYLE
  0
DICTIONARY
  5
5B
330
5A
100
AcDbDictionary
280
     1
281
     1
  3
ADSK_XREC_LAYER_RECONCILED
360
5C
  0
XRECORD
  5
5C
102
{ACAD_REACTORS
330
5B
102
}
330
5B
100
AcDbXrecord
280
     1
290
     1
  0
DICTIONARY
  5
62
330
61
100
AcDbDictionary
280
     1
281
     1
  3
ADSK_XREC_LAYER_RECONCILED
360
63
  0
XRECORD
  5
63
102
{ACAD_REACTORS
330
62
102
}
330
62
100
AcDbXrecord
280
     1
290
     1
  0
DICTIONARY
  5
D2
330
D1
100
AcDbDictionary
280
     1
281
     1
  3
ADSK_XREC_LAYER_RECONCILED
360
D3
  0
XRECORD
  5
D3
102
{ACAD_REACTORS
330
D2
102
}
330
D2
100
AcDbXrecord
280
     1
290
     1
  0
DICTIONARY
  5
FC
330
FB
100
AcDbDictionary
280
     1
281
     1
  3
ADSK_XREC_LAYER_RECONCILED
360
FD
  0
XRECORD
  5
FD
102
{ACAD_REACTORS
330
FC
102
}
330
FC
100
AcDbXrecord
280
     1
290
     1
  0
DICTIONARY
  5
1D7
330
1D6
100
AcDbDictionary
280
     1
281
     1
  3
ACAD_DIMASSOC
360
1D8
  0
DICTIONARY
  5
26C
330
26B
100
AcDbDictionary
280
     1
281
     1
  3
ADSK_XREC_LAYER_RECONCILED
360
26D
  0
XRECORD
  5
26D
102
{ACAD_REACTORS
330
26C
102
}
330
26C
100
AcDbXrecord
280
     1
290
     1
  0
DICTIONARY
  5
2A8
330
2A7
100
AcDbDictionary
280
     1
281
     1
  3
ACAD_DIMASSOC
360
2A9
  0
DICTIONARY
  5
2C5
330
2C4
100
AcDbDictionary
280
     1
281
     1
  3
ACAD_DIMASSOC
360
2C6
  0
DICTIONARY
  5
301
330
300
100
AcDbDictionary
280
     1
281
     1
  3
ACAD_DIMASSOC
360
302
  0
DICTIONARY
  5
32C
330
32B
100
AcDbDictionary
280
     1
281
     1
  3
ACAD_DIMASSOC
360
32D
  0
DICTIONARY
  5
33C
330
33B
100
AcDbDictionary
280
     1
281
     1
  3
ACAD_DIMASSOC
360
33D
  0
DICTIONARY
  5
3B2
330
3B1
100
AcDbDictionary
280
     1
281
     1
  3
ACAD_DIMASSOC
360
3B3
  0
DICTIONARY
  5
3C2
330
3C1
100
AcDbDictionary
280
     1
281
     1
  3
ACAD_DIMASSOC
360
3C3
  0
DICTIONARY
  5
42F
330
42E
100
AcDbDictionary
280
     1
281
     1
  3
ACAD_MTEXT_2008_RT
360
430
  0
XRECORD
  5
430
102
{ACAD_REACTORS
330
42F
102
}
330
42F
100
AcDbXrecord
280
     1
 40
42361.0
  1
\A1;\pxqc;{\fArial|b0|i0|c0|p34;+0'-6"}
  0
DICTIONARY
  5
432
330
431
100
AcDbDictionary
280
     1
281
     1
  3
ADSK_XREC_LAYER_RECONCILED
360
433
  0
XRECORD
  5
433
102
{ACAD_REACTORS
330
432
102
}
330
432
100
AcDbXrecord
280
     1
290
     1
  0
DICTIONARY
  5
435
330
434
100
AcDbDictionary
280
     1
281
     1
  3
ACAD_MTEXT_2008_RT
360
436
  0
XRECORD
  5
436
102
{ACAD_REACTORS
330
435
102
}
330
435
100
AcDbXrecord
280
     1
 40
42361.0
  1
\A1;\pxqc;{\fArial|b0|i0|c0|p34;+0'-6"}
  0
SORTENTSTABLE
  5
437
102
{ACAD_REACTORS
330
30
102
}
330
30
100
AcDbSortentsTable
  0
SORTENTSTABLE
  5
438
102
{ACAD_REACTORS
330
3C
102
}
330
3C
100
AcDbSortentsTable
  0
SORTENTSTABLE
  5
439
102
{ACAD_REACTORS
330
3
102
}
330
3
100
AcDbSortentsTable
331
189
  5
18A
331
1C8
  5
1C9
331
6E
  5
6E
331
9D
  5
9E
331
DC
  5
DD
331
2BC
  5
2BD
331
369
  5
36A
331
3A8
  5
3A9
331
27D
  5
27E
331
191
  5
192
331
1D0
  5
1D1
331
76
  5
77
331
A5
  5
A6
331
15A
  5
15B
331
207
  5
208
331
3E7
  5
0
331
2C4
  5
2D4
331
371
  5
372
331
3B0
  5
3B1
331
AD
  5
AE
331
162
  5
163
331
199
  5
19A
331
285
  5
286
331
28D
  5
28E
331
379
  5
37A
331
42E
  5
434
331
1A1
  5
1A2
331
256
  5
257
331
3F7
  5
3F8
331
295
  5
296
331
21F
  5
220
331
381
  5
382
331
3FF
  5
400
331
16A
  5
16B
331
7E
  5
7F
331
BD
  5
BE
331
F4
  5
F5
331
1A9
  5
1AA
331
389
  5
38A
331
313
  5
314
331
25E
  5
25F
331
29D
  5
29E
331
1B1
  5
1B2
331
1E8
  5
1E9
331
86
  5
87
331
C5
  5
C6
331
172
  5
173
331
227
  5
228
331
2D4
  5
2E2
331
391
  5
392
331
22F
  5
230
331
17A
  5
17B
331
CD
  5
CE
331
104
  5
105
331
1B9
  5
1BA
331
5F
  5
5F
331
8E
  5
8F
331
1F0
  5
1F1
331
2A5
  5
2A6
331
352
  5
360
331
399
  5
39A
331
1F8
  5
206
331
237
  5
245
331
182
  5
183
331
1C1
  5
1C2
331
26E
  5
26F
331
96
  5
97
331
3D8
  5
3D9
331
32B
  5
33B
331
362
  5
363
331
3A1
  5
3A2
331
276
  5
277
331
6EB
  5
6EB
331
67
  5
67
331
18A
  5
18B
331
9E
  5
9F
331
DD
  5
DE
331
114
  5
122
331
1C9
  5
1CA
331
6F
  5
6F
331
3E0
  5
3E1
331
27E
  5
27F
331
1D1
  5
1D2
331
208
  5
209
331
2BD
  5
2BE
331
36A
  5
36B
331
77
  5
78
331
A6
  5
A7
331
15B
  5
15C
331
192
  5
193
331
3A9
  5
3AA
331
3B1
  5
3C1
331
19A
  5
19B
331
286
  5
287
331
33B
  5
34B
331
AE
  5
AF
331
163
  5
164
331
372
  5
373
331
37A
  5
37B
331
1A2
  5
1A3
331
257
  5
259
331
28E
  5
28F
331
3F8
  5
3F9
331
382
  5
383
331
296
  5
297
331
220
  5
221
331
16B
  5
16C
331
BE
  5
BF
331
F5
  5
F6
331
1AA
  5
1AB
331
7F
  5
80
331
400
  5
401
331
34B
  5
34C
331
38A
  5
38B
331
29E
  5
29F
331
1E9
  5
1EA
331
228
  5
229
331
C6
  5
C7
331
173
  5
174
331
1B2
  5
1B3
331
25F
  5
260
331
314
  5
315
331
3C1
  5
3D1
331
87
  5
88
331
267
  5
268
331
2A6
  5
2A7
331
1F1
  5
1F2
331
230
  5
231
331
392
  5
393
331
17B
  5
17C
331
8F
  5
90
331
CE
  5
CF
331
105
  5
114
331
1BA
  5
1BB
331
39A
  5
39B
331
1C2
  5
1C3
331
26F
  5
270
331
3D1
  5
3D2
331
410
  5
41E
331
97
  5
99
331
14C
  5
15A
331
183
  5
184
331
3A2
  5
3A3
331
3D9
  5
3DA
331
277
  5
278
331
363
  5
364
331
60
  5
60
331
68
  5
68
331
DE
  5
DF
331
18B
  5
18C
331
1CA
  5
1CB
331
70
  5
70
331
9F
  5
A0
331
2BE
  5
2BF
331
36B
  5
36C
331
3AA
  5
3AB
331
209
  5
20A
331
193
  5
194
331
1D2
  5
1D3
331
27F
  5
280
331
3E1
  5
3E2
331
A7
  5
A8
331
15C
  5
15D
331
373
  5
374
331
AF
  5
B0
331
164
  5
165
331
19B
  5
19C
331
287
  5
288
331
28F
  5
290
331
37B
  5
37C
331
B7
  5
B8
331
1A3
  5
1A4
331
3F9
  5
3FA
331
297
  5
298
331
383
  5
384
331
78
  5
79
331
1AB
  5
1AC
331
16C
  5
16D
331
221
  5
222
331
80
  5
81
331
BF
  5
C0
331
F6
  5
F7
331
38B
  5
38C
331
315
  5
316
331
260
  5
261
331
29F
  5
2A0
331
34C
  5
34D
331
401
  5
402
331
1B3
  5
1B4
331
1EA
  5
1EB
331
59
  5
59
331
88
  5
89
331
C7
  5
C8
331
174
  5
175
331
229
  5
22A
331
393
  5
394
331
231
  5
232
331
268
  5
269
331
CF
  5
D0
331
17C
  5
17D
331
1BB
  5
1BC
331
90
  5
91
331
1F2
  5
1F3
331
2A7
  5
2B7
331
39B
  5
39C
331
184
  5
185
331
1C3
  5
1C4
331
270
  5
271
331
325
  5
326
331
3D2
  5
3D3
331
3DA
  5
3DB
331
2B7
  5
2B8
331
364
  5
365
331
3A3
  5
3A4
331
69
  5
69
331
278
  5
279
331
71
  5
71
331
A0
  5
A1
331
DF
  5
E0
331
18C
  5
18D
331
1CB
  5
1CC
331
3AB
  5
3AC
331
3E2
  5
3E3
331
280
  5
281
331
1D3
  5
1D4
331
20A
  5
20B
331
2BF
  5
2C0
331
36C
  5
36D
331
A8
  5
A9
331
15D
  5
15E
331
194
  5
195
331
19C
  5
19D
331
288
  5
289
331
B0
  5
B1
331
165
  5
166
331
374
  5
375
331
37C
  5
37D
331
1A4
  5
1A5
331
290
  5
291
331
3FA
  5
3FB
331
384
  5
385
331
79
  5
7A
331
B8
  5
B9
331
222
  5
223
331
16D
  5
16E
331
C0
  5
C1
331
F7
  5
F8
331
1AC
  5
1AD
331
259
  5
25A
331
81
  5
82
331
298
  5
299
331
402
  5
410
331
34D
  5
34E
331
38C
  5
38D
331
2A0
  5
2A1
331
1EB
  5
1EC
331
22A
  5
22B
331
13E
  5
14C
331
175
  5
176
331
89
  5
8A
331
C8
  5
C9
331
FF
  5
100
331
1B4
  5
1B5
331
261
  5
262
331
316
  5
317
331
269
  5
26A
331
1BC
  5
1BD
331
1F3
  5
1F4
331
91
  5
92
331
D0
  5
DC
331
17D
  5
17E
331
232
  5
233
331
394
  5
395
331
39C
  5
39D
331
1C4
  5
1C5
331
271
  5
272
331
326
  5
327
331
3D3
  5
3D4
331
185
  5
186
331
3A4
  5
3A5
331
3DB
  5
3DC
331
365
  5
366
331
6A
  5
6A
331
99
  5
9A
331
E0
  5
E1
331
18D
  5
18E
331
1CC
  5
1CD
331
279
  5
27A
331
72
  5
72
331
A1
  5
A2
331
2B8
  5
2B9
331
2C0
  5
2C1
331
36D
  5
36E
331
3AC
  5
3AD
331
20B
  5
20C
331
15E
  5
15F
331
195
  5
196
331
1D4
  5
1D5
331
281
  5
282
331
3E3
  5
3E4
331
A9
  5
AA
331
289
  5
28A
331
375
  5
376
331
B1
  5
B2
331
166
  5
167
331
19D
  5
19E
331
291
  5
292
331
21B
  5
21C
331
37D
  5
37E
331
1A5
  5
1A6
331
3FB
  5
3FC
331
385
  5
386
331
7A
  5
7B
331
B9
  5
BA
331
25A
  5
25B
331
299
  5
29A
331
1AD
  5
1AE
331
F8
  5
F9
331
82
  5
83
331
C1
  5
C2
331
16E
  5
16F
331
223
  5
224
331
38D
  5
38E
331
317
  5
325
331
22B
  5
22C
331
262
  5
263
331
1B5
  5
1B6
331
1EC
  5
1ED
331
2A1
  5
2A2
331
34E
  5
34F
331
100
  5
101
331
8A
  5
8B
331
C9
  5
CA
331
176
  5
177
331
395
  5
396
331
233
  5
234
331
26A
  5
26E
331
17E
  5
17F
331
1BD
  5
1BE
331
92
  5
93
331
1F4
  5
1F5
331
39D
  5
39E
331
186
  5
187
331
1C5
  5
1C6
331
272
  5
273
331
327
  5
328
331
3D4
  5
3D5
331
3DC
  5
3DD
331
366
  5
367
331
3A5
  5
3A6
331
9A
  5
9B
331
6B
  5
6B
331
1CD
  5
1CE
331
27A
  5
27B
331
2B9
  5
2BA
331
73
  5
74
331
A2
  5
A3
331
E1
  5
E2
331
18E
  5
18F
331
2F0
  5
2F1
331
3AD
  5
3AE
331
3E4
  5
3E5
331
282
  5
283
331
1D5
  5
1D6
331
20C
  5
20D
331
2C1
  5
2C2
331
36E
  5
36F
331
AA
  5
AB
331
15F
  5
160
331
196
  5
197
331
663
  5
663
331
300
  5
310
331
19E
  5
19F
331
253
  5
254
331
28A
  5
28B
331
B2
  5
B3
331
167
  5
168
331
376
  5
377
331
37E
  5
37F
331
21C
  5
21D
331
1A6
  5
1A7
331
292
  5
293
331
3FC
  5
3FD
331
386
  5
387
331
130
  5
13E
331
7B
  5
7C
331
BA
  5
BB
331
29A
  5
29B
331
224
  5
225
331
16F
  5
170
331
C2
  5
C3
331
F9
  5
FA
331
1AE
  5
1AF
331
25B
  5
25C
331
310
  5
311
331
83
  5
84
331
2A2
  5
2A3
331
34F
  5
350
331
38E
  5
38F
331
1ED
  5
1EE
331
22C
  5
22D
331
177
  5
178
331
8B
  5
8C
331
CA
  5
CB
331
101
  5
102
331
1B6
  5
1B7
331
263
  5
264
331
4E9
  5
73
331
1BE
  5
1BF
331
1F5
  5
1F6
331
93
  5
94
331
17F
  5
180
331
234
  5
235
331
396
  5
397
331
39E
  5
39F
331
1C6
  5
1C7
331
273
  5
274
331
328
  5
329
331
3D5
  5
3D6
331
187
  5
188
331
367
  5
368
331
3A6
  5
3A7
331
3DD
  5
3DE
331
64
  5
64
331
6C
  5
6C
331
9B
  5
9C
331
2F1
  5
2F2
331
E2
  5
E3
331
18F
  5
190
331
1CE
  5
1CF
331
27B
  5
27C
331
74
  5
75
331
A3
  5
A4
331
2BA
  5
2BB
331
2C2
  5
2C3
331
36F
  5
370
331
3AE
  5
3AF
331
20D
  5
21B
331
AB
  5
AC
331
160
  5
161
331
197
  5
198
331
1D6
  5
1E6
331
283
  5
284
331
3E5
  5
3E6
331
28B
  5
28C
331
377
  5
378
331
42C
  5
42D
331
B3
  5
B4
331
19F
  5
1A0
331
254
  5
255
331
293
  5
294
331
21D
  5
21E
331
37F
  5
380
331
434
  5
4E9
331
1A7
  5
1A8
331
3FD
  5
3FE
331
387
  5
388
331
7C
  5
7D
331
BB
  5
BC
331
168
  5
169
331
311
  5
312
331
25C
  5
25D
331
29B
  5
29C
331
1AF
  5
1B0
331
1E6
  5
1E7
331
FA
  5
FF
331
84
  5
85
331
C3
  5
C4
331
170
  5
171
331
225
  5
226
331
38F
  5
390
331
22D
  5
22E
331
264
  5
265
331
178
  5
179
331
102
  5
103
331
1B7
  5
1B8
331
1EE
  5
1EF
331
2A3
  5
2A4
331
350
  5
351
331
8C
  5
8D
331
CB
  5
CC
331
235
  5
236
331
2E2
  5
2F0
331
397
  5
398
331
180
  5
181
331
1BF
  5
1C0
331
94
  5
95
331
1F6
  5
1F7
331
3D6
  5
3D7
331
360
  5
361
331
39F
  5
3A0
331
1C7
  5
1C8
331
274
  5
275
331
329
  5
32A
331
3DE
  5
3DF
331
3A7
  5
3A8
331
65
  5
65
331
9C
  5
9D
331
188
  5
189
331
6D
  5
6D
331
368
  5
369
331
27C
  5
27D
331
2BB
  5
2BC
331
1CF
  5
1D0
331
206
  5
207
331
75
  5
76
331
A4
  5
A5
331
E3
  5
F3
331
190
  5
191
331
245
  5
253
331
2F2
  5
300
331
3AF
  5
3B0
331
3E6
  5
3E7
331
284
  5
285
331
2C3
  5
2C4
331
370
  5
371
331
122
  5
130
331
AC
  5
AD
331
161
  5
162
331
198
  5
199
331
378
  5
379
331
42D
  5
42E
331
1A0
  5
1A1
331
255
  5
256
331
28C
  5
28D
331
B4
  5
B7
331
380
  5
381
331
21E
  5
21F
331
294
  5
295
331
3F6
  5
3F7
331
3FE
  5
3FF
331
68B
  5
68B
331
169
  5
16A
331
BC
  5
BD
331
F3
  5
F4
331
1A8
  5
1A9
331
7D
  5
7E
331
388
  5
389
331
29C
  5
29D
331
1E7
  5
1E8
331
226
  5
227
331
C4
  5
C5
331
171
  5
172
331
1B0
  5
1B1
331
25D
  5
25E
331
312
  5
313
331
85
  5
86
331
2A4
  5
2A5
331
351
  5
352
331
390
  5
391
331
1EF
  5
1F0
331
22E
  5
22F
331
179
  5
17A
331
8D
  5
8E
331
CC
  5
CD
331
103
  5
104
331
1B8
  5
1B9
331
265
  5
267
331
1C0
  5
1C1
331
1F7
  5
1F8
331
95
  5
96
331
181
  5
182
331
236
  5
237
331
398
  5
399
331
3A0
  5
3A1
331
3D7
  5
3D8
331
275
  5
276
331
32A
  5
32B
331
361
  5
362
331
41E
  5
42C
331
3DF
  5
3E0
  0
DICTIONARY
  5
45E
102
{ACAD_REACTORS
330
B
102
}
330
B
100
AcDbDictionary
281
     1
  3
CTABLESTYLE
350
45F
  0
DICTIONARYVAR
  5
45F
102
{ACAD_REACTORS
330
45E
102
}
330
45E
100
DictionaryVariables
280
     0
  1
STANDARD
  0
VISUALSTYLE
  5
461
102
{ACAD_REACTORS
330
2A
102
}
330
2A
100
AcDbVisualStyle
  2
Flat
 70
     0
 71
     2
 72
     1
 73
     1
 90
        2
 40
-0.6
 41
30.0
 62
     5
 63
     7
421
3271557119
 74
     0
 91
        4
 64
     7
 65
   257
 75
     1
175
     1
 42
1.0
 92
        8
 66
     7
 43
1.0
 76
     1
 77
     6
 78
     2
 67
     7
 79
     5
170
     0
171
     0
290
     0
174
     0
 93
       13
 44
0.0
173
     0
291
     1
 45
0.0
  0
VISUALSTYLE
  5
462
102
{ACAD_REACTORS
330
2A
102
}
330
2A
100
AcDbVisualStyle
  2
FlatWithEdges
 70
     1
 71
     2
 72
     1
 73
     1
 90
        2
 40
-0.6
 41
30.0
 62
     5
 63
     7
421
3271557119
 74
     1
 91
        4
 64
     7
 65
   257
 75
     1
175
     1
 42
1.0
 92
        0
 66
   257
 43
1.0
 76
     1
 77
     6
 78
     2
 67
     7
 79
     5
170
     0
171
     0
290
     0
174
     0
 93
       13
 44
0.0
173
     0
291
     1
 45
0.0
  0
VISUALSTYLE
  5
463
102
{ACAD_REACTORS
330
2A
102
}
330
2A
100
AcDbVisualStyle
  2
Gouraud
 70
     2
 71
     2
 72
     2
 73
     1
 90
        2
 40
-0.6
 41
30.0
 62
     5
 63
     7
421
3271557119
 74
     0
 91
        4
 64
     7
 65
   257
 75
     1
175
     1
 42
1.0
 92
        0
 66
     7
 43
1.0
 76
     1
 77
     6
 78
     2
 67
     7
 79
     5
170
     0
171
     0
290
     0
174
     0
 93
       13
 44
0.0
173
     0
291
     1
 45
0.0
  0
VISUALSTYLE
  5
464
102
{ACAD_REACTORS
330
2A
102
}
330
2A
100
AcDbVisualStyle
  2
GouraudWithEdges
 70
     3
 71
     2
 72
     2
 73
     1
 90
        2
 40
-0.6
 41
30.0
 62
     5
 63
     7
421
3271557119
 74
     1
 91
        4
 64
     7
 65
   257
 75
     1
175
     1
 42
1.0
 92
        0
 66
   257
 43
1.0
 76
     1
 77
     6
 78
     2
 67
     7
 79
     5
170
     0
171
     0
290
     0
174
     0
 93
       13
 44
0.0
173
     0
291
     1
 45
0.0
  0
VISUALSTYLE
  5
465
102
{ACAD_REACTORS
330
2A
102
}
330
2A
100
AcDbVisualStyle
  2
Basic
 70
     7
 71
     1
 72
     0
 73
     1
 90
        0
 40
-0.6
 41
-30.0
 62
     5
 63
     7
421
3271557119
 74
     0
 91
        4
 64
     7
 65
   257
 75
     1
175
     1
 42
1.0
 92
        8
 66
     7
 43
1.0
 76
     1
 77
     6
 78
     2
 67
     7
 79
     5
170
     0
171
     0
290
     0
174
     0
 93
        1
 44
0.0
173
     0
291
     1
 45
0.0
  0
VISUALSTYLE
  5
466
102
{ACAD_REACTORS
330
2A
102
}
330
2A
100
AcDbVisualStyle
  2
3D Hidden
 70
     6
 71
     1
 72
     2
 73
     2
 90
        0
 40
-0.6
 41
-30.0
 62
     5
 63
     7
421
3271557119
 74
     2
 91
        2
 64
     7
 65
   257
 75
     2
175
     1
 42
40.0
 92
        0
 66
   257
 43
1.0
 76
     1
 77
     6
 78
     2
 67
     7
 79
     3
170
     0
171
     0
290
     0
174
     0
 93
        1
 44
0.0
173
     0
291
     0
 45
0.0
  0
VISUALSTYLE
  5
467
102
{ACAD_REACTORS
330
2A
102
}
330
2A
100
AcDbVisualStyle
  2
Conceptual
 70
     9
 71
     3
 72
     2
 73
     0
 90
        0
 40
-0.6
 41
-30.0
 62
     5
 63
     7
421
3271557119
 74
     2
 91
        2
 64
     7
 65
   257
 75
     1
175
     1
 42
40.0
 92
        8
 66
     7
 43
1.0
 76
     1
 77
     6
 78
     2
 67
     7
 79
     3
170
     0
171
     0
290
     0
174
     0
 93
        1
 44
0.0
173
     0
291
     0
 45
0.0
  0
VISUALSTYLE
  5
468
102
{ACAD_REACTORS
330
2A
102
}
330
2A
100
AcDbVisualStyle
  2
Dim
 70
    11
 71
     2
 72
     2
 73
     0
 90
        0
 40
-0.6
 41
-30.0
 62
     5
 63
     7
421
3271557119
 74
     1
 91
        4
 64
     7
 65
   257
 75
     1
175
     1
 42
1.0
 92
        8
 66
     7
 43
1.0
 76
     1
 77
     6
 78
     2
 67
     7
 79
     5
170
     0
171
     0
290
     0
174
     0
 93
        1
 44
-50.0
173
     0
291
     1
 45
0.0
  0
VISUALSTYLE
  5
469
102
{ACAD_REACTORS
330
2A
102
}
330
2A
100
AcDbVisualStyle
  2
Brighten
 70
    12
 71
     2
 72
     2
 73
     0
 90
        0
 40
-0.6
 41
-30.0
 62
     5
 63
     7
421
3271557119
 74
     1
 91
        4
 64
     7
 65
   257
 75
     1
175
     1
 42
1.0
 92
        8
 66
     7
 43
1.0
 76
     1
 77
     6
 78
     2
 67
     7
 79
     5
170
     0
171
     0
290
     0
174
     0
 93
        1
 44
50.0
173
     0
291
     1
 45
0.0
  0
VISUALSTYLE
  5
46A
102
{ACAD_REACTORS
330
2A
102
}
330
2A
100
AcDbVisualStyle
  2
Thicken
 70
    13
 71
     2
 72
     2
 73
     0
 90
        0
 40
-0.6
 41
-30.0
 62
     5
 63
     7
421
3271557119
 74
     1
 91
        4
 64
     7
 65
   257
 75
     1
175
     1
 42
1.0
 92
       12
 66
     7
 43
1.0
 76
     1
 77
     6
 78
     2
 67
     7
 79
     5
170
     0
171
     0
290
     0
174
     0
 93
        1
 44
0.0
173
     0
291
     1
 45
0.0
  0
VISUALSTYLE
  5
46B
102
{ACAD_REACTORS
330
2A
102
}
330
2A
100
AcDbVisualStyle
  2
Linepattern
 70
    14
 71
     2
 72
     2
 73
     0
 90
        0
 40
-0.6
 41
-30.0
 62
     5
 63
     7
421
3271557119
 74
     1
 91
        4
 64
     7
 65
   257
 75
     7
175
     7
 42
1.0
 92
        8
 66
     7
 43
1.0
 76
     1
 77
     6
 78
     2
 67
     7
 79
     5
170
     0
171
     0
290
     0
174
     0
 93
        1
 44
0.0
173
     0
291
     1
 45
0.0
  0
VISUALSTYLE
  5
46C
102
{ACAD_REACTORS
330
2A
102
}
330
2A
100
AcDbVisualStyle
  2
Facepattern
 70
    15
 71
     2
 72
     2
 73
     0
 90
        0
 40
-0.6
 41
-30.0
 62
     5
 63
     7
421
3271557119
 74
     1
 91
        4
 64
     7
 65
   257
 75
     1
175
     1
 42
1.0
 92
        8
 66
     7
 43
1.0
 76
     1
 77
     6
 78
     2
 67
     7
 79
     5
170
     0
171
     0
290
     0
174
     0
 93
        1
 44
0.0
173
     0
291
     1
 45
0.0
  0
VISUALSTYLE
  5
46D
102
{ACAD_REACTORS
330
2A
102
}
330
2A
100
AcDbVisualStyle
  2
ColorChange
 70
    16
 71
     2
 72
     2
 73
     3
 90
        0
 40
-0.6
 41
-30.0
 62
     5
 63
     9
421
3263201408
 74
     1
 91
        4
 64
     7
 65
   257
 75
     1
175
     1
 42
1.0
 92
        8
 66
     9
424
3263201408
 43
1.0
 76
     1
 77
     6
 78
     2
 67
     7
 79
     5
170
     0
171
     0
290
     0
174
     0
 93
        1
 44
0.0
173
     0
291
     1
 45
0.0
  0
DICTIONARY
  5
500
102
{ACAD_REACTORS
330
1A
102
}
330
1A
100
AcDbDictionary
281
     1
1001
ACAD
1000
<All
  0
DICTIONARY
  5
501
102
{ACAD_REACTORS
330
1A
102
}
330
1A
100
AcDbDictionary
281
     1
  0
DICTIONARY
  5
671
330
663
100
AcDbDictionary
280
     1
281
     1
  3
ACAD_DIMASSOC
360
67C
  0
ENDSEC
  0
SECTION
  2
THUMBNAILIMAGE
 90
    14487
310
1F256D07D43628289D57CA3F9D44102B933800000201470D00005000000002970D000030380000000000000000000000000000000000000000000000000000000000000000000000000000000000000000000000000000000000000000000000000000000000000000000000000000000000000000000028000000B4000000
310
4A00000001000800000000000834000000000000000000000001000000000000FFFFFF00FFFFFF0000000000FFFFFF00FFFFFF00FFFFFF00FFFFFF00FFFFFF00FFFFFF00FFFFFF00FFFFFF00330000006600000099000000CC000000FF00000000330000333300006633000099330000CC330000FF33000000660000336600
310
006666000099660000CC660000FF66000000990000339900006699000099990000CC990000FF99000000CC000033CC000066CC000099CC0000CCCC0000FFCC000000FF000033FF000066FF000099FF0000CCFF0000FFFF000000003300330033006600330099003300CC003300FF0033000033330033333300663333009933
310
3300CC333300FF33330000663300336633006666330099663300CC663300FF66330000993300339933006699330099993300CC993300FF99330000CC330033CC330066CC330099CC3300CCCC3300FFCC330000FF330033FF330066FF330099FF3300CCFF3300FFFF330000006600330066006600660099006600CC006600FF
310
00660000336600333366006633660099336600CC336600FF33660000666600336666006666660099666600CC666600FF66660000996600339966006699660099996600CC996600FF99660000CC660033CC660066CC660099CC6600CCCC6600FFCC660000FF660033FF660066FF660099FF6600CCFF6600FFFF660000009900
310
330099006600990099009900CC009900FF00990000339900333399006633990099339900CC339900FF33990000669900336699006666990099669900CC669900FF66990000999900339999006699990099999900CC999900FF99990000CC990033CC990066CC990099CC9900CCCC9900FFCC990000FF990033FF990066FF99
310
0099FF9900CCFF9900FFFF99000000CC003300CC006600CC009900CC00CC00CC00FF00CC000033CC003333CC006633CC009933CC00CC33CC00FF33CC000066CC003366CC006666CC009966CC00CC66CC00FF66CC000099CC003399CC006699CC009999CC00CC99CC00FF99CC0000CCCC0033CCCC0066CCCC0099CCCC00CCCC
310
CC00FFCCCC0000FFCC0033FFCC0066FFCC0099FFCC00CCFFCC00FFFFCC000000FF003300FF006600FF009900FF00CC00FF00FF00FF000033FF003333FF006633FF009933FF00CC33FF00FF33FF000066FF003366FF006666FF009966FF00CC66FF00FF66FF000099FF003399FF006699FF009999FF00CC99FF00FF99FF0000
310
CCFF0033CCFF0066CCFF0099CCFF00CCCCFF00FFCCFF0000FFFF0033FFFF0066FFFF0099FFFF00CCFFFF0000000000FFFFFF000D0D0D001A1A1A00282828003535350043434300505050005D5D5D006B6B6B00787878008686860093939300A1A1A100AEAEAE00BBBBBB00C9C9C900D6D6D600E4E4E400F1F1F10000000000
310
FFFFFF00FFFFFF00FFFFFF00FFFFFF00FFFFFF00FFFFFF00FFFFFF00FFFFFF00FFFFFF00FFFFFF00E2E2E2E2E2E2E2E2E2E2E2E2E2E2E2E2E2E2E2E2E2E2E2E2E2E2E2E2E2E2E2E2E2E2E2E2E2E2E2E2E2E2E2E2E2E2E2E2E2E2E2E2E2E2E2E2E2E2E2E2E2E2E2E2E2E2E2E2E2E2E2E2E2E2E2E2E2E2E2E2E2E2E2E2E2E2E2
310
E2E2E2E2E2E2E2E2E2E2E2E2E2E2E2E2E2E2E2E2E2E2E2E2E2E2E2E2E2E2E2E2E2E2E2E2E2E2E2E2E2E2E2E2E2E2E2E2E2E2E2E2E2E2E2E2E2E2E2E2E2E2E2E2E2E2E2E2E2E2E2E2E2E2E2E2E2E2E2E2E2E2E2E2E2E2E2E2E2E2E2E2E2E2E2E2E2E2E2E2E2E2E2E2E2E2E2E2E2E2E2E2E2E2E2E2E2E2E2E2E2E2E2E2E2E2E2
310
E2E2E2E2E2E2E2E2E2E2E2E2E2E2E2E2E2E2E2E2E2E2E2E2E2E2E2E2E2E2E2E2E2E2E2E2E2E2E2E2E2E2E2E2E2E2E2E2E2E2E2E2E2E2E2E2E2E2E2E2E2E2E2E2E2E2E2E2E2E2E2E2E2E2E2E2E2E2E2E2E2E2E2E2E2E2E2E2E2E2E2E2E2E2E2E2E2E2E2E2E2E2E2E2E2E2E2E2E2E2E2E2E2E2E2E2E2E2E2E2E2E2E2E2E2E2E2
310
E2E2E2E2E2E2E2E2E2E2E2E2E2E2E2E2E2E2E2E2E2E2E2E2E2E2E2E2E2E2E2E2E2E2E2E2E2E2E2E2E2E2E2E2E2E2E2E2E2E2E2E2E2E2E2E2E2E2E2E2E2E2E2E2E2E2E2E2E2E2E2E2E2E2E2E2E2E2E2E2E2E2E2E2E2E2E2E2E2E2E2E2E2E2E2E2E2E2E2E2E2E2E2E2E2E2E2E2E2E2E2E2E2E2E2E2E2E2E2E2E2E2E2E2E2E2E2
310
E2E2E2E2E2E2E2E2E2E2E2E2E2E2E2E2E2E2E2E2E2E2E2E2E2E2E2E2E2E2E2E2E2E2E2E2E2E2E2E2E2E2E2E2E2E2E2E2E2E2E2E2E2E2E2E2E2E2E2E2E2E2E2E2E2E2E2E2E2E2E2E2E2E2E2E2E2E2E2E2E2E2E2E2E2E2E2E2E2E2E2E2E2E2E2E2E2E2E2E2E2E2E2E2E2E2E2E22D2D2D2D2D2D2D2D2D2D2D2D2D2D2D2D2D2D2D
310
2D2D2D2D2D2D2D2D2D2D2D2D2D2D2D2D2D2D2D2D2D2D2D2D2D2D2D2D2D2D2D2D2D2D2D2D2D2D2D2D2D2D2D2D2D2D2D2D2D2D2D2D2D2D2D2D2D2D2D2D2D2D2D2D2D2D2D2D2D2D2D2D2D2D2D2D2D2D2D2D2D2D2D2D2D2D2D2D2D2D2D2D2DE2E2E2E2E2E2E2E2E2E2E2E2E2E2E2E2E2E2E2E2E2E2E2E2E2E2E2E2E2E2E2E2E2E2
310
E2E2E2E2E2E2E2E2E2E2E2E2E2E2E2E2E2E2E2E2E2E2E2E2E2E2E2E2E2E2E2E2E2E22D2D2D2D2D2D2D2D2D2D2D2D2D2D2D2D2D2D2D2D2D2D2D2D2D2D2D2D2D2D2D2D2D2D2D2D2D2D2D2D2D2D2D2D2D2D2D2D2D2D2D2D2D2D2D2D2D2D2D2D2D2D2D2D2D2D2D2D2D2D2D2D2D2D2D2D2D2D2D2D2D2D2D2D2D2D2D2D2D2D2D2D2D
310
2D2D2D2D2D2D2D2D2D2D2D2D2D2D2D2D2D2D2DE2E2E2E2E2E2E2E2E2E2E2E2E2E2E2E2E2E2E2E2E2E2E2E2E2E2E2E2E2E2E2E2E2E2E2E2E2E2E2E2E2E2E2E2E2E2E2E2E2E2E2E2E2E2E2E2E2E2E2E2E2E2E2E2E2E2E2E22D2DE2E2E2E2E2E2E2E2E2E2E2E2E2E2E2E2E2E2E2E2E2E2E2E2E2E2E2E2E2E2E2E2E2E2E2E2E2E2
310
E2E2E2E2E2E2E2E2E2E2E2E2E2E2E2E2E2E2E2E2E2E2E2E2E2E2E2E2E2E2E2E2E2E2E2E2E2E2E2E2E2E2E2E2E2E2E2E2E2E2E2E2E2E2E2E2E2E2E2E2E2E2E2E2E2E2E2E2E2E22D2DE2E2E2E2E2E2E2E2E2E2E2E2E2E2E2E2E2E2E2E2E2E2E2E2E2E2E2E2E2E2E2E2E2E2E2E2E2E2E2E2E2E2E2E2E2E2E2E2E2E2E2E2E2E2E2
310
E2E2E2E2E2E2E2E2E2E2E2E2E22D2DE2E2E2E2E2E2E2E2E2E2E2E2E2E2E2E2E2E2E2E2E2E2E2E2E2E2E2E2E2E2E2E2E2E2E2E2E2E2E2E2E2E2E2E2E2E2E2E2E2E2E2E2E2E2E2E2E2E2E2E2E2E2E2E2E2E2E2E2E2E2E2E2E2E2E2E2E2E2E2E2E2E2E2E2E2E2E2E2E2E2E2E2E2E2E2E2E2E2E2E2E2E2E2E2E2E2E2E22D2DE2E2
310
E2E2E2E2E2E2E2E2E2E2E2E2E2E2E2E2E2E2E2E2E2E2E2E2E2E2E2E2E2E2E2E2E2E2E2E2E2E2E2E2E2E2E2E2E2E2E2E2E2E2E2E2E2E2E2E2E2E2E2E2E2E2E2E2E2E22D2DE2E2E2E2E2E2E2E2E2E2E2E2E2E2E2E2E2E2E2E2E2E2E2E2E2E2E2E2E2E2E2E2E2E2E2E2E2E2E2E2E2E2E2E2E2E2E2E2E2E2E2E2E2E2E2E2E2E2E2
310
E2E2E2E2E2E2E2E2E2E2E2E2E2E2E2E2E2E2E2E2E2E2E2E2E2E2E2E2E2E2E2E2E2E2E2E2E2E2E2E2E2E2E2E2E2E2E2E2E22D2DE2E2E2E2E2E2E2E2E2E2E2E2E2E2E2E2E2E2E2E2E2E2E2E2E2E2E2E2E2E2E2E2E2E2E2E2E2E2E2E2E2E2E2E2E2E2E2E2E2E2E2E2E2E2E2E2E2E2E2E2E2E2E2E2E2E2E2E22D2DE2E2E2E2E2E2
310
E2E22828282828282828E2E2E2E2E2E2E2E2E2E2E2E2E2E2E2E2E2E2E2E2E2E2E2E2E2E2E2E2E2E2E2E2E2E2E2E2E2E2E2E2E2E2E2E2E2E2E2E2E2E2E2E2E2E2E2E2E2E2E2E2E2E2E2E2E2E2E2E2E2E2E2E2E2E2E2E2E2E2E2E2E2E2E2E2E2E2E2E2E2E2E2E22D2DE2E2E2E2E2E2E2E2E2E2E2E2E2E2E2E2E2E2E2E2E2E2E2
310
E2E2E2E2E2E2E2E2E2E2E2E2E2E2E2E2E2E2E2E2E2E2E2E2E2E2E2E2E2E2E2E2E2E2E2E2E2E2E2E2E2E2E2E2E22D2DE2E2E2E2E2E2E2E22828282828282828E2E2E2E2E2E2E2E2E2E2E2E2E2E2E2E2E2E2E2E2E2E2E2E2E2E2E2E2E2E2E2E2E2E2E2E2E2E2E2E2E2E2E2E2E2E2E2E2E2E2E2E2E2E2E2E2E2E2E2E2E2E2E2E2
310
E2E2E2E2E2E2E2E2E2E2E2E2E2E2E2E2E2E2E2E2E2E2E2E2E2E2E2E22D2DE2E2E2E2E2E2E2E2E2E2E2E2E2E2E2E2E2E2E2E2E2E2E2E2E2E2E2E2E2E2E2E2E2E2E2E2E2E2E2E2E2E2E2E2E2E2E2E2E2E2E2E2E2E2E2E2E2E2E2E2E2E2E2E2E2E2E2E22D2DE2E2E2E2E2E2E2E2282828282828282828282828282828282828E2
310
E2E228282828282828E2E2E2E2E2E2E2E2E2E2E2E2E2E2E2E2E2E2E2E2E2E2E2E2E2E2E2E2E2E2E2E2E2E2E2E2E2E2E2E2E2E2E2E2E2E2E2E2E2E2E2E2E2E2E2E2E2E2E2E2E2E2E2E2E2E2E2E2E2E2E2E22D2DE2E2E2E2E2E2E2E2E2E2E2E2E2E2E2E2E2E2E2E2E2E2E2E2E2E2E2E2E2E2E2E2E2E2E2E2E2E2E2E2E2E2E2E2
310
E2E2E2E2E2E2E2E2E2E2E2E2E2E2E2E2E2E2E2E2E2E2E2E22D2DE2E2E2E2E2E2E2E2E2E2E2E2E2E2E2E2E2E2E2E2E2E2E2E2E2E2E2E2E2ECECECECECECECECE2E2E2E2E2E2E2E2E2E2E2E2E2E2E2E2E2E2E2E2E2E2E2E2E2E2E2E2E2E2E2E2E2E2E2E2E2E2E2E2E2E2E2E2E2E2E2E2E2E2E2E2E2E2E2E2E2E2E2E2E2E2E2E2
310
E2E2E2E2E2E2E22D2DE2E2E2E2E2E2E2E2E2E2E2E2E2E2E2E2E2E2E2E2E2E2E2E2E2E2E2E2E2E2E2E2E2E2E2E2E2E2E2E2E2E2E2E2E2E2E2E2E2E2E2E2E2E2E2E2E2E2E2E2E2E2E2E2E2E2E2E22D2DE2E2E2E2E20F0F0F0FBEBEBEBEBEBEBEBEBEBEBEBEBE2D2DBEBEBEBEBEBEBEBEBEECBEBE0F0F0F0FE2E2E2E2E2E2E2E2
310
E2E2E2E2E2E2E2E2E2E2E2E2E2E2E2E2E2E2E2E2E2E2E2E2E2E2E2E2E2E2E2E2E2E2E2E2E2E2E2E2E2E2E2E2E2E2E2E2E2E2E2E2E2E2E2E2E2E2E2E22D2DE2E2E2E2E2E2E2E2E2E2E2E2E2E2E2E2E2E2E2E2E2E2E2E2E2E2E2E2E2E2E2E2E2E2E2E2E2E2E2E2E2E2E2E2E2E2E2E2E2E2E2E2E2E2E2E2E2E2E2E2E2E2E2E2E2
310
E2E2E22D2DE2E2E2E2E20FE20FBEBEBEBEBEBEBEBEBEBEBEBEBEBEBE2DE2E2E2E2E2E2E2E2E2ECE22D2D0F0FE2E2E2E2E2E2E2E2E2E2E2E2E2E2E2E2E2E2E2E2E2E2E2E2E2E2E2E2E2E2E2E2E2E2E2E2E2E2E2E2E2E2E2E2E2E2E2E2E2E2E2E2E2E2E2E2E2E2E2E2E2E2E2E2E2E2E2E2E22D2DE2E2E2E2E2E2E2E2E2E2E2E2
310
E2E2E2E2E2E2E2E2E2E2E2E2E2E2E2E2E2E2E2E2E2E2E2E2E2E2E2E2E2E2E2E2E2E2E2E2E2E2E2E2E2E2E2E2E2E2E2E2E2E2E2E2E2E2E2E22D2DE2E2E2E2E20FE20FBEBEECECECECECECECECECECBEBEBEBEBEBEBEBEBE2828BEBEECBEBEBE0F0FE2E2E2282828282828282828E2E2E2E2E2E2E2E2E2E2E2E2E2E2E2E2E2E2
310
E2E2E2E2E2E2E2E2E2E2E2E2E2E2E2E2E2E2E2E2E2E2E2E2E2E2E2E2E2E2E2E2E2E2E2E2E2E2E22D2DE2E2E2E2E2E2E2E2E2E2E2E2E2E2E2E2E2E2E2E2E2E2E2E2E2E2E2E2E2E2E2E2E2E2E2E2E2E2E2E2E2E2E2E2E2E2E2E2E2E2E2E2E2E2E2E2E2E2E2E2E2E2E2E2E2E2E2E22D2DE2E2E2E2E20F0F0FBEBEECE2E2E2ECEC
310
EC2828ECBEBEBEBEBEBEBEBEBEBEBEBEBEECBEBEBE0F0FE2E2E228282828282828282828282828282828E2E2E2E2E2E2E2E2E2E2E2E2E2E2E2E2E2E2E2E2E2E2E2E2E2E2E2E2E2E2E2E2E2E2E2E2E2E2E2E2E2E2E2E2E2E2E2E2E2E22D2DE2E2E2E2E2E2E2E2E2E2E2E2E2E2E2E2E2E2E2E2E2E2E2E2E2E2E2E2E2E2E2E2E2
310
E2E2E2E2E2E2E2E2E2E2E2E2E2E2E2E2E2E2E2E2E2E2E2E2E2E2E2E2E2E2E2E2E2E2E22D2DE2E2E2E2E20FE20FBEBE2828282828ECEC2828ECBEBEBEBEBEBEBEBEBEBEBEBEBEECBEBEBE0F0FE2E2E2282828282828282828282828282828E2E2E2E2E2E2E2E2E2E2E2E2E2E2E2E2E2E2E2E2E2E2E2E2E2E2E2E2E2E2E2E2E2
310
E2E2E2E2E2E2E2E2E2E2E2E2E2E2E2E2E2E22D2DE2E2E2E2E2E2E2E2E2E2E2E2E2E2E2E2E2E2E2E2E2E2E2E2E2E2E2E2E2E2E2E2E2E2E2E2E2E2E2E2E2E2E2E2E2E2E2E2E2E2E2E2E2E2E2E2E2E2E2E2E2E2E2E2E2E2E2E22D2DE2E2E2E2E20FE20FBEBEBEBEBEBEBE28ECECECECBEBEBEBEBEBEBEBEBEBEBEBEBEECBEBEBE
310
0F0FE2E2E20F0F0F0F0F0F0F0F0F0F0F0F0F0F0F0F0F0F0F0F0F0F0F0F0F0F0F0F0F0FE2E2E2E2E2E2E2E2E2E2E2E2E2E2E2E2E2E2E2E2E2E2E2E2E2E2E2E2E2E2E2E2E2E2E2E22D2DE2E2E2E2E2E2E2E2E2E2E2E2E2E2E2E2E2E2E2E2E2E2E2E2E2E2E2E2E2E2E2E2E2E2E2E2E2E2E2E2E2E2E2E2E2E2E2E2E2E2E2E2E2E2
310
E2E2E2E2E2E2E2E2E2E2E2E2E2E22D2DE2E2E2E2E20F0F0F0F2D2D2DDCDCDCDCDCDC2D2D2D2DBEBEBEBEBEBEBEBEBEBEBEECBEBEBE0F0FE2E20F0F2D2D2D2DDCDCDCDCDC2D2D2D2D2D2DBEBEBEBEBEBEBEBEBEBEBEBEBEBE0FE2E2BEBEBEBEBEBEBEBEBEBEBEBEBEBEBEE2E2E2E2E2E2E2E2E2E2E2E2E2E2E2E2E2E22D2DE2
310
E2E2E2E2E2E2E2E2E2E2E2E2E2E2E2E2E2E2E2E2E2E2E2E2E2E2E2E2E2E2E2E2E2E2E2E2E2E2E2E2E2E2E2E2E2E2E2E2E2E2E2E2E2E2E2E2E2E2E2E2E2E2E2E2E2E2E22D2DE2E2E2E2E20FE20F2D2D2D2DDCDCDCDC28DC2D2D2D2D2DE2E2E2E2E2E2E2E2E2E2ECE22D2D0F0FE2E2E20F2D2D2D2DDC28DCDCDC2D2D2D2D2D2D
310
E2E2E2E2E2E2E2E2E2E2E2E2BEBE0FE2E2BEBEE2E2E2E2E2E2E2E2E2E2E2E2BEE2E2E2E2E2E2E2E2E2E2E2E2E2E2E2E2E2E22D2DE2E2E2E2E2E2E2E2E2E2E2E2E2E2E2E2E2E2E2E2E2E2E2E2E2E2E2E2E2E2E2E2E2E2E2E2E2E2E2E2E2E2E2E2E2E2E2E2E2E2E2E2E2E2E2E2E2E2E2E2E2E2E2E2E2E2E2E22D2DE2E2E2E2E2
310
0FE20F2D2DE2E2E2E2E2E2E2E2E2E2E22D2DE2E2E2E2E2E2E2E2E2E2ECE22D2D0F0FE2E2E20F2D2DE2E2E2E2E2E2E2E2E2E2E228BEE2E2E2E2E2E2E2E2E2E2E2E2BEBE0FE2E2BEBEE2E2E2E2E2E2E2E2E2E2E2E2BEE2E2E2E2E2E2E2E2E2E2E2E2E2E2E2E2E2E22D2DE2E2E2E2E2E2E2E2E2E2E2E2E2E2E2E2E2E2E2E2E2E2
310
E2E2E2E2E2E2E2E2E2E2E2E2E2E2E2E2E2E2E2E2E2E2E2E2E2E2E2E2E2E2E2E2E2E2E2E2E2E2E2E2E2E2E2E2E2E22D2DE2E2E2E2E20FE20F2D2DE2E2E2E2E2E2E2E2E2E2E22D2DE2E2E2E2E2E2E2E2E2E2ECE22D2D0F0FE2E2E20F2D2DE2E2E2E2E2E2E2E2E2E2E2E2BEE2E2E2E2E2E2E2E2E2E2E2E2BEBE0FE2E2BEBEE2E2
310
E2E2E2E2E2E2E2E2E2E2BEE2E2E2E2E2E2E2E2E2E2E2E2E2E2E2E2E2E22D2DE2E2E2E2E2E2E2E2E2E2E2E2E2E2E2E2E2E2E2E2E2E2E2E2E2E2E2E2E2E2E2E2E2E2E2E2E2E2E2E2E2E2E2E2E2E2E2E2E2E2E2E2E2E2E2E2E2E2E2E2E2E2E2E2E2E2E2E22D2DE2E2E2E2E20FE20F2D2DE2E2E2E2E2E2E2E2E2E2E22D2DE2E2E2
310
E2E2E2E2E2E228ECE22D2D0F0FE2E2E20F2D2DE2E2E2E2E2E2E2E2E2E2E22D2DE2E2E2E2E2E2E2E2E2E2E2E2BEBE0FE2E2BEBEE2E2E2E2E2E2E2E2E2E2E2E2BEE2E2E2E2E2E2E2E2E2E2E2E2E2E2E2E2E2E22D2DE2E2E2E2E2E2E2E2E2E2E2E2E2E2E2E2E2E2E2E2E2E2E2E2E2E2E2E2E2E2E2E2E2E2E2E2E2E2E2E2E2E2E2
310
E2E2E2E2E2E2E2E2E2E2E2E2E2E2E2E2E2E2E2E2E2E2E2E2E22D2DE2E2E2E2E20FE20F2D2DE2E2E2E2E2E2E2E2E2E2E22D2DE2E2E2E2E2E2E2E2E228ECE22D2D0F0FE2E2E20F2D2DE2E2E2E2E2E2E2E2E2E2E22D2DE2E2E2E2282828E2E2E2E2E2BEBE0FE2E2BEBEE2E2E228282828E2E2E2E2E2BEE2E2E2E2E2E2E2E2E2E2
310
E2E2E2E2E2E2E2E22D2DE2E2E2E2E2E2E2E2E2E2E2E2E2E2E2E2E2E2E2E2E2E2E2E2E2E2E2E2E2E2E2E2E2E2E2E2E2E2E2E2E2E2E2E2E2E2E2E2E2E2E2E2E2E2E2E2E2E2E2E2E2E2E2E2E2E2E2E22D2DE2E2E2E2E20FE20F2D2DE2E2E22828282828E2E2E22D2DE2E2E2E2E2E2E2E2E228ECE22D2D0F0FE2E20F0F2D2DE2E2
310
E22828282828E2E2E22D2DE2E2E2E2E2E2E2E2E2E2E2E2BEBE0FE2E2BEBEE2E2E2E2E2E2E2E2E2E2E2E2BEE2E2E2E2E2E2E2E2E2E2E2E2E2E2E2E2E2E22D2DE2E2E2E2E2E2E2E2E2E2E2E2E2E2E2E2E2E2E2E2E2E2E2E2E2E2E2E2E2E2E2E2E2E2E2E2E2E2E2E2E2E2E2E2E2E2E2E2E2E2E2E2E2E2E2E2E2E2E2E2E2E2E2E2
310
E2E2E2E22D2DE2E2E2E2E20FE20F2D2DE2E2E228282828E2E2E2E22D2DE2E2E2E2E2E2E2E2E2ECECE22D2D0F0FE2E20F0F2D2DE2E2E2E2282828E2E2E2E22D2DE2E2E2E2E2E2E2E2E2E2E2E2BEBE0F0FE2BEBEE2E2E2E2E2E2E2E2E2E2E2E2BEE2E2E2E2E2E2E2E2E2E2E2E2E2E2E2E2E2E22D2DE2E2E2E2E2E2E2E2E2E2E2
310
E2E2E2E2E2E2E2E2E2E2E2E2E2E2E2E2E2E2E2E2E2E2E2E2E2E2E2E2E2E2E2E2E2E2E2E2E2E2E2E2E2E2E2E2E2E2E2E2E2E2E2E2E2E2E2E2E22D2DE2E2E2E2E20FE20F2D2DE2E2E2E2E2E2E2E2E2E2E22DBEBEE2E2E2E2E2E2E2E2ECECE22D2D0F0FE2E20F0F2D2DE2E2E2E2E2E2E2E2E2E2E22D2DE2E2E2E2E2E2E2E2E2E2
310
E2E2BEBE0FE2E2BEBEE2E2E2E2E2E2E2E2E2E2E2E2BEE2E2E2E2E2E2E2E2E2E2E2E2E2E2E2E2E2E22D2DE2E2E2E2E2E2E2E2E2E2E2E2E2E2E2E2E2E2E2E2E2E2E2E2E2E2E2E2E2E2E2E2E2E2E2E2E2E2E2E2E2E2E2E2E2E2E2E2E2E2E2E2E2E2E2E2E2E2E2E2E2E2E2E2E2E2E2E22D2DE2E2E2E2E20FE20F2D2DE2E2E2E2E2
310
E2E2E2E2E2898989BEE2E2E2E2E2E2E22D2D2DE22D2D0F0FE2E2E20F2D2DE2E2E2E2E2E2E2E2E2E2E22D2DE2E2E2E2E2E2E2E2E2E2E2E2BEBE0FE2E2BEBEE2E2E2E2E2E2E2E2E2E2E2E2BE282828282828282828E2E2E2E2E2E2E2E2E22D2DE2E2E2E2E2E2E2E2E2E2E2E2E2E2E2E2E2E2E2E2E2E2E2E2E2E2E2E2E2E2E2E2
310
E2E2E2E2E2E2E2E2E2E2E2E2E2E2E2E2E2E2E2E2E2E2E2E2E2E2E2E2E2E2E2E2E2E2E2E22D2DE2E2E2E2E20FE20F2D2DE2E2E2E2E2E2E2E2E289E228BEBEE2E2E2E2E2E228282828282D2D0F0FE2E2E20F2D2DE2E2E2E2E2E2E2E2E2E2E22D2DE2E2E2E2E2E2E2E2E2E2E2E2BEBE0FE2E2BEBEE2E2E2E2E2E2E2E2E2E2E2E2
310
BEE2E2E2E2E2E2E2E2E2E2E2E2E2E2E2E2E2E22D2DE2E2E2E2E2E2E2E2E2E2E2E2E2E2E2E2E2E2E2E2E2E2E2E2E2E2E2E2E2E2E2E2E2E2E2E2E2E2E2E2E2E2E2E2E2E2E2E2E2E2E2E2E2E2E2E2E2E2E2E2E2E2E2E2E2E2E2E22D2DE2E2E2E2E20FE20F2D2DE2E2E2E2E2E2E2E289E2E2E2BEBEE2E2E2E2E2E2E22828ECE22D
310
2D0F0FE2E2E20F2D2DE2E2E2E2E2E2E2E2E2E2E22D2DE2E2E2E2E2E2E2E2E2E2E2E2BEBE0FE2E2BEBEE2E2E2E2E2E2E2E2E2E2E2E2BE2828282828282828282828282828E2E2E2E22D2DE2E2E2E2E2E2E2E2E2E2E2E2E2E2E2E2E2E2E2E2E2E2E2E2E2E2E2E2E2E2E2E2E2E2E2E2E2E2E2E2E2E2E2E2E2E2E2E2E2E2E2E2E2
310
E2E2E2E2E2E2E2E2E2E2E2E2E2E2E22D2DE2E2E2E2E20FE20F2D2DE2E2E2E2E2E2E2E28989898989BEBEBEBEBEBEBEBEBEBEBEBEBE2D0F0FE2E2E20F2D2DE2E2E2E2E2E2E2E2E2E2E22D2DE2E2E2E2E2E2E2E2E2E2E2E2BEBE0FE2E2BEBEE2E2E2E2E2E2E2E2E2E2E2E2BEE2E2E2E2E2E2E2E2E2E2E2E2E2E2E2E2E2E22D2D
310
E2E2E2E2E2E2E2E2E2E2E2E2E2E2E2E2E2E2E2E2E2E2E2E2E2E2E2E2E2E2E2E2E2E2E2E2E2E2E2E2E2E2E2E2E2E2E2E2E2E2E2E2E2E2E2E2E2E2E2E2E2E2E2E2E2E2E2E22D2DE2E2E2E2E20FE20F2D0F2D2D2D2D2D2DECECECECEC2D8989BE28BE892D2D2DBE2828BEBE2D0F0FE2E2E20F2D2DDCDCDCDC2D2D2DECECECEC2D
310
2D2D2D2D2D2D2D2D2D2DDCDCDC2D2D0FE2E2BEBEBEBEBEBEBEE2E2E22D2D2D2DBE2D2D2D2D2D2D2D2D2DDCDCDC2D2D0F0FE2E22D2DE2E2E2E2E2E2E2E2E2E2E2E2E2E2E2E2E2E2E2E2E2E2E2E2E2E2E2E2E2E2E2E2E2E2E2E2E2E2E2E2E2E2E2E2E2E2E2E2E2E2E2E2E2E2E2E2E2E2E2E2E2E2E2E2E2E2E2E22D2DE2E2E2E2
310
E20FE20F0F0F0F2D2D2D2D2DECECECECEC2D2D898989E2892D2D2DBEBEBEBEBE2D0F0FE2E20F0F2D2DDC28DCDC2D2D2DECECECECEC2D2D2D2D2D2D2D2D2D2D28DCDC2D2D0FE2E2BEBEBEBEBEBEBEE2E2E289898989892D2D2D2D2D2D2D2D2DBE28DC2D2DE20FE2E22D2DE2E2E2E2E2E2E2E2E2E2E2E2E2E2E2E2E2E2E2E2E2
310
E2E2E2E2E2E2E2E2E2E2E2E2E2E2E2E2E2E2E2E2E2E2E2E2E2E2E2E2E2E2E2E2E2E2E2E2E2E2E2E2E2E2E2E2E2E2E22D2DE2E2E2E2E20FE20FBE0FE2E2E2E2E22D2DE2E2E2E2E2E28989898989E2E228BEE2E2E22D2D0F0FE2E2E20FBEE2E2E2E2E2DCDCE2E2E2E2E2E2E2E2E2E2E2E228BEBEBEE2E2E22D2D0FE2E2E2E2E2
310
E2E2E2BEE2E2E228E2E2E289E2E2E2E2E2E2E2E2E2BEE2E2E22DE20FE2E22D2DE2E2E2E2E2E2E2E2E2E2E2E2E2E2E2E2E2E2E2E2E2E2E2E2E2E2E2E2E2E2E2E2E2E2E2E2E2E2E2E2E2E2E2E2E2E2E2E2E2E2E2E2E2E2E2E2E2E2E2E2E2E2E2E2E2E2E2E22D2DE2E2E2E2E20FE20FBE0FE2E2E2E2E2DCDCE2E2E2E2E2E2E2E2
310
E2E2E2E2E2E2BEBEBEE22D2D0F0FE2E2E20FBEE2E2E2E2E2DCDCE2E2E2E2E2E2E2E2E2E2E2E2E2BEBEBEBEBEE22D2D0FE2E2E2E2E2E2E2E2BEE2E2E22DE2E2E289E2E2E2E2E2E2E2E2E2BEBEBEE22DE20FE2E22D2DE2E2E2E2E2E2E2E2E2E2E2E2E2E2E2E2E2E2E2E2E2E2E2E2E2E2E2E2E2E2E2E2E2E2E2E2E2E2E2E2E2E2
310
E2E2E2E2E2E2E2E2E2E2E2E2E2E2E2E2E2E2E2E2E2E2E2E2E2E22D2DE2E2E2E2E20FE20FBE0F28282828E2DCDCE2E2E2E22828E2E2E2E2E2E2E2E2BEE2BEBE2D2D0F0FE2E2E20FBEE2E2E2E2E2DCDCE2E2E2E2E2E2E2E2E2E2E2E2E2BEBEBEE2BEE22D2D0FE2E2E2E2E2E2E2E2BEE2E2E22DE289898928282828E2E2E2E2E2
310
BEE2BEE22DE20FE2E22D2DE2E2E2E2E2E2E2E2E2E2E2E2E2E2E2E2E2E2E2E2E2E2E2E2E2E2E2E2E2E2E2E2E2E2E2E2E2E2E2E2E2E2E2E2E2E2E2E2E2E2E2E2E2E2E2E2E2E2E2E2E2E2E2E2E2E2E2E22D2DE2E2E2E2E20FE20FBE0FE22828E2E2DCDCE2E2E228282828E2E2E2E2E2E2E2BEBEBEBEBE2D0F0FE2E20F0FBEE2E2
310
E2E2E2DC2828E2E2E2E22828282828E2E2E2BEBEBEBEBEBEBE2D0FE2E2E2E2E2E2E2E2BEE2E2E2898989E2E22828282828E2E2E2E2BEBEBEBEBEE20FE2E22D2DE2E2E2E2E2E2E2E2E2E2E2E2E2E2E2E2E2E2E2E2E2E2E2E2E2E2E2E2E2E2E2E2E2E2E2E2E2E2E2E2E2E2E2E2E2E2E2E2E2E2E2E2E2E2E2E2E2E2E2E2E2E2E2
310
E2E2E2E2E22D2DE2E2E2E2E20F0F0FBE0FE2E2E2E2E2DCDCE2E2E22828282828E2E2E2E2E2E20F0F0F0F0F0F0F0F0FE20F0FBEE2E2E2E2E2DCDCE2E2E2E2E22828282828E2E2E2E2E20F0F0F0F0F2D0FE2E2E2E2E2E2E2E2BEE2E2E22D2DE2E2E2E2E2E2E2E2E2E2E20F0F0F0F0F0FE20FE2E22D2DE2E2E2E2E2E2E2E2E2E2
310
E2E2E2E2E2E2E2E2E2E2E2E2E2E2E2E2E2E2E2E2E2E2E2E2E2E2E2E2E2E2E2E2E2E2E2E2E2E2E2E2E2E2E2E2E2E2E2E2E2E2E2E2E2E2E2E2E2E22D2DE2E2E2E2E20F0F0FBE0FE2E2E2E2E2DCDCE2E2E2E2E2E2E2E2BEBEBEBEBEBEBEBEBEBE2D2D0F0F0FE20F0FBEE2E2E2E2E2DCDCE2E2E2E2E2E2E2E2BEBEBEBEBEBEBEBE
310
BEBEBE2D2D0FE2E2E2E2E2E2E2E2BEE2E2E22D2DE2E2E2E2BEBEBEBEBEBEBEBEBEBEBEBE2DE20FE2E22D2DE2E2E2E2E2E2E2E2E2E2E2E2E2E2E2E2E2E2E2E2E2E2E2E2E2E2E2E2E2E2E2E2E2E2E2E2E2E2E2E2E2E2E2E2E2E2E2E2E2E2E2E2E2E2E2E2E2E2E2E2E2E2E2E2E2E2E2E22D2DE2E2E2E2E20FE20FBE0FE2E2E2E2
310
E2DCDCE2E2E2E2E2E2E2E2BEBEBEBEBEBEBEBEBEE22D2D0F0FE2E2E20FBEE2E2E2E2E2DCDCE2E2E2E2E2E2E2E2BEBEBEBEBEBEBEBEBEBEE22D2D0FE2E2E2E2E2E2E2E2BEE2E2E22D2DE2E2E2E2BEBEBEBEBEBEBEBEBEBEBEE22DE20FE2E22D2DE2E2E2E2E2E2E2E2E2E2E2E2E2E2E2E2E2E2E2E2E2E2E2E2E2E2E2E2E2E2E2
310
E2E2E2E2E2E2E2E2E2E2E2E2E2E2E2E2E2E2E2E2E2E2E2E2E2E2E2E2E2E2E2E2E2E2E2E2E22D2DE2E2E2E2E20FE20FBE0FE2E2E2E2E2DCDCE2E2E2E2E2E2E2E2BEBEBEBEBEBEBEBEE2BE2D2D0F0FE2E2E20FBEE2E2E2E2E2DCDCE2E2E2E2E2E228E2BEBEBEBEBEBEBEBEBEBEBE2D2D0FE2E2E2E2E2E2E2E2BEE2E2E22D2DE2
310
E2E228BEBEBEBEBEBEBEBEBEBEBEBE2DE20FE2E22D2DE2E2E2E2E2E2E2E2E2E2E2E2E2E2E2E2E2E2E2E2E2E2E2E2E2E2E2E2E2E2E2E2E2E2E2E2E2E2E2E2E2E2E2E2E2E2E2E2E2E2E2E2E2E2E2E2E2E2E2E2E2E2E2E2E2E2E2E22D2DE2E2E2E2E20FE20F0F0FE20FE2E20F0F2DE2E2E2E2E2E2E2E2BEBEBEBEBEBEBEE2BEE2
310
2D2D0F0FE2E2E20FBEE2E20FE2E2DCDCE2E2E2E2E2E2E2E2BEBEBEBEBEBEBEBEE2BEE22D2D0FE2E2E2E2E2E2E2E2BEE2E2E22D2DE2E2E2E2BEBEBEBEBEBEBEBEBEE2BEE22DE20FE2E22D2DE2E2E2E2E2E2E2E2E2E2E2E2E2E2E2E2E2E2E2E2E2E2E2E2E2E2E2E2E2E2E2E2E2E2E2E2E2E2E2E2E2E2E2E2E2E2E2E2E2E2E2E2
310
E2E2E2E2E2E2E2E2E2E2E2E2E2E2E2E22D2DE2E2E2E2E20FE20F0F0F0F0F0F0F0F0F28E289898928E2E2892D2D2D2D2D2D2D2D2D2D2D2D0F0FE2E20F0FBE2D2D2D2D2D2D2DECEC2D89E228E289BEBEBEBEBEBEBE2D2D2D2D2D2D0FE2E2BEBEBEBEBEBEBEE2E2E22D2D8928E28989BEBEBEBEBEBEBE2D2D2D2D2D0F0FE2E22D
310
2DE2E2E2E2E2E2E2E2E2E2E2E2E2E2E2E2E2E2E2E2E2E2E2E2E2E2E2E2E2E2E2E2E2E2E2E2E2E2E2E2E2E2E2E2E2E2E2E2E2E2E2E2E2E2E2E2E2E2E2E2E2E2E2E2E2E2E2E22D2DE2E2E2E2E20FE20F2D0F2DBE2D2D2D2D89E2892D89E2E2E2892D2D2D2D2D2D2D2D2D2D2D2D0F0FE2E2E20F2D2D2DDC2D2D2D2DECEC2D89E2
310
E2E2892D2D2D2D2D2D2D2D2D2D2D2D2D0FE2E2BEBEBEBEBEBEBEE2E2E22D2D89E2E289892D2D2D2D2D2D2D2D2D2D2D2D0F0FE2E22D2DE2E2E2E2E2E2E2E2E2E2E2E2E2E2E2E2E2E2E2E2E2E2E2E2E2E2E2E2E2E2E2E2E2E2E2E2E2E2E2E2E2E2E2E2E2E2E2E2E2E2E2E2E2E2E2E2E2E2E2E2E2E2E2E2E2E2E2E22D2DE2E2E2
310
E2E20FE20F2D2DE2BEE2E2E2E28989892D89E2E28989E2E2E2E2E2E2E2E2E2E22D2D0F0FE2E2E20F2D2DE2DCE2E2E2E2E2E22D89E2E2E289E2E2E2E2E2E2E2E2E2E2E22D2D0FE2E2BEBEE2E2E2E2E2E2E2E22D2D89E2E289E2E2E2E2E2E2E2E2E2E2E2E22D0F0FE2E22D2DE2E2E2E2E2E2E2E2E2E2E2E2E2E2E2E2E2E2E2E2
310
E2E2E2E2E2E2E2E2E2E2E2E2E2E2E2E2E2E2E2E2E2E2E2E2E2E2E2E2E2E2E2E2E2E2E2E2E2E2E2E2E2E2E2E2E2E2E2E22D2DE2E2E2E2E20FE20F2D2DE2BEE2E2E2E2E289892D89E28989E2E2E2E2E2E2E2E2E2E2E22D2D0F0FE2E2E20F2D2DE2DCE2E2E2E2E2E22D89E2E289E2E2E2E2E2E2E2E2E2E2E2E22D2D0FE2E2BEBE
310
E2E2E2E2E2E2E2E22D2D89E28989E2E2E2E2E2E2E2E2E2E2E2E22D0F0FE2E22D2DE2E2E2E2E2E2E2E2E2E2E2E2E2E2E2E2E2E2E2E2E2E2E2E2E2E2E2E2E2E2E2E2E2E2E2E2E2E2E2E2E2E2E2E2E2E2E2E2E2E2E2E2E2E2E2E2E2E2E2E2E2E2E2E2E2E2E2E22D2DE2E2E2E2E20FE20F2D2DE2BEE2E2E2E2E2E2E22D898989E2
310
E2E2E2E2E2E2E2E2E2E2E22D2D0F0FE2E2E20F2D2DE2282828282828E22D898989E2E2E2E2E2E2E2E2E2E2E2E2E22D2D0FE2E2BEBEE2E2E2E2E2E2E2E22D2D898989E2E2E2E2E2E2E2E2E2E2E2E2E22DE20FE2E22D2DE2E2E2E2E2E2E2E2E2E2E2E2E2E2E2E2E2E2E2E2E2E2E2E2E2E2E2E2E2E2E2E2E2E2E2E2E2E2E2E2E2
310
E2E2E2E2E2E2E2E2E2E2E2E2E2E2E2E2E2E2E2E2E2E2E2E2E2E2E22D2DE2E2E2E2E20FE20F2D2DE2BEE2E2E2E2E2E2E22DE2E2E2E2E2E2E2E2E2E2E2E2E2E2E22D2D0F0FE2E2E20F2D2DE2DC28282828E2E22DECECECECECECECE2E2E2E2E2E2E2E2E22D2D0FE2E2BEBEE2282828E2E2E2E22D2DE2E2E2E2E2E2E2E2E2E2E2
310
E2E2E2E2E22DE20FE2E22D2DE2E2E2E2E2E2E2E2E2E2E2E2E2E2E2E2E2E2E2E2E2E2E2E2E2E2E2E2E2E2E2E2E2E2E2E2E2E2E2E2E2E2E2E2E2E2E2E2E2E2E2E2E2E2E2E2E2E2E2E2E2E2E2E2E2E2E2E22D2DE2E2E2E2E20FE20F2D2DE2BEE2282828E2E2E22DE2E2E2E2E22828282828E2E2E2E2E22D2D0F0FE2E20F0F2D2D
310
E2DCE2E2E2E2E2E22DECECECECECECEC282828282828E2E2E22D2D0FE2E2BEBEE2E2E2E2E2E2E2E22D2DE2E2E2E22828282828E2E2E2E2E2E2E22DE20FE2E22D2DE2E2E2E2E2E2E2E2E2E2E2E2E2E2E2E2E2E2E2E2E2E2E2E2E2E2E2E2E2E2E2E2E2E2E2E2E2E2E2E2E2E2E2E2E2E2E2E2E2E2E2E2E2E2E2E2E2E2E2E2E2E2
310
E2E2E2E2E2E22D2DE2E2E2E2E20FE20F2D2DE2BEE2E2E2E2E2E2E22DE2E2E2E2E228282828E2E2E2E2E2E22D2D0F0FE2E20F0F2D2DE2DCE2E2E2E2E2E22DECECECECECECECE228282828E2E2E2E22D2D0FE2E2BEBEE2E2E2E2E2E2E2E22D2DE2E2E2E2E2E22828E2E2E2E2E2E2E2E22DE20FE2E22D2DE2E2E2E2E2E2E2E2E2
310
E2E2E2E2E2E2E2E2E2E2E2E2E2E2E2E2E2E2E2E2E2E2E2E2E2E2E2E2E2E2E2E2E2E2E2E2E2E2E2E2E2E2E2E2E2E2E2E2E2E2E2E2E2E2E2E2E2E2E22D2DE2E2E2E2E20FE20F2D2DE2BEE2E2E2E2E2E2E22DE2E2E2E2E2E2E2E2E2E2E2E2E2E2E22D2D0F0FE2E20F0F2D2DE2DCE2E2E2E2E2E22D2DE2E2E2E22D2DE2E2E2E2E2
310
E2E2E2E22D2D0FE2E2BEBEE2E2E2E2E2E2E2E22D2DE2E2E2E2E2E2E2E2E2E2E2E2E2E2E2E22DE20FE2E22D2DE2E2E2E2E2E2E2E2E2E2E2E2E2E2E2E2E2E2E2E2E2E2E2E2E2E2E2E2E2E2E2E2E2E2E2E2E2E2E2E2E2E2E2E2E2E2E2E2E2E2E2E2E2E2E2E2E2E2E2E2E2E2E2E2E2E2E2E22D2DE2E2E2E2E20FE20F2D2DE2BEE2
310
E2E2E2E2E2E22DE2E2E2E2E2E2E2E2E2E2E2E2E2E2E22D2D0F0FE2E2E20F2D2DE2DCE2E2E2E2E2E22D2DE228E2E22D2DE2E2E2E2E2E2E2E2E22D2D0FE2E2BEBEE2E2E2E2E2E2E2E22D2DE2E2E2E2E2E2E2E2E2E2E2E2E2E2E2E22DE20FE2E22D2DE2E2E2E2E2E2E2E2E2E2E2E2E2E2E2E2E2E2E2E2E2E2E2E2E2E2E2E2E2E2
310
E2E2E2E2E2E2E2E2E2E2E2E2E2E2E2E2E2E2E2E2E2E2E2E2E2E2E2E2E2E2E2E2E2E2E2E2E2E22D2DE2E2E2E2E20FE20F2D2DE2BEE2E2E2E2E2E2E22DE2E2E2E2E2E2E2E2E2E2E2E2E2E2E22D2D0F0FE2E2E20F2D2DE2DCE2E2E2E2E2E22D2D2828E2898989E2E2E2E2E2E2E2E2E22D2D0FE2E2BEBEE9E9E9E2E2E2E2E22D2D
310
E2E2E2E2E2E2E2E2E2E2E2E2E2E2E2E22DE20FE2E22D2DE2E2E2E2E2E2E2E2E2E2E2E2E2E2E2E2E2E2E2E2E2E2E2E2E2E2E2E2E2E2E2E2E2E2E2E2E2E2E2E2E2E2E2E2E2E2E2E2E2E2E2E2E2E2E2E2E2E2E2E2E2E2E2E2E2E2E2E22D2DE2E2E2E2E20FE20F2D2DE2BEBEBEBEBE8989892DE2E2E2E2E2E2E2E2E2E2E2E2E2E2
310
E22D2D0F0FE2E2E20F2D2DE2DCDCDCDCDCDCDCDC2DE2E2898928E2E2E2E2E2E2E2E2E2E22D2D0FE2E228282828E9E2E2E2E2E22D2DE2E2E2E2E2E2E2E2E2E2E2E2E2E2E2E22DE20FE2E22D2DE2E2E2E2E2E2E2E2E2E2E2E2E2E2E2E2E2E2E2E2E2E2E2E2E2E2E2E2E2E2E2E2E2E2E2E2E2E2E2E2E2E2E2E2E2E2E2E2E2E2E2
310
E2E2E2E2E2E2E2E2E2E2E2E2E2E2E2E2E22D2DE2E2E2E2E20FE20F2D2DE2E2E2E2E2BE89E2892DE2E2E2E2E2E2E2E2E2E2E2E2E2E2E22D2D0F0FE2E2E20F2D2DE2E2E2E2E2E2E2E22D2DE2E289E2E2E2E2E2E2E2E2E2E2E2E22D2D0FE2E2282828E2E9E2E2E2E2E22D2DE2E2E2E2E2E2E2E2E2E2E2E2E2E2E2E22DE20FE2E2
310
2D2DE2E2E2E2E2E2E2E2E2E2E2E2E2E2E2E2E2E2E2E2E2E2E2E2E2E2E2E2E2E2E2E2E2E2E2E2E2E2E2E2E2E2E2E2E2E2E2E2E2E2E2E2E2E2E2E2E2E2E2E2E2E2E2E2E2E2E2E22D2DE2E2E2E2E20FE20F2D2DDCDCDCDCDC8928E2892DDCDCDCDCDCDCDCDC2D2D8928E2892D2D2D0F0FE2E2E20F2DDCDCDCDCDCDC2D2D2D2D2D
310
DCDC89898989DCDCDCDCDCDCDCDC2D2D2D0FE2E2BEE9E2E9E9E2E2E2E2E22D2D2D2D2D2D2D2D2DDCDCDCDCDCDCDC2D2D2DE20FE2E22D2DE2E2E2E2E2E2E2E2E2E2E2E2E2E2E2E2E2E2E2E2E2E2E2E2E2E2E2E2E2E2E2E2E2E2E2E2E2E2E2E2E2E2E2E2E2E2E2E2E2E2E2E2E2E2E2E2E2E2E2E2E2E2E2E2E2E2E2E22D2DE2E2
310
E2E2E20F0F0F0F2DDC28DCDCDC89BEBE8989DCDCDC28DCDCDCDC2D2D89E2E2892D2D0F0F0FE2E20F0F2DDCDC28DCDCDC2D2D2D2D2D28DC2D2D2D2DDCDCDC28DCDCDCDC2D2DDC0FE2E2BEBEBEBEBEBEBEBEBEBEBE2D2D2D2D2D2D2D2DDCDC2828DCDCDC2D2D2D0F0FE2E22D2DE2E2E2E2E2E2E2E2E2E2E2E2E2E2E2E2E2E2E2
310
E2E2E2E2E2E2E2E2E2E2E2E2E2E2E2E2E2E2E2E2E2E2E2E2E2E2E2E2E2E2E2E2E2E2E2E2E2E2E2E2E2E2E2E2E2E2E2E2E22D2DE2E2E2E2E20FE20FBEE2E2ECE2ECECECECE2E2E2E2E2E2ECECECECEC282889E28989E2E22D0F0FE2E2E20F0F0F0F0F0F0F0F0F0F0F0F0F0F0F0F0F0F0F0F0F0FDC0F0F0F0F0F0FDCE2E2E2E2
310
E2E2E2E2E2E2E2E2E20F0F0F0F0F0F0F0F0F0F0F0F0F0F0F0F0F0F0F0FE2E2E22D2DE2E2E2E2E2E2E2E2E2E2E2E2E2E2E2E2E2E2E2E2E2E2E2E2E2E2E2E2E2E2E2E2E2E2E2E2E2E2E2E2E2E2E2E2E2E2E2E2E2E2E2E2E2E2E2E2E2E2E2E2E2E2E2E2E2E2E2E22D2DE2E2E2E2E20FE20FBEE2EC28ECECE2E2E2E2E2E2E2E2E2
310
282828ECEC282889282828E2E22D0F0FE2E2E2E20FE2E2E2E2E2E2E2E2E2E2E2E2E2E20FE2E2E2E2E2DCE2E2E2E2E2E2DCE2E2E2E2E2E2E2E2E2E2E2E2E2E2E2E2E2E2E2E2E2E2E2E2E2E2E2E2E2E2E2E2E2E2E2E22D2DE2E2E2E2E2E2E2E2E2E2E2E2E2E2E2E2E2E2E2E2E2E2E2E2E2E2E2E2E2E2E2E2E2E2E2E2E2E2E2E2
310
E2E2E2E2E2E2E2E2E2E2E2E2E2E2E2E2E2E2E2E2E2E2E2E2E2E2E2E22D2DE2E2E2E2E20F0F0FBEE2ECE2E2ECE2E2E2E2E2E2E2E2E2282828E2ECE2DCE2E22828E2E22D0F0FE2E2E2E2E2E2E2E2E2E2E2E2E2E2E2E2E2E2E2E2E2E2E2E2E2DCE2E2E2E2E2E2DCE2E2E2E2E2E2E2E2E2E2E2E2E2E2E2E2E2E2E2E2E2E2E2E2E2
310
E2E2E2E2E2E2E2E2E2E2E22D2DE2E2E2E2E2E2E2E2E2E2E2E2E2E2E2E2E2E2E2E2E2E2E2E2E2E2E2E2E2E2E2E2E2E2E2E2E2E2E2E2E2E2E2E2E2E2E2E2E2E2E2E2E2E2E2E2E2E2E2E2E2E2E2E2E2E2E2E22D2DE2E2E2E2E20F0F0FBEE2ECECECECE2E2E2E2E2E2E2E2E2ECECECECECE2DCE2E2E2E2E2E228280FE2E2E2E2E2
310
E2E2E2E2E2E2E2E2E2E2E2E2E2E2E2E2E2E2E2E2DCE2E2E2E2E2E2DCE2E2E2E2E2E2E2E2E2E2E2E2E2E2E2E2E2E2E2E2E2E2E2E2E2E2E2E2E2E2E2E2E2E2E2E22D2DE2E2E2E2E2E2E2E2E2E2E2E2E2E2E2E2E2E2E2E2E2E2E2E2E2E2E2E2E2E2E2E2E2E2E2E2E2E2E2E2E2E2E2E2E2E2E2E2E2E2E2E2E2E2E2E2E2E2E2E2E2
310
E2E2E2E2E2E2E22D2DE2E2E2E2E20FE20FBEE2E2E2E2E228282828282828282828E2E2E2E2ECECECECECECECECEC0F0FE2E2E2E2E2E2E2E2E2E2E2E2E2E2E2E2E2E2E2E2E2E2E2E2E2DCE2E2E2E2E2E2DCE2E2E2E2E2E2E2E2E2E2E2E2E2E2E2E2E2E2E2E2E2E2E2E2E2E2E2E2E2E2E2E2E2E2E2E22D2DE2E2E2E2E2E2E2E2
310
E2E2E2E2E2E2E2E2E2E2E2E2E2E2E2E2E2E2E2E2E2E2E2E2E2E2E2E2E2E2E2E2E2E2E2E2E2E2E2E2E2E2E2E2E2E2E2E2E2E2E2E2E2E2E2E2E2E2E2E22D2DE2E2E2E2E20F0F0F0FBEBEBEBEBEBEBEBEBEBEBEBEBEBEBEBEBEBEBEBE0F2D2D2D2D2D2D0F0F0F0FE2E2E2E2E2E2E2E2E2E2E2E2E2E2E2E2E2E2E2E2E2E2E2E2DC
310
E2E2E2E2E2E2DCE2E2E2E2E2E2E2E2E2E2E2E2E2E2E2E2E2E2E2E2E2E2E2E2E2E2E2E2E2E2E2E2E2E2E2E22D2DE2E2E2E2E2E2E2E2E2E2E2E2E2E2E2E2E2E2E2E2E2E2E2E2E2E2E2E2E2E2E2E2E2E2E2E2E2E2E2E2E2E2E2E2E2E2E2E2E2E2E2E2E2E2E2E2E2E2E2E2E2E2E2E2E2E2E2E22D2DE2E2E2E2E2E2E2E20F0F0F0F
310
0F0F0F0F0F0F0F0F0F0F0F0F0F0F0F0F0F0F0F0F0F0F0F0F0FE2E2E2E2E2E2E2E2E2E2E2E2E2E2E2E2E2E2E2E2E2E2E2E2E2E2E2DCDCDCDCDCDCDCDCE2E2E2E2E2E2E2E2E2E2E2E2E2E2E2E2E2E2E2E2E2E2E2E2E2E2E2E2E2E2E2E2E2E2E2E22D2DE2E2E2E2E2E2E2E2E2E2E2E2E2E2E2E2E2E2E2E2E2E2E2E2E2E2E2E2E2
310
E2E2E2E2E2E2E2E2E2E2E2E2E2E2E2E2E2E2E2E2E2E2E2E2E2E2E2E2E2E2E2E2E2E2E2E2E2E2E22D2DE2E2E2E2E2E2E2E20F0F0F0F0F0F0F0F0F0F0F0F0F0F0F0F0F0F0F0F0F0F0F0F0F0F0F0F0FE2E2E2E2E2E2E2E2E2E2E2E2E2E2E2E2E2E2E2E2E2E2E2E2E2E2E2E2E2E2E2E2E2E2E2E2E2E2E2E2E2E2E2E2E2E2E2E2E2
310
E2E2E2E2E2E2E2E2E2E2E2E2E2E2E2E2E2E2E2E2E2E22D2DE2E2E2E2E2E2E2E2E2E2E2E2E2E2E2E2E2E2E2E2E2E2E2E2E2E2E2E2E2E2E2E2E2E2E2E2E2E2E2E2E2E2E2E2E2E2E2E2E2E2E2E2E2E2E2E2E2E2E2E2E2E2E2E2E2E2E2E22D2DE2E2E2E2E2E2E2E2E2E2E2E2E2E2E2E2E2E2E2E2E2E2E2E2E2E2E2E2E2E2E2E2E2
310
E2E2E2E2E2E2E2E2E2E2E2E2E2E2E2E2E2E2E2E2E2E2E2E2E2E2E2E2E2E2E2E2E2E2E2E2E2E2E2E2E2E2E2E2E2E2E2E2E2E2E2E2E2E2E2E2E2E2E2E2E2E2E2E2E2E2E2E2E2E2E2E2E2E2E22D2DE2E2E2E2E2E2E2E2E2E2E2E2E2E2E2E2E2E2E2E2E2E2E2E2E2E2E2E2E2E2E2E2E2E2E2E2E2E2E2E2E2E2E2E2E2E2E2E2E2E2
310
E2E2E2E2E2E2E2E2E2E2E2E2E2E2E2E2E2E22D2DE2E2E2E2E2E2E2E2E2E2E2E2E2E2E2E2E2E2E2E2E2E2E2E2E2E2E2E2E2E2E2E2E2E2E2E2E2E2E2E2E2E2E2E2E2E2E2E2E2E2E2E2E2E2E2E2E2E2E2E2E2E2E2E2E2E2E2E2E2E2E2E2E2E2E2E2E2E2E2E2E2E2E2E2E2E2E2E2E2E2E2E2E2E2E2E2E2E2E2E2E2E2E2E2E2E2E2
310
E22D2DE2E2E2E2E2E2E2E2E2E2E2E2E2E2E2E2E2E2E2E2E2E2E2E2E2E2E2E2E2E2E2E2E2E2E2E2E2E2E2E2E2E2E2E2E2E2E2E2E2E2E2E2E2E2E2E2E2E2E2E2E2E2E2E2E2E2E2E22D2DE2E2E2E2E2E2E2E2E2E2E2E2E2E2E2E2E2E2E2E2E2E2E2E2E2E2E2E2E2E2E2E2E2E2E2E2E2E2E2E2E2E2E2E2E2E2E2E2E2E2E2E2E2E2
310
E2E2E2E2E2E2E2E2E2E2E2E2E2E2E2E2E2E2E2E2E2E2E2E2E2E2E2E2E2E2E2E2E2E2E2E2E2E2E2E2E2E2E2E2E2E2E2E2E2E2E2E2E2E22D2DE2E2E2E2E2E2E2E2E2E2E2E2E2E2E2E2E2E2E2E2E2E2E2E2E2E2E2E2E2E2E2E2E2E2E2E2E2E2E2E2E2E2E2E2E2E2E2E2E2E2E2E2E2E2E2E2E2E2E2E2E2E2E2E2E2E2E2E22D2DE2
310
E2E2E2E2E2E2E2E2E2E2E2E2E2E2E2E2E2E2E2E2E2E2E2E2E2E2E2E2E2E2E2E2E2E2E2E2E2E2E2E2E2E2E2E2E2E2E2E2E2E2E2E2E2E2E2E2E2E2E2E2E2E2E2E2E2E2E2E2E2E2E2E2E2E2E2E2E2E2E2E2E2E2E2E2E2E2E2E2E2E2E2E2E2E2E2E2E2E2E2E2E2E2E2E2E2E2E22D2DE2E2E2E2E2E2E2E2E2E2E2E2E2E2E2E2E2E2
310
E2E2E2E2E2E2E2E2E2E2E2E2E2E2E2E2E2E2E2E2E2E2E2E2E2E2E2E2E2E2E2E2E2E2E2E2E2E2E2E2E2E2E2E2E2E2E2E2E2E22D2D2D2D2D2D2D2D2D2D2D2D2D2D2D2D2D2D2D2D2D2D2D2D2D2D2D2D2D2D2D2D2D2D2D2D2D2D2D2D2D2D2D2D2D2D2D2D2D2D2D2D2D2D2D2D2D2D2D2D2D2D2D2D2D2D2D2D2D2D2D2D2D2D2D2D2D
310
2D2D2D2D2D2D2D2D2D2D2D2D2D2D2D2D2D2D2D2D2D2D2D2D2D2D2D2D2D2D2D2D2D2D2DE2E2E2E2E2E2E2E2E2E2E2E2E2E2E2E2E2E2E2E2E2E2E2E2E2E2E2E2E2E2E2E2E2E2E2E2E2E2E2E2E2E2E2E2E2E2E2E2E2E2E2E2E2E2E2E2E2E2E2E2E2E2E2E2E2E2E2E22D2D2D2D2D2D2D2D2D2D2D2D2D2D2D2D2D2D2D2D2D2D2D2D
310
2D2D2D2D2D2D2D2D2D2D2D2D2D2D2D2D2D2D2D2D2D2D2D2D2D2D2D2D2D2D2D2D2D2D2D2D2D2D2D2D2D2D2D2D2D2D2D2D2D2D2D2D2D2D2D2D2D2D2D2D2D2D2D2D2D2D2D2D2D2D2D2D2D2D2D2D2D2D2D2D2D2D2D2D2D2D2D2DE2E2E2E2E2E2E2E2E2E2E2E2E2E2E2E2E2E2E2E2E2E2E2E2E2E2E2E2E2E2E2E2E2E2E2E2E2E2E2
310
E2E2E2E2E2E2E2E2E2E2E2E2E2E2E2E2E2E2E2E2E2E2E2E2E2E2E2E2E2E2E2E2E2E2E2E2E2E2E2E2E2E2E2E2E2E2E2E2E2E2E2E2E2E2E2E2E2E2E2E2E2E2E2E2E2E2E2E2E2E2E2E2E2E2E2E2E2E2E2E2E2E2E2E2E2E2E2E2E2E2E2E2E2E2E2E2E2E2E2E2E2E2E2E2E2E2E2E2E2E2E2E2E2E2E2E2E2E2E2E2E2E2E2E2E2E2E2
310
E2E2E2E2E2E2E2E2E2E2E2E2E2E2E2E2E2E2E2E2E2E2E2E2E2E2E2E2E2E2E2E2E2E2E2E2E2E2E2E2E2E2E2E2E2E2E2E2E2E2E2E2E2E2E2E2E2E2E2E2E2E2E2E2E2E2E2E2E2E2E2E2E2E2E2E2E2E2E2E2E2E2E2E2E2E2E2E2E2E2E2E2E2E2E2E2E2E2E2E2E2E2E2E2E2E2E2E2E2E2E2E2E2E2E2E2E2E2E2E2E2E2E2E2E2E2E2
310
E2E2E2E2E2E2E2E2E2E2E2E2E2E2E2E2E2E2E2E2E2E2E2E2E2E2E2E2E2E2E2E2E2E2E2E2E2E2E2E2E2E2E2E2E2E2E2E2E2E2E2E2E2E2E2E2E2E2E2E2E2E2E2E2E2E2E2E2E2E2E2E2E2E2E2E2E2E2E2E2E2E2E2E2E2E2E2E2E2E2E2E2E2E2E2E2E2E2E2E2E2E2E2E2E2E2E2E2E2E2E2E2E2E2E2E2E2E2E2E2E2E2E2E2E2E2E2
310
E2E2E2E2E2E2E2E2E2E2E2E2E2E2E2E2E2E2E2E2E2E2E2E2E2E2E2E2E2E2E2E2E2E2E2E2E2E2E2E2E2E2E2E2E2E2E2E2E2E2E2E2E2E2E2E2E2E2E2E2E2E2E2E2E2E2E2E2E2E2E2E2E2E2E2E2E2E2E2E2E2E2E2E2E2E2E2E2E2E2E2E2E2E2E2E2E2E2E2E2E2E2E2E2E2E2E2E2E2E2E2E2E2E2E2E2E2E2E2E2E2E2E2E2E2E2E2
310
E2E2E2E2E2E2E2E2E2
  0
ENDSEC
  0
EOF
